{"type":"FeatureCollection","features":[{"type":"Feature","geometry":{"type":"Polygon","coordinates":[[[9.0157,10.253063],[9.016171,10.252547],[9.016343,10.25229],[9.016462,10.25194],[9.016568,10.251221],[9.016618,10.250101],[9.016635,10.249624],[9.016597,10.248913],[9.016262,10.247033],[9.016268,10.246322],[9.021192,10.241197],[9.021515,10.240859],[9.022839,10.241143],[9.024998,10.241274],[9.024998,10.241666],[9.024166,10.241667],[9.024165,10.242499],[9.022499,10.2425],[9.022498,10.243333],[9.021666,10.243334],[9.021666,10.246666],[9.023332,10.246667],[9.023332,10.248487],[9.020809,10.251955],[9.020595,10.252624],[9.020006,10.252466],[9.019828,10.253051],[9.019774,10.253035],[9.019523,10.253546],[9.019395,10.253628],[9.019297,10.253796],[9.018889,10.253438],[9.018713,10.253437],[9.018417,10.253315],[9.017828,10.253195],[9.017665,10.253339],[9.017168,10.252874],[9.016465,10.253843],[9.016239,10.253643],[9.0157,10.253063]]]},"properties":{"Name":"Al Huda Health Clinic","Site Location":[9.01695,10.25083],"Admin 0":["Nigeria"],"Admin 1":["Bauchi"],"Admin 2":["Toro"],"Admin 3":["Wonu North"],"Total population - WorldPop (2026)":1526,"Total population - WorldPop UN (2026)":1657,"Total population - Kontur (2023-10-31)":2055,"Total population - Meta (2023-04-21)":1439,"Total women - Meta (2023-04-21)":720,"Total men - Meta (2023-04-21)":720,"Children under 5 - Meta (2023-04-21)":206,"People 15 to 24 - Meta (2023-04-21)":206,"Women 15 to 49 - Meta (2023-04-21)":411,"People 60 and older - Meta (2023-04-21)":0,"OpenStreetMap Buildings (2026-02-20)":639,"Google Buildings 60+% Confidence (2023-05)":792,"Google Buildings 70+% Confidence (2023-05)":670,"Google Buildings 80+% Confidence (2023-05)":369,"Average Building Footprint (m²) (2023-05)":"70.85","Overture Buildings (2026-02-20)":699,"location_id":"4b03143d-132a-44fd-8737-e3c7f91f44a5","facility_level_text":"Primary Health Clinic","ownership_code":"private","organization_id":"org-4b03143d-132a-44fd-8737-e3c7f91f44a5","nhfr_code":"05/18/1/1/2/0002","ownership_text":"For Profit","grid3_globalid":"4b03143d-132a-44fd-8737-e3c7f91f44a5","facility_level_code":"primary","status":"active","country":"Nigeria","state":"Bauchi","nhfr_uid":"19485210","lga":"Toro","lga_location_id":"nga-ba-5018"},"id":1},{"type":"Feature","geometry":{"type":"Polygon","coordinates":[[[8.954999,10.028664],[8.955145,10.028678],[8.955198,10.028334],[8.957677,10.028333],[8.957739,10.02785],[8.957826,10.027469],[8.957997,10.026175],[8.957429,10.026101],[8.9573,10.027088],[8.956689,10.026961],[8.956786,10.026012],[8.956931,10.026012],[8.957428,10.0261],[8.957467,10.025855],[8.958023,10.025953],[8.958144,10.025388],[8.95893,10.02553],[8.958932,10.025529],[8.959101,10.024167],[8.959166,10.024166],[8.959166,10.0075],[8.963332,10.007499],[8.963333,10.003768],[8.963708,10.003334],[8.967498,10.003334],[8.967499,10.007499],[8.975832,10.0075],[8.975833,10.011666],[8.979998,10.011667],[8.979998,10.015833],[8.975833,10.015834],[8.975833,10.019999],[8.979998,10.02],[8.979999,10.022499],[8.976666,10.022499],[8.976665,10.021667],[8.975833,10.021667],[8.975832,10.032499],[8.971776,10.032499],[8.971554,10.032376],[8.969988,10.031099],[8.969588,10.031638],[8.971665,10.032791],[8.971665,10.043333],[8.970833,10.043333],[8.970832,10.0425],[8.965834,10.0425],[8.965832,10.043333],[8.964999,10.043333],[8.964998,10.0425],[8.964166,10.042499],[8.964165,10.041667],[8.963333,10.041666],[8.963332,10.040834],[8.961666,10.040833],[8.961666,10.04],[8.964166,10.039999],[8.964165,10.0375],[8.962499,10.037499],[8.962498,10.036667],[8.961713,10.036667],[8.961314,10.037764],[8.961694,10.038461],[8.961259,10.038668],[8.961141,10.04013],[8.960798,10.040832],[8.960799,10.040834],[8.960833,10.040834],[8.960832,10.041666],[8.960575,10.041667],[8.960606,10.041933],[8.961216,10.042815],[8.961297,10.04381],[8.959999,10.043741],[8.959998,10.044999],[8.959166,10.044999],[8.959165,10.036667],[8.957499,10.036666],[8.957499,10.035834],[8.958115,10.035834],[8.958116,10.035832],[8.956221,10.035541],[8.95622,10.031341],[8.954999,10.030426],[8.954999,10.028664]]]},"properties":{"Name":"Al Ummah Health Clinic and Maternity","Site Location":[8.95951,10.02473],"Admin 0":["Nigeria"],"Admin 1":["Bauchi"],"Admin 2":["Toro"],"Admin 3":["Tilde"],"Total population - WorldPop (2026)":7143,"Total population - WorldPop UN (2026)":7487,"Total population - Kontur (2023-10-31)":8866,"Total population - Meta (2023-04-21)":7868,"Total women - Meta (2023-04-21)":3934,"Total men - Meta (2023-04-21)":3934,"Children under 5 - Meta (2023-04-21)":1162,"People 15 to 24 - Meta (2023-04-21)":1162,"Women 15 to 49 - Meta (2023-04-21)":2088,"People 60 and older - Meta (2023-04-21)":0,"OpenStreetMap Buildings (2026-02-20)":2044,"Google Buildings 60+% Confidence (2023-05)":2671,"Google Buildings 70+% Confidence (2023-05)":2300,"Google Buildings 80+% Confidence (2023-05)":1424,"Average Building Footprint (m²) (2023-05)":"79.10","Overture Buildings (2026-02-20)":2368,"location_id":"53ee2f72-dba3-41f5-862e-634909a29dfb","facility_level_text":"Primary Health Clinic","ownership_code":"private","grid3_globalid":"53ee2f72-dba3-41f5-862e-634909a29dfb","lga_location_id":"nga-ba-5018","ownership_text":"For Profit","nhfr_uid":"77255619","nhfr_code":"05/18/1/1/2/0004","country":"Nigeria","state":"Bauchi","lga":"Toro","facility_level_code":"primary","status":"active","organization_id":"org-53ee2f72-dba3-41f5-862e-634909a29dfb"},"id":2},{"type":"Feature","geometry":{"type":"Polygon","coordinates":[[[9.365515,10.099643],[9.365833,10.096614],[9.367225,10.094519],[9.368722,10.093045],[9.370933,10.093114],[9.372787,10.092833],[9.373357,10.090095],[9.372788,10.087218],[9.37293,10.085533],[9.373294,10.085021],[9.374051,10.084677],[9.37505,10.084249],[9.375507,10.083663],[9.375949,10.082536],[9.376421,10.081793],[9.376749,10.081394],[9.377376,10.081222],[9.377719,10.080738],[9.377391,10.080094],[9.374351,10.077597],[9.37246,10.076734],[9.378019,10.07679],[9.378464,10.07711],[9.384578,10.087985],[9.385125,10.090371],[9.381177,10.094283],[9.384816,10.102568],[9.389472,10.116805],[9.394962,10.122878],[9.398876,10.129614],[9.413555,10.140364],[9.421893,10.146693],[9.42491,10.149691],[9.42762,10.150392],[9.430044,10.149901],[9.432254,10.148218],[9.434394,10.146954],[9.437503,10.147739],[9.43971,10.149266],[9.439771,10.149307],[9.440739,10.148146],[9.440312,10.14527],[9.443164,10.143515],[9.445659,10.14155],[9.447727,10.140286],[9.448013,10.137828],[9.449511,10.135863],[9.451507,10.134038],[9.452806,10.132115],[9.454145,10.130951],[9.45657,10.131372],[9.459279,10.131863],[9.462559,10.132214],[9.465054,10.132494],[9.467403,10.130759],[9.470046,10.129616],[9.470938,10.128147],[9.471757,10.125827],[9.473896,10.125055],[9.475678,10.124493],[9.477248,10.12358],[9.478603,10.12393],[9.481953,10.123018],[9.484734,10.120983],[9.48723,10.119299],[9.504004,10.118072],[9.505804,10.117511],[9.50814,10.115965],[9.512204,10.115194],[9.512562,10.115093],[9.513052,10.115003],[9.513332,10.114909],[9.513332,10.115833],[9.511666,10.115834],[9.511665,10.117499],[9.507499,10.1175],[9.507498,10.118333],[9.506666,10.118334],[9.506666,10.118544],[9.508412,10.118545],[9.508412,10.123333],[9.507499,10.123333],[9.507498,10.1225],[9.506666,10.1225],[9.506665,10.123333],[9.504999,10.123334],[9.504998,10.124099],[9.503398,10.123769],[9.501666,10.123493],[9.501665,10.124166],[9.500833,10.124167],[9.500833,10.128333],[9.504998,10.128334],[9.504998,10.132499],[9.500833,10.132499],[9.500832,10.130834],[9.498334,10.130834],[9.498332,10.132499],[9.496666,10.1325],[9.496665,10.144999],[9.488333,10.145],[9.488333,10.149166],[9.492498,10.149167],[9.492498,10.153333],[9.488333,10.153334],[9.488333,10.157499],[9.492498,10.1575],[9.492499,10.164166],[9.494165,10.164167],[9.494165,10.167499],[9.492499,10.1675],[9.492498,10.174166],[9.489166,10.174167],[9.489165,10.175833],[9.488333,10.175834],[9.488332,10.178333],[9.484166,10.178334],[9.484165,10.182499],[9.475833,10.1825],[9.475832,10.183333],[9.474166,10.183334],[9.474166,10.184166],[9.475832,10.184167],[9.475832,10.186004],[9.47531,10.186517],[9.475042,10.186559],[9.47471,10.186544],[9.474553,10.186667],[9.473333,10.186667],[9.473332,10.187244],[9.47243,10.187911],[9.472264,10.186667],[9.472263,10.186182],[9.471674,10.186966],[9.471666,10.186986],[9.471665,10.186667],[9.468333,10.186667],[9.468332,10.189166],[9.465833,10.189166],[9.465832,10.188334],[9.464999,10.188334],[9.464998,10.190833],[9.463333,10.190834],[9.463332,10.193333],[9.462499,10.193334],[9.462498,10.194999],[9.461666,10.195],[9.461665,10.195833],[9.459999,10.195834],[9.459998,10.196666],[9.459166,10.196667],[9.459165,10.199166],[9.455833,10.199166],[9.455832,10.1975],[9.452499,10.1975],[9.452498,10.199166],[9.450833,10.199167],[9.450832,10.206585],[9.450346,10.206654],[9.449741,10.206794],[9.449135,10.20711],[9.448564,10.207356],[9.447637,10.207426],[9.44564,10.207426],[9.444465,10.207531],[9.443502,10.207636],[9.441897,10.207671],[9.440364,10.207636],[9.439366,10.207496],[9.438474,10.207286],[9.437832,10.207391],[9.437048,10.207602],[9.436085,10.207918],[9.434873,10.207988],[9.433804,10.208023],[9.432413,10.208058],[9.431144,10.208258],[9.429999,10.208645],[9.429998,10.2075],[9.428333,10.207499],[9.428332,10.205],[9.424166,10.204999],[9.424166,10.203334],[9.425832,10.203333],[9.425832,10.199494],[9.424412,10.200846],[9.424091,10.200878],[9.423333,10.201395],[9.423332,10.202499],[9.421666,10.202499],[9.421665,10.199167],[9.419999,10.199167],[9.419998,10.200352],[9.419531,10.200011],[9.419253,10.199713],[9.418919,10.199378],[9.418529,10.199157],[9.418463,10.199098],[9.418313,10.199008],[9.417461,10.198418],[9.417155,10.198401],[9.417064,10.198338],[9.416476,10.197438],[9.41613,10.196981],[9.415514,10.196148],[9.414838,10.194785],[9.414999,10.194319],[9.415178,10.193627],[9.416462,10.192064],[9.417034,10.190598],[9.417323,10.189215],[9.414166,10.189215],[9.414165,10.190833],[9.409166,10.190833],[9.409165,10.185834],[9.408333,10.185834],[9.408332,10.186116],[9.406277,10.186116],[9.406259,10.187193],[9.405558,10.188333],[9.404166,10.188333],[9.404165,10.1875],[9.403333,10.187499],[9.403332,10.183334],[9.402499,10.183333],[9.402499,10.18],[9.404998,10.179999],[9.404998,10.178334],[9.398333,10.178333],[9.398332,10.175834],[9.397499,10.175833],[9.397498,10.174167],[9.396666,10.174166],[9.396665,10.17],[9.392499,10.169999],[9.392499,10.169167],[9.394165,10.169166],[9.394165,10.166885],[9.393493,10.16697],[9.392634,10.166707],[9.392189,10.166786],[9.391449,10.167218],[9.391046,10.16696],[9.390305,10.166791],[9.389357,10.166927],[9.388424,10.166902],[9.386187,10.168342],[9.386261,10.1664],[9.386583,10.16527],[9.388063,10.163701],[9.387838,10.162497],[9.386755,10.160729],[9.386347,10.160311],[9.386272,10.159515],[9.386588,10.158501],[9.386287,10.158294],[9.385628,10.157139],[9.384898,10.157861],[9.382499,10.158974],[9.382498,10.159166],[9.382149,10.159166],[9.384364,10.156802],[9.38481,10.156328],[9.393251,10.144497],[9.385582,10.137696],[9.385122,10.13446],[9.382057,10.13439],[9.379692,10.133988],[9.377309,10.132487],[9.377208,10.132425],[9.374499,10.134179],[9.373286,10.133266],[9.372146,10.131232],[9.371432,10.129056],[9.370078,10.127651],[9.370576,10.125055],[9.370506,10.122738],[9.371218,10.120492],[9.372288,10.118456],[9.373785,10.118596],[9.3735,10.117193],[9.372431,10.116911],[9.37129,10.116139],[9.371647,10.114524],[9.372929,10.111787],[9.372644,10.110242],[9.371789,10.107576],[9.371148,10.105961],[9.372502,10.104416],[9.37407,10.101046],[9.374221,10.099703],[9.373714,10.097959],[9.37083,10.099003],[9.369364,10.09852],[9.368152,10.099222],[9.366868,10.100134],[9.365515,10.099643]]]},"properties":{"Name":"Amana Health Clinic","Site Location":[9.433270969,10.15212597],"Admin 0":["Nigeria"],"Admin 1":["Bauchi"],"Admin 2":["Toro"],"Admin 3":["Jama'a #1"],"Total population - WorldPop (2026)":7217,"Total population - WorldPop UN (2026)":6340,"Total population - Kontur (2023-10-31)":3704,"Total population - Meta (2023-04-21)":3571,"Total women - Meta (2023-04-21)":1785,"Total men - Meta (2023-04-21)":1785,"Children under 5 - Meta (2023-04-21)":530,"People 15 to 24 - Meta (2023-04-21)":530,"Women 15 to 49 - Meta (2023-04-21)":1014,"People 60 and older - Meta (2023-04-21)":0,"OpenStreetMap Buildings (2026-02-20)":2144,"Google Buildings 60+% Confidence (2023-05)":1971,"Google Buildings 70+% Confidence (2023-05)":1634,"Google Buildings 80+% Confidence (2023-05)":683,"Average Building Footprint (m²) (2023-05)":"37.76","Overture Buildings (2026-02-20)":2447,"ownership_text":"For Profit","status":"active","country":"Nigeria","nhfr_uid":"75099900","grid3_globalid":"62d44fa6-6452-4810-bb9f-f41ff201d50d","lga":"Toro","lga_location_id":"nga-ba-5018","organization_id":"org-62d44fa6-6452-4810-bb9f-f41ff201d50d","nhfr_code":"05/18/1/1/2/0115","state":"Bauchi","facility_level_code":"primary","location_id":"62d44fa6-6452-4810-bb9f-f41ff201d50d","facility_level_text":"Primary Health Clinic","ownership_code":"private"},"id":3},{"type":"Feature","geometry":{"type":"Polygon","coordinates":[[[9.225833,10.057499],[9.225833,10.048276],[9.229707,10.048246],[9.240946,10.040834],[9.242498,10.040834],[9.242499,10.044999],[9.246665,10.045],[9.246666,10.053333],[9.249165,10.053333],[9.249166,10.050834],[9.250832,10.050834],[9.250833,10.057499],[9.258332,10.0575],[9.258333,10.058333],[9.259165,10.058334],[9.259165,10.059166],[9.258333,10.059167],[9.258332,10.06],[9.256666,10.059999],[9.256665,10.059167],[9.255833,10.059167],[9.255833,10.061666],[9.259165,10.061667],[9.259166,10.064999],[9.260832,10.065],[9.260833,10.065833],[9.263332,10.065834],[9.263333,10.069999],[9.270832,10.07],[9.270833,10.069167],[9.271013,10.069167],[9.271339,10.069357],[9.27121,10.070523],[9.270385,10.072124],[9.270208,10.07336],[9.270282,10.073903],[9.270334,10.074166],[9.271665,10.074167],[9.271666,10.078333],[9.275832,10.078334],[9.275833,10.082499],[9.279998,10.0825],[9.279998,10.083333],[9.279166,10.083334],[9.279166,10.085833],[9.279998,10.085834],[9.279999,10.094166],[9.279166,10.094166],[9.279165,10.093334],[9.278333,10.093333],[9.278332,10.0925],[9.277499,10.0925],[9.277498,10.093333],[9.276666,10.093334],[9.276665,10.095833],[9.275833,10.095834],[9.275832,10.100833],[9.274999,10.100834],[9.274998,10.103333],[9.271666,10.103334],[9.271665,10.111666],[9.269166,10.111668],[9.269166,10.113333],[9.270832,10.113334],[9.270832,10.115833],[9.266666,10.115833],[9.266665,10.114167],[9.265833,10.114166],[9.265832,10.113334],[9.264999,10.113334],[9.264998,10.114166],[9.264166,10.114167],[9.264165,10.116563],[9.261666,10.115629],[9.261665,10.113334],[9.259999,10.113333],[9.259998,10.111667],[9.259166,10.111667],[9.259165,10.114999],[9.258333,10.115],[9.258332,10.115833],[9.255833,10.115833],[9.255832,10.115],[9.253333,10.114999],[9.253332,10.114167],[9.252499,10.114166],[9.252498,10.113334],[9.249999,10.113333],[9.249999,10.1125],[9.251665,10.112499],[9.251665,10.109167],[9.250833,10.109166],[9.250832,10.108334],[9.249166,10.108333],[9.249165,10.1075],[9.246666,10.107499],[9.246665,10.106667],[9.245833,10.106666],[9.245832,10.105834],[9.243333,10.105833],[9.243332,10.105],[9.243223,10.104999],[9.242993,10.104256],[9.242946,10.102731],[9.243157,10.101667],[9.242499,10.101666],[9.242499,10.100834],[9.245832,10.100833],[9.245832,10.099167],[9.242499,10.099166],[9.242499,10.095001],[9.242382,10.094999],[9.243153,10.094167],[9.241666,10.094166],[9.241666,10.093334],[9.242042,10.093333],[9.24213,10.092818],[9.241052,10.091418],[9.241037,10.091369],[9.240956,10.091259],[9.240926,10.090834],[9.240884,10.090833],[9.240833,10.09],[9.238333,10.089999],[9.238333,10.088334],[9.239998,10.088333],[9.239999,10.085835],[9.238333,10.085833],[9.238333,10.075834],[9.239998,10.075833],[9.239999,10.074167],[9.238333,10.074166],[9.238332,10.065834],[9.234166,10.065833],[9.234165,10.064167],[9.233333,10.064166],[9.233332,10.063334],[9.232499,10.063333],[9.232498,10.061667],[9.229999,10.061666],[9.229998,10.0575],[9.225833,10.057499]]]},"properties":{"Name":"Amarks Health Clinic","Site Location":[9.25991,10.09127],"Admin 0":["Nigeria"],"Admin 1":["Bauchi"],"Admin 2":["Toro"],"Admin 3":["Tulai"],"Total population - WorldPop (2026)":2382,"Total population - WorldPop UN (2026)":1562,"Total population - Kontur (2023-10-31)":642,"Total population - Meta (2023-04-21)":497,"Total women - Meta (2023-04-21)":248,"Total men - Meta (2023-04-21)":248,"Children under 5 - Meta (2023-04-21)":71,"People 15 to 24 - Meta (2023-04-21)":71,"Women 15 to 49 - Meta (2023-04-21)":142,"People 60 and older - Meta (2023-04-21)":0,"OpenStreetMap Buildings (2026-02-20)":384,"Google Buildings 60+% Confidence (2023-05)":738,"Google Buildings 70+% Confidence (2023-05)":536,"Google Buildings 80+% Confidence (2023-05)":126,"Average Building Footprint (m²) (2023-05)":"19.83","Overture Buildings (2026-02-20)":751,"organization_id":"org-3e1a8d8a-2616-4124-86fa-d196887ce4f5","ownership_code":"private","ownership_text":"For Profit","nhfr_uid":"58201832","grid3_globalid":"3e1a8d8a-2616-4124-86fa-d196887ce4f5","nhfr_code":"05/18/1/1/2/0007","lga":"Toro","lga_location_id":"nga-ba-5018","facility_level_text":"Primary Health Clinic","state":"Bauchi","facility_level_code":"primary","location_id":"3e1a8d8a-2616-4124-86fa-d196887ce4f5","status":"active","country":"Nigeria"},"id":4},{"type":"Feature","geometry":{"type":"Polygon","coordinates":[[[8.938686,10.026567],[8.943762,10.026348],[8.945877,10.022674],[8.947185,10.019615],[8.949522,10.019853],[8.949918,10.013219],[8.951509,10.011086],[8.962086,10.00521],[8.963332,10.003768],[8.963332,10.007499],[8.959166,10.0075],[8.959165,10.019999],[8.955368,10.02],[8.955359,10.020068],[8.955415,10.020478],[8.955342,10.020841],[8.954726,10.022699],[8.954484,10.023017],[8.954324,10.023351],[8.954087,10.02317],[8.953558,10.023853],[8.953378,10.0241],[8.953105,10.024457],[8.953084,10.024431],[8.952441,10.023735],[8.952307,10.02364],[8.951931,10.024263],[8.951695,10.025052],[8.950833,10.024845],[8.950833,10.028967],[8.952476,10.028645],[8.952476,10.032208],[8.951636,10.031944],[8.951544,10.032038],[8.951448,10.032002],[8.950354,10.032033],[8.949877,10.032023],[8.94955,10.032023],[8.949341,10.032429],[8.949248,10.032525],[8.948614,10.033766],[8.94854,10.033856],[8.948401,10.034165],[8.948402,10.034166],[8.949998,10.034167],[8.949999,10.034999],[8.950832,10.035],[8.950832,10.035833],[8.947499,10.035833],[8.947499,10.035127],[8.947497,10.035126],[8.946584,10.0357],[8.946488,10.035784],[8.946352,10.035837],[8.946035,10.035969],[8.945559,10.036322],[8.945445,10.03645],[8.944759,10.037093],[8.944495,10.037274],[8.944163,10.037506],[8.944016,10.03792],[8.946891,10.038357],[8.946577,10.038906],[8.946083,10.039741],[8.945725,10.04003],[8.945536,10.040225],[8.94501,10.040517],[8.944667,10.040786],[8.943906,10.041446],[8.942978,10.041905],[8.942699,10.042085],[8.943154,10.042978],[8.943305,10.04319],[8.943333,10.043354],[8.943333,10.044166],[8.943699,10.044167],[8.943706,10.04434],[8.943739,10.044549],[8.943713,10.0446],[8.943764,10.044719],[8.943771,10.044768],[8.943369,10.04601],[8.942007,10.045239],[8.941875,10.04518],[8.939288,10.033063],[8.938686,10.026567]]]},"properties":{"Name":"Atite Health Post","Site Location":[8.95218058,10.02357393],"Admin 0":["Nigeria"],"Admin 1":["Bauchi"],"Admin 2":["Toro"],"Admin 3":["Tilde"],"Total population - WorldPop (2026)":3401,"Total population - WorldPop UN (2026)":3718,"Total population - Kontur (2023-10-31)":4272,"Total population - Meta (2023-04-21)":3979,"Total women - Meta (2023-04-21)":1990,"Total men - Meta (2023-04-21)":1990,"Children under 5 - Meta (2023-04-21)":767,"People 15 to 24 - Meta (2023-04-21)":767,"Women 15 to 49 - Meta (2023-04-21)":767,"People 60 and older - Meta (2023-04-21)":0,"OpenStreetMap Buildings (2026-02-20)":1783,"Google Buildings 60+% Confidence (2023-05)":2021,"Google Buildings 70+% Confidence (2023-05)":1796,"Google Buildings 80+% Confidence (2023-05)":1126,"Average Building Footprint (m²) (2023-05)":"73.42","Overture Buildings (2026-02-20)":1956,"ownership_text":"Unknown","status":"active","location_id":"df84a80e-6f87-4858-b0a5-95bd9405eb79","facility_level_text":"Health Post","ownership_code":"public","state":"Bauchi","grid3_globalid":"df84a80e-6f87-4858-b0a5-95bd9405eb79","nhfr_uid":"","country":"Nigeria","lga_location_id":"nga-ba-5018","facility_level_code":"primary","nhfr_code":"","lga":"Toro","organization_id":"org-df84a80e-6f87-4858-b0a5-95bd9405eb79"},"id":5},{"type":"Feature","geometry":{"type":"Polygon","coordinates":[[[9.065833,10.18],[9.066665,10.179999],[9.066666,10.175254],[9.067089,10.175103],[9.068161,10.175471],[9.068687,10.175251],[9.068967,10.176252],[9.069998,10.176021],[9.069999,10.177499],[9.070832,10.177499],[9.070833,10.175834],[9.071666,10.175833],[9.071665,10.174167],[9.070833,10.174166],[9.070833,10.17],[9.071665,10.169999],[9.071666,10.169167],[9.072498,10.169167],[9.072499,10.169999],[9.074165,10.17],[9.074165,10.173333],[9.073333,10.173334],[9.073333,10.174166],[9.074165,10.174167],[9.074166,10.174999],[9.075832,10.175],[9.075833,10.175833],[9.076665,10.175833],[9.076666,10.175],[9.077498,10.174999],[9.077499,10.174167],[9.080832,10.174166],[9.080833,10.173334],[9.081665,10.173333],[9.081666,10.171667],[9.084165,10.171667],[9.084165,10.173333],[9.083333,10.173334],[9.083333,10.174166],[9.088332,10.174166],[9.088333,10.17],[9.089165,10.17],[9.089166,10.172499],[9.090832,10.1725],[9.090833,10.173399],[9.090834,10.1734],[9.091868,10.172702],[9.091869,10.165834],[9.092498,10.165833],[9.092499,10.161667],[9.098948,10.161667],[9.098956,10.161695],[9.099569,10.162351],[9.100832,10.163642],[9.100832,10.164166],[9.099166,10.164167],[9.099165,10.165833],[9.098333,10.165834],[9.098332,10.166666],[9.097499,10.166667],[9.097499,10.167499],[9.097462,10.167501],[9.097462,10.169397],[9.099844,10.168031],[9.101469,10.166928],[9.102006,10.166455],[9.105832,10.166392],[9.105832,10.166666],[9.104999,10.166667],[9.104998,10.169166],[9.104166,10.169167],[9.104166,10.169999],[9.104999,10.17],[9.104998,10.174999],[9.104166,10.175],[9.104166,10.176666],[9.104998,10.176667],[9.104999,10.178333],[9.109165,10.178334],[9.109166,10.180833],[9.111665,10.180834],[9.111666,10.182499],[9.114165,10.1825],[9.114166,10.184166],[9.114999,10.184167],[9.114998,10.185833],[9.114166,10.185834],[9.114166,10.186666],[9.121164,10.186666],[9.121468,10.185436],[9.12153,10.185245],[9.121592,10.184256],[9.123522,10.183846],[9.124681,10.183771],[9.125904,10.183308],[9.12672,10.184225],[9.128332,10.18436],[9.128333,10.186666],[9.129998,10.186667],[9.129999,10.190833],[9.130833,10.190834],[9.130833,10.191534],[9.130771,10.191666],[9.129999,10.191667],[9.129999,10.194999],[9.134165,10.195],[9.134166,10.196666],[9.134998,10.196667],[9.134998,10.199166],[9.134166,10.199167],[9.134166,10.202499],[9.135832,10.2025],[9.135833,10.203333],[9.134166,10.203334],[9.134165,10.211666],[9.129166,10.211667],[9.129165,10.212499],[9.128333,10.2125],[9.128332,10.213333],[9.125833,10.213334],[9.125832,10.215833],[9.121666,10.215833],[9.121665,10.215],[9.120833,10.214999],[9.120832,10.214167],[9.120461,10.214167],[9.119418,10.215803],[9.118861,10.217509],[9.118502,10.219557],[9.117499,10.219521],[9.117498,10.215834],[9.113333,10.215834],[9.113332,10.228333],[9.111666,10.228333],[9.111665,10.226667],[9.109999,10.226666],[9.109998,10.225887],[9.109592,10.225486],[9.109018,10.225829],[9.108333,10.226739],[9.108332,10.2275],[9.104999,10.227499],[9.104998,10.225834],[9.102499,10.225833],[9.102498,10.225],[9.099166,10.225],[9.099165,10.225833],[9.098333,10.225833],[9.098332,10.224167],[9.096666,10.224166],[9.096665,10.220834],[9.095833,10.220833],[9.095832,10.22],[9.091666,10.219999],[9.091666,10.219167],[9.092498,10.219166],[9.092498,10.215834],[9.091666,10.215834],[9.091665,10.216666],[9.089999,10.216667],[9.089998,10.215834],[9.084166,10.215833],[9.084165,10.21],[9.083333,10.209999],[9.083332,10.209167],[9.082595,10.209166],[9.082495,10.208496],[9.082055,10.2075],[9.084165,10.207499],[9.084165,10.205],[9.083333,10.204999],[9.083332,10.203334],[9.079999,10.203333],[9.079998,10.199167],[9.077499,10.199166],[9.077498,10.197552],[9.074765,10.197551],[9.074314,10.196],[9.074234,10.195814],[9.074176,10.195529],[9.075832,10.195528],[9.075832,10.195],[9.074999,10.194999],[9.074999,10.194167],[9.075928,10.194167],[9.075929,10.194165],[9.075033,10.192605],[9.074577,10.19222],[9.0738,10.191928],[9.073612,10.191601],[9.073178,10.190916],[9.072792,10.190367],[9.072705,10.190112],[9.072517,10.189695],[9.072019,10.188952],[9.072008,10.188878],[9.071978,10.188874],[9.071667,10.188362],[9.071666,10.188363],[9.071665,10.189166],[9.070833,10.189167],[9.070832,10.189999],[9.069999,10.19],[9.069998,10.190833],[9.065833,10.190833],[9.065833,10.188334],[9.067498,10.188333],[9.067499,10.186668],[9.065833,10.186666],[9.065833,10.18]]]},"properties":{"Name":"Badikko Health Post","Site Location":[9.09338799973,10.1719689996],"Admin 0":["Nigeria"],"Admin 1":["Bauchi"],"Admin 2":["Toro"],"Admin 3":["Wonu South"],"Total population - WorldPop (2026)":5359,"Total population - WorldPop UN (2026)":3548,"Total population - Kontur (2023-10-31)":4591,"Total population - Meta (2023-04-21)":4571,"Total women - Meta (2023-04-21)":2286,"Total men - Meta (2023-04-21)":2286,"Children under 5 - Meta (2023-04-21)":653,"People 15 to 24 - Meta (2023-04-21)":653,"Women 15 to 49 - Meta (2023-04-21)":1306,"People 60 and older - Meta (2023-04-21)":0,"OpenStreetMap Buildings (2026-02-20)":1551,"Google Buildings 60+% Confidence (2023-05)":2345,"Google Buildings 70+% Confidence (2023-05)":1957,"Google Buildings 80+% Confidence (2023-05)":964,"Average Building Footprint (m²) (2023-05)":"32.54","Overture Buildings (2026-02-20)":2337,"location_id":"3f9e1778-d826-4885-9bb4-57180552812b","nhfr_code":"05/18/1/1/1/0001","ownership_code":"public","ownership_text":"Local Government","nhfr_uid":"49202065","grid3_globalid":"3f9e1778-d826-4885-9bb4-57180552812b","country":"Nigeria","state":"Bauchi","lga":"Toro","facility_level_code":"primary","status":"active","facility_level_text":"Health Post","lga_location_id":"nga-ba-5018","organization_id":"org-3f9e1778-d826-4885-9bb4-57180552812b"},"id":6},{"type":"Feature","geometry":{"type":"Polygon","coordinates":[[[9.043333,10.100034],[9.043804,10.100471],[9.044309,10.100705],[9.044843,10.100558],[9.045496,10.099945],[9.045595,10.098839],[9.05129,10.098512],[9.057649,10.099104],[9.065176,10.099763],[9.065653,10.106429],[9.060706,10.111343],[9.055084,10.118252],[9.055204,10.119999],[9.054999,10.119999],[9.054998,10.118334],[9.054167,10.118334],[9.054165,10.119999],[9.050833,10.119999],[9.050833,10.115834],[9.053332,10.115833],[9.053333,10.114168],[9.052499,10.114166],[9.052498,10.1125],[9.051666,10.1125],[9.051665,10.113333],[9.050833,10.113333],[9.050833,10.111667],[9.054998,10.111666],[9.054999,10.11],[9.055706,10.109999],[9.055807,10.109021],[9.05547,10.108128],[9.055105,10.108023],[9.055115,10.108002],[9.055095,10.107993],[9.054404,10.107783],[9.053657,10.107729],[9.053595,10.107722],[9.053274,10.107704],[9.052357,10.108104],[9.051357,10.108275],[9.050484,10.108771],[9.050209,10.108742],[9.050513,10.108265],[9.051665,10.107216],[9.051665,10.106667],[9.050833,10.106666],[9.050832,10.103334],[9.047499,10.103333],[9.047498,10.101667],[9.045833,10.101666],[9.045832,10.100834],[9.043333,10.100833],[9.043333,10.100034]]]},"properties":{"Name":"Badiko Health Post","Site Location":[9.05602,10.10318],"Admin 0":["Nigeria"],"Admin 1":["Bauchi"],"Admin 2":["Toro"],"Admin 3":["Ribina West"],"Total population - WorldPop (2026)":460,"Total population - WorldPop UN (2026)":473,"Total population - Kontur (2023-10-31)":851,"Total population - Meta (2023-04-21)":634,"Total women - Meta (2023-04-21)":317,"Total men - Meta (2023-04-21)":317,"Children under 5 - Meta (2023-04-21)":91,"People 15 to 24 - Meta (2023-04-21)":91,"Women 15 to 49 - Meta (2023-04-21)":181,"People 60 and older - Meta (2023-04-21)":0,"OpenStreetMap Buildings (2026-02-20)":194,"Google Buildings 60+% Confidence (2023-05)":271,"Google Buildings 70+% Confidence (2023-05)":223,"Google Buildings 80+% Confidence (2023-05)":128,"Average Building Footprint (m²) (2023-05)":"36.80","Overture Buildings (2026-02-20)":245,"country":"Nigeria","status":"active","grid3_globalid":"bd34ce96-2773-40fc-a3ca-b6b664adaa7a","lga_location_id":"nga-ba-5018","organization_id":"org-bd34ce96-2773-40fc-a3ca-b6b664adaa7a","ownership_text":"Unknown","nhfr_uid":"","state":"Bauchi","lga":"Toro","facility_level_code":"primary","nhfr_code":"","ownership_code":"public","location_id":"bd34ce96-2773-40fc-a3ca-b6b664adaa7a","facility_level_text":"Health Post"},"id":7},{"type":"Feature","geometry":{"type":"Polygon","coordinates":[[[8.987558,10.195],[8.996665,10.195],[8.996666,10.199166],[8.999998,10.199167],[8.999999,10.200833],[9.002498,10.200834],[9.002499,10.201666],[9.004998,10.201667],[9.004999,10.203333],[9.010832,10.203334],[9.010833,10.204999],[9.013332,10.204999],[9.013333,10.203334],[9.018332,10.203333],[9.018333,10.2025],[9.022498,10.2025],[9.022499,10.203333],[9.023332,10.203334],[9.023333,10.204166],[9.024165,10.204166],[9.024166,10.203334],[9.024998,10.203334],[9.024999,10.204999],[9.025832,10.205],[9.025833,10.207499],[9.026665,10.2075],[9.026666,10.208333],[9.028332,10.208334],[9.028333,10.208406],[9.028334,10.208407],[9.029195,10.207752],[9.029961,10.207657],[9.029742,10.209757],[9.029967,10.211532],[9.029764,10.212751],[9.0298,10.213032],[9.029517,10.214165],[9.029518,10.214166],[9.030832,10.214166],[9.030833,10.210834],[9.031665,10.210833],[9.031666,10.21],[9.032498,10.21],[9.032499,10.211666],[9.042498,10.211666],[9.042498,10.210834],[9.040833,10.210833],[9.040833,10.21],[9.042498,10.21],[9.042499,10.210833],[9.043332,10.210833],[9.043333,10.21],[9.044165,10.209999],[9.044166,10.209167],[9.049165,10.209166],[9.049165,10.208334],[9.047018,10.208333],[9.047382,10.207041],[9.047967,10.2071],[9.048876,10.206789],[9.050832,10.207034],[9.050833,10.208333],[9.052498,10.208334],[9.052498,10.209999],[9.051666,10.21],[9.051666,10.211666],[9.053332,10.211666],[9.053333,10.210834],[9.055832,10.210834],[9.055833,10.211666],[9.059165,10.211666],[9.059166,10.21],[9.060832,10.209999],[9.060833,10.209398],[9.062286,10.209685],[9.063332,10.210117],[9.063333,10.211666],[9.065382,10.211667],[9.066124,10.212608],[9.067966,10.212118],[9.072498,10.213767],[9.072499,10.214999],[9.073798,10.215],[9.07382,10.21519],[9.07382,10.215833],[9.079998,10.215834],[9.079999,10.215958],[9.081386,10.21726],[9.082472,10.217499],[9.082498,10.2175],[9.082499,10.217506],[9.083179,10.217656],[9.084165,10.217921],[9.084166,10.219999],[9.088332,10.219999],[9.088333,10.215834],[9.089998,10.215834],[9.089999,10.216666],[9.091665,10.216667],[9.091666,10.215834],[9.092498,10.215834],[9.092498,10.219166],[9.091666,10.219167],[9.091666,10.219999],[9.095832,10.22],[9.095833,10.220833],[9.096665,10.220834],[9.096666,10.224166],[9.098332,10.224167],[9.098333,10.225833],[9.099165,10.225833],[9.099166,10.225],[9.102498,10.225],[9.102499,10.225833],[9.103329,10.225834],[9.102499,10.229485],[9.102499,10.230833],[9.104998,10.230834],[9.104998,10.232499],[9.100833,10.232501],[9.100833,10.234166],[9.102498,10.234166],[9.102499,10.233334],[9.104165,10.233334],[9.104166,10.235833],[9.104998,10.235834],[9.104998,10.237502],[9.104211,10.237438],[9.103369,10.237211],[9.103333,10.237217],[9.103332,10.236667],[9.099999,10.236667],[9.099998,10.237499],[9.099166,10.237501],[9.099166,10.239166],[9.100254,10.239167],[9.099711,10.239913],[9.099114,10.239375],[9.097951,10.238895],[9.097726,10.239454],[9.097731,10.239999],[9.097499,10.24],[9.097499,10.240833],[9.099165,10.240834],[9.099166,10.241666],[9.100832,10.241667],[9.100832,10.248304],[9.091563,10.247216],[9.080424,10.240544],[9.069267,10.232766],[9.060651,10.229404],[9.043742,10.2245],[9.038899,10.222507],[9.034513,10.228114],[9.031429,10.231511],[9.028381,10.233868],[9.018535,10.224612],[9.012522,10.218148],[9.006282,10.2123],[8.997073,10.202798],[8.988332,10.195635],[8.987558,10.195]]]},"properties":{"Name":"Bakin Kogi Health Post","Site Location":[9.045605,10.213884],"Admin 0":["Nigeria"],"Admin 1":["Bauchi"],"Admin 2":["Toro"],"Admin 3":["Wonu South"],"Total population - WorldPop (2026)":3129,"Total population - WorldPop UN (2026)":2936,"Total population - Kontur (2023-10-31)":2752,"Total population - Meta (2023-04-21)":2728,"Total women - Meta (2023-04-21)":1364,"Total men - Meta (2023-04-21)":1364,"Children under 5 - Meta (2023-04-21)":390,"People 15 to 24 - Meta (2023-04-21)":390,"Women 15 to 49 - Meta (2023-04-21)":779,"People 60 and older - Meta (2023-04-21)":0,"OpenStreetMap Buildings (2026-02-20)":946,"Google Buildings 60+% Confidence (2023-05)":1415,"Google Buildings 70+% Confidence (2023-05)":1136,"Google Buildings 80+% Confidence (2023-05)":485,"Average Building Footprint (m²) (2023-05)":"28.24","Overture Buildings (2026-02-20)":1276,"facility_level_code":"primary","nhfr_code":"","state":"Bauchi","status":"active","lga":"Toro","nhfr_uid":"","country":"Nigeria","ownership_text":"Unknown","location_id":"36742dde-7e08-408e-9901-3e6a15f9b368","lga_location_id":"nga-ba-5018","organization_id":"org-36742dde-7e08-408e-9901-3e6a15f9b368","ownership_code":"public","facility_level_text":"Health Post","grid3_globalid":"36742dde-7e08-408e-9901-3e6a15f9b368"},"id":8},{"type":"Feature","geometry":{"type":"Polygon","coordinates":[[[9.225329,10.696987],[9.266365,10.68802],[9.302357,10.680151],[9.313333,10.675007],[9.328349,10.667967],[9.336532,10.662075],[9.335704,10.6575],[9.342498,10.6575],[9.342499,10.661666],[9.350832,10.661666],[9.350833,10.6575],[9.359165,10.657499],[9.359166,10.653334],[9.367498,10.653333],[9.367499,10.649167],[9.375832,10.649166],[9.375833,10.645],[9.379998,10.645],[9.379999,10.649166],[9.392498,10.649166],[9.392499,10.645],[9.400832,10.644999],[9.400833,10.640834],[9.419677,10.640833],[9.421665,10.639766],[9.421666,10.636667],[9.425832,10.636666],[9.425833,10.6325],[9.434165,10.632499],[9.434166,10.628334],[9.442498,10.628334],[9.442499,10.632499],[9.446665,10.632499],[9.446666,10.628334],[9.454998,10.628333],[9.454999,10.624167],[9.475832,10.624166],[9.475833,10.62],[9.484165,10.619999],[9.484166,10.615834],[9.488332,10.615833],[9.488333,10.611667],[9.492498,10.611666],[9.492499,10.610834],[9.494998,10.610834],[9.494999,10.611666],[9.496665,10.611666],[9.496666,10.61],[9.499998,10.61],[9.499999,10.610833],[9.500832,10.610834],[9.500833,10.611666],[9.504998,10.611667],[9.504999,10.615833],[9.509165,10.615833],[9.509166,10.615],[9.509847,10.615],[9.511151,10.615056],[9.513332,10.615274],[9.513333,10.615834],[9.529165,10.615834],[9.529166,10.616666],[9.529998,10.616667],[9.529999,10.617499],[9.530832,10.617499],[9.530833,10.616667],[9.532498,10.616667],[9.532499,10.617499],[9.533332,10.6175],[9.533333,10.617571],[9.534667,10.61784],[9.535832,10.618476],[9.535832,10.616667],[9.534999,10.616666],[9.534999,10.615834],[9.541665,10.615834],[9.541665,10.616666],[9.540833,10.616667],[9.540833,10.617499],[9.542498,10.6175],[9.542499,10.619999],[9.551665,10.62],[9.551666,10.620833],[9.552498,10.620834],[9.552499,10.622499],[9.554998,10.622499],[9.554999,10.62],[9.556665,10.619999],[9.556666,10.619167],[9.558332,10.619166],[9.558333,10.61877],[9.558924,10.618692],[9.559102,10.618688],[9.559165,10.618652],[9.559166,10.619999],[9.569998,10.62],[9.569999,10.621666],[9.571665,10.621667],[9.571666,10.624166],[9.573332,10.624166],[9.573333,10.623334],[9.575832,10.623334],[9.575833,10.624166],[9.581665,10.624166],[9.581666,10.623193],[9.582256,10.62298],[9.583113,10.623096],[9.584164,10.624572],[9.584166,10.624571],[9.584166,10.624167],[9.592498,10.624167],[9.592499,10.627499],[9.595832,10.6275],[9.595833,10.628333],[9.600832,10.628334],[9.600833,10.632499],[9.60673,10.6325],[9.606781,10.632487],[9.607002,10.632122],[9.607324,10.631907],[9.607586,10.631853],[9.607725,10.631564],[9.607801,10.631364],[9.608048,10.631141],[9.608316,10.630756],[9.608617,10.630515],[9.608965,10.630398],[9.609165,10.630135],[9.609166,10.632499],[9.613332,10.6325],[9.613333,10.636666],[9.625832,10.636667],[9.625833,10.640833],[9.632953,10.640834],[9.622743,10.647768],[9.605072,10.661574],[9.602927,10.683882],[9.597817,10.687451],[9.595133,10.689035],[9.572797,10.697084],[9.565833,10.693279],[9.565225,10.692948],[9.563863,10.692202],[9.563675,10.692101],[9.546665,10.70184],[9.513332,10.72092],[9.475832,10.742378],[9.446911,10.758921],[9.445519,10.758943],[9.417666,10.787432],[9.416726,10.786532],[9.415229,10.785623],[9.413233,10.785482],[9.412306,10.783802],[9.411451,10.783311],[9.409098,10.784361],[9.407385,10.785061],[9.405176,10.784851],[9.403322,10.784011],[9.402465,10.78219],[9.40218,10.780509],[9.402109,10.778547],[9.40047,10.776587],[9.399328,10.775186],[9.397618,10.774346],[9.396334,10.774064],[9.395621,10.772874],[9.395834,10.771823],[9.394194,10.770212],[9.392555,10.76734],[9.392198,10.765238],[9.390771,10.763698],[9.387991,10.762086],[9.384426,10.761175],[9.382144,10.759774],[9.379149,10.758093],[9.375584,10.756622],[9.372733,10.755432],[9.370521,10.754941],[9.367741,10.753541],[9.364747,10.75242],[9.363748,10.75193],[9.361751,10.750317],[9.36004,10.748917],[9.357711,10.747759],[9.356143,10.746568],[9.355357,10.745447],[9.353788,10.745446],[9.351579,10.744886],[9.350082,10.743976],[9.348941,10.743976],[9.347371,10.745026],[9.344948,10.745096],[9.342808,10.744817],[9.341383,10.744956],[9.339529,10.745797],[9.337603,10.746287],[9.336106,10.745797],[9.334679,10.743766],[9.332113,10.743555],[9.330045,10.742574],[9.329117,10.741174],[9.327192,10.741735],[9.324269,10.743135],[9.322558,10.743066],[9.321131,10.744045],[9.319778,10.744046],[9.317852,10.743206],[9.315927,10.742575],[9.314287,10.742364],[9.313218,10.741804],[9.312646,10.741104],[9.310223,10.740894],[9.308226,10.740824],[9.3068,10.741033],[9.304589,10.739492],[9.301737,10.738371],[9.298458,10.73753],[9.296888,10.736129],[9.294607,10.734869],[9.292397,10.733748],[9.291256,10.731296],[9.290756,10.729824],[9.288545,10.728773],[9.285837,10.727583],[9.283912,10.727093],[9.282894,10.727048],[9.281435,10.725653],[9.280559,10.724219],[9.278563,10.723939],[9.276353,10.723589],[9.274356,10.722189],[9.2714,10.721999],[9.269164,10.720793],[9.26731,10.720302],[9.265313,10.718972],[9.262818,10.71862],[9.261534,10.7175],[9.258824,10.716449],[9.255616,10.714417],[9.253121,10.713577],[9.251552,10.713996],[9.249128,10.713157],[9.247558,10.711825],[9.245298,10.709971],[9.244564,10.710353],[9.243637,10.709793],[9.242496,10.707902],[9.241141,10.70664],[9.239217,10.70566],[9.237791,10.706009],[9.236481,10.705563],[9.234581,10.704748],[9.232513,10.703488],[9.230303,10.703137],[9.228276,10.702172],[9.227753,10.701834],[9.227674,10.701575],[9.227515,10.70047],[9.226809,10.699213],[9.225584,10.697426],[9.225329,10.696987]]]},"properties":{"Name":"Bakin Ruwa Health Post","Site Location":[9.61043193486,10.6459680566],"Admin 0":["Nigeria"],"Admin 1":["Bauchi"],"Admin 2":["Toro"],"Admin 3":["Rauta Geji"],"Total population - WorldPop (2026)":7043,"Total population - WorldPop UN (2026)":5021,"Total population - Kontur (2023-10-31)":3172,"Total population - Meta (2023-04-21)":3016,"Total women - Meta (2023-04-21)":1508,"Total men - Meta (2023-04-21)":1508,"Children under 5 - Meta (2023-04-21)":674,"People 15 to 24 - Meta (2023-04-21)":390,"Women 15 to 49 - Meta (2023-04-21)":781,"People 60 and older - Meta (2023-04-21)":0,"OpenStreetMap Buildings (2026-02-20)":1,"Google Buildings 60+% Confidence (2023-05)":4279,"Google Buildings 70+% Confidence (2023-05)":3075,"Google Buildings 80+% Confidence (2023-05)":477,"Average Building Footprint (m²) (2023-05)":"17.73","Overture Buildings (2026-02-20)":3801,"lga_location_id":"nga-ba-5018","facility_level_code":"primary","location_id":"87b580d5-f8db-4a85-949a-4e4c3183297d","ownership_text":"Local Government","country":"Nigeria","ownership_code":"public","grid3_globalid":"87b580d5-f8db-4a85-949a-4e4c3183297d","state":"Bauchi","organization_id":"org-87b580d5-f8db-4a85-949a-4e4c3183297d","nhfr_code":"05/18/1/1/1/0002","facility_level_text":"Health Post","nhfr_uid":"42794640","status":"active","lga":"Toro"},"id":9},{"type":"Feature","geometry":{"type":"Polygon","coordinates":[[[9.271666,10.111666],[9.271666,10.103334],[9.274998,10.103333],[9.274999,10.100834],[9.275832,10.100833],[9.275833,10.095834],[9.276665,10.095833],[9.276666,10.093334],[9.277498,10.093333],[9.277499,10.0925],[9.278332,10.0925],[9.278333,10.093333],[9.279165,10.093334],[9.279166,10.094166],[9.279998,10.094166],[9.279999,10.086667],[9.287498,10.086667],[9.287499,10.087499],[9.288333,10.0875],[9.288332,10.088333],[9.287499,10.088334],[9.287499,10.090833],[9.288332,10.090834],[9.288333,10.091666],[9.289998,10.091667],[9.289999,10.091858],[9.290541,10.08938],[9.29055,10.088688],[9.289912,10.086963],[9.289871,10.086667],[9.291368,10.086667],[9.29062,10.087352],[9.291069,10.087579],[9.291081,10.088212],[9.291708,10.088418],[9.291891,10.088687],[9.292498,10.08869],[9.292499,10.090833],[9.294998,10.090834],[9.294999,10.092499],[9.296665,10.0925],[9.296665,10.093333],[9.293333,10.093334],[9.293333,10.095833],[9.294165,10.095834],[9.294167,10.096667],[9.295832,10.096666],[9.295833,10.095834],[9.296665,10.095834],[9.296666,10.099166],[9.298332,10.099167],[9.298333,10.102499],[9.299165,10.1025],[9.299166,10.103333],[9.299998,10.103334],[9.299999,10.104166],[9.302498,10.104167],[9.302499,10.105833],[9.299999,10.105834],[9.299998,10.106666],[9.298333,10.106667],[9.298332,10.107499],[9.297499,10.1075],[9.297498,10.108333],[9.296666,10.108334],[9.296666,10.110833],[9.296671,10.110834],[9.297707,10.113333],[9.295833,10.113334],[9.295832,10.114166],[9.293333,10.114166],[9.293332,10.111667],[9.290833,10.111667],[9.290832,10.112499],[9.288333,10.1125],[9.288332,10.115833],[9.286024,10.115834],[9.285963,10.116309],[9.286,10.11776],[9.286027,10.118626],[9.286343,10.119735],[9.286054,10.120089],[9.285834,10.120486],[9.285808,10.121208],[9.286435,10.121647],[9.287309,10.122988],[9.287555,10.123242],[9.288017,10.124166],[9.288046,10.124167],[9.288166,10.124464],[9.288301,10.124736],[9.288827,10.12716],[9.288719,10.127499],[9.288333,10.1275],[9.288332,10.128333],[9.287499,10.128333],[9.287498,10.1275],[9.286666,10.127499],[9.286665,10.126667],[9.285833,10.126666],[9.285832,10.125834],[9.284999,10.125834],[9.284998,10.126666],[9.281666,10.126666],[9.281666,10.125],[9.282498,10.124999],[9.282499,10.124167],[9.283332,10.124166],[9.283332,10.123334],[9.280833,10.123333],[9.280832,10.1225],[9.279166,10.122499],[9.279166,10.12],[9.280832,10.119999],[9.280832,10.119167],[9.279999,10.119166],[9.279999,10.116667],[9.282498,10.116666],[9.282498,10.115834],[9.275833,10.115833],[9.275832,10.111667],[9.271666,10.111666]]]},"properties":{"Name":"Balarabe Primary Health Clinic","Site Location":[9.29345385,10.10288396],"Admin 0":["Nigeria"],"Admin 1":["Bauchi"],"Admin 2":["Toro"],"Admin 3":["Tulai"],"Total population - WorldPop (2026)":1901,"Total population - WorldPop UN (2026)":1432,"Total population - Kontur (2023-10-31)":1810,"Total population - Meta (2023-04-21)":1840,"Total women - Meta (2023-04-21)":920,"Total men - Meta (2023-04-21)":920,"Children under 5 - Meta (2023-04-21)":263,"People 15 to 24 - Meta (2023-04-21)":263,"Women 15 to 49 - Meta (2023-04-21)":526,"People 60 and older - Meta (2023-04-21)":0,"OpenStreetMap Buildings (2026-02-20)":683,"Google Buildings 60+% Confidence (2023-05)":1237,"Google Buildings 70+% Confidence (2023-05)":997,"Google Buildings 80+% Confidence (2023-05)":379,"Average Building Footprint (m²) (2023-05)":"45.82","Overture Buildings (2026-02-20)":1064,"ownership_code":"public","ownership_text":"Local Government","facility_level_code":"primary","status":"active","country":"Nigeria","lga_location_id":"nga-ba-5018","organization_id":"org-26e0aa0d-0d35-4aef-9d0d-1ec9b084a57f","nhfr_uid":"58575794","location_id":"26e0aa0d-0d35-4aef-9d0d-1ec9b084a57f","nhfr_code":"05/18/1/1/1/0003","lga":"Toro","facility_level_text":"Primary Health Clinic","state":"Bauchi","grid3_globalid":"26e0aa0d-0d35-4aef-9d0d-1ec9b084a57f"},"id":10},{"type":"Feature","geometry":{"type":"Polygon","coordinates":[[[9.629999,10.246666],[9.629999,10.243334],[9.632498,10.243333],[9.632499,10.2425],[9.633332,10.2425],[9.633333,10.243333],[9.634865,10.243333],[9.634866,10.243098],[9.636885,10.240001],[9.636884,10.24],[9.635833,10.239999],[9.635833,10.239517],[9.638387,10.24],[9.642907,10.24112],[9.646258,10.242103],[9.64776,10.242262],[9.649989,10.243038],[9.649581,10.244184],[9.647828,10.249471],[9.649088,10.255363],[9.650085,10.257982],[9.651036,10.259386],[9.651551,10.261666],[9.650833,10.261667],[9.650832,10.265833],[9.649166,10.265833],[9.649165,10.263334],[9.646666,10.263334],[9.646665,10.265833],[9.629999,10.265833],[9.629999,10.248334],[9.631665,10.248333],[9.631666,10.246668],[9.629999,10.246666]]]},"properties":{"Name":"Bichiki Health Post","Site Location":[9.63659643504,10.2412367593],"Admin 0":["Nigeria"],"Admin 1":["Bauchi"],"Admin 2":["Toro"],"Admin 3":["Rauta Geji"],"Total population - WorldPop (2026)":414,"Total population - WorldPop UN (2026)":364,"Total population - Kontur (2023-10-31)":515,"Total population - Meta (2023-04-21)":622,"Total women - Meta (2023-04-21)":311,"Total men - Meta (2023-04-21)":311,"Children under 5 - Meta (2023-04-21)":104,"People 15 to 24 - Meta (2023-04-21)":104,"Women 15 to 49 - Meta (2023-04-21)":104,"People 60 and older - Meta (2023-04-21)":0,"OpenStreetMap Buildings (2026-02-20)":225,"Google Buildings 60+% Confidence (2023-05)":265,"Google Buildings 70+% Confidence (2023-05)":217,"Google Buildings 80+% Confidence (2023-05)":68,"Average Building Footprint (m²) (2023-05)":"39.17","Overture Buildings (2026-02-20)":288,"organization_id":"org-dc6b4306-8aa9-46f0-a374-970673bcf72f","location_id":"dc6b4306-8aa9-46f0-a374-970673bcf72f","ownership_text":"Local Government","nhfr_uid":"48961166","lga":"Toro","ownership_code":"public","grid3_globalid":"dc6b4306-8aa9-46f0-a374-970673bcf72f","status":"active","facility_level_code":"primary","facility_level_text":"Health Post","nhfr_code":"05/18/1/1/1/0004","country":"Nigeria","state":"Bauchi","lga_location_id":"nga-ba-5018"},"id":11},{"type":"Feature","geometry":{"type":"Polygon","coordinates":[[[8.975833,10.011666],[8.975833,10.005],[8.976665,10.004999],[8.976666,10.003334],[8.986665,10.003333],[8.986666,9.999167],[8.987498,9.999167],[8.987499,9.999999],[8.988863,10],[8.989073,9.999167],[9.000832,9.999167],[9.000833,10.002697],[9.000642,10.002965],[9.000367,10.004805],[9.000841,10.005368],[9.000462,10.005977],[9.000764,10.007123],[9.001388,10.007286],[9.00127,10.008878],[9.002125,10.00961],[9.003029,10.010658],[9.004026,10.011687],[9.004998,10.011915],[9.005832,10.012109],[9.005547,10.012998],[9.005405,10.014168],[9.006407,10.015585],[9.006926,10.019411],[9.006666,10.02],[9.006309,10.020815],[9.005499,10.021799],[9.005119,10.02311],[9.004977,10.025028],[9.004026,10.025965],[9.003789,10.027181],[9.004359,10.027977],[9.004503,10.028333],[9.000833,10.028333],[9.000833,10.0275],[9.001665,10.027499],[9.001665,10.025],[8.999999,10.025],[8.999998,10.025833],[8.999166,10.025834],[8.999165,10.026666],[8.998333,10.026667],[8.998332,10.028334],[8.996666,10.028333],[8.996665,10.026667],[8.995833,10.026667],[8.995832,10.027499],[8.993333,10.027499],[8.993332,10.026667],[8.992499,10.026666],[8.992498,10.024167],[8.992192,10.024167],[8.991873,10.024633],[8.99081,10.025468],[8.989664,10.025197],[8.988333,10.025186],[8.988332,10.023334],[8.987499,10.023333],[8.987498,10.02],[8.984166,10.019999],[8.984165,10.011667],[8.975833,10.011666]]]},"properties":{"Name":"Bujiyel Health Post","Site Location":[8.999706,10.013614],"Admin 0":["Nigeria"],"Admin 1":["Bauchi"],"Admin 2":["Toro"],"Admin 3":["Tilde"],"Total population - WorldPop (2026)":1314,"Total population - WorldPop UN (2026)":1353,"Total population - Kontur (2023-10-31)":1500,"Total population - Meta (2023-04-21)":1357,"Total women - Meta (2023-04-21)":679,"Total men - Meta (2023-04-21)":679,"Children under 5 - Meta (2023-04-21)":194,"People 15 to 24 - Meta (2023-04-21)":194,"Women 15 to 49 - Meta (2023-04-21)":388,"People 60 and older - Meta (2023-04-21)":0,"OpenStreetMap Buildings (2026-02-20)":325,"Google Buildings 60+% Confidence (2023-05)":375,"Google Buildings 70+% Confidence (2023-05)":310,"Google Buildings 80+% Confidence (2023-05)":152,"Average Building Footprint (m²) (2023-05)":"40.82","Overture Buildings (2026-02-20)":361,"country":"Nigeria","location_id":"2ac51b40-ad42-4e39-9f47-425adac06431","facility_level_text":"Health Post","status":"active","nhfr_uid":"68061651","organization_id":"org-2ac51b40-ad42-4e39-9f47-425adac06431","state":"Bauchi","lga":"Toro","grid3_globalid":"2ac51b40-ad42-4e39-9f47-425adac06431","ownership_code":"public","ownership_text":"Local Government","facility_level_code":"primary","lga_location_id":"nga-ba-5018","nhfr_code":"05/18/1/1/1/0006"},"id":12},{"type":"Feature","geometry":{"type":"Polygon","coordinates":[[[9.162979,10.041902],[9.183001,10.038271],[9.192543,10.040219],[9.199078,10.043085],[9.20312,10.045309],[9.210797,10.048385],[9.225832,10.048276],[9.225832,10.053333],[9.221666,10.053334],[9.221665,10.057499],[9.213333,10.0575],[9.213332,10.061666],[9.209166,10.061667],[9.209165,10.065833],[9.196666,10.065834],[9.196665,10.069999],[9.192499,10.069999],[9.192498,10.065834],[9.184166,10.065833],[9.184165,10.061667],[9.183333,10.061667],[9.183332,10.063333],[9.182499,10.063334],[9.182498,10.064167],[9.180833,10.064166],[9.180832,10.063334],[9.179999,10.063333],[9.179998,10.061667],[9.175833,10.061667],[9.175832,10.064166],[9.174166,10.064167],[9.174165,10.065833],[9.171666,10.065833],[9.171665,10.061667],[9.1681,10.061666],[9.168055,10.057232],[9.165382,10.048631],[9.162979,10.041902]]]},"properties":{"Name":"Bukka Health Post","Site Location":[9.1728,10.04413],"Admin 0":["Nigeria"],"Admin 1":["Bauchi"],"Admin 2":["Toro"],"Admin 3":["Tulai"],"Total population - WorldPop (2026)":196,"Total population - WorldPop UN (2026)":124,"Total population - Kontur (2023-10-31)":213,"Total population - Meta (2023-04-21)":131,"Total women - Meta (2023-04-21)":66,"Total men - Meta (2023-04-21)":66,"Children under 5 - Meta (2023-04-21)":19,"People 15 to 24 - Meta (2023-04-21)":19,"Women 15 to 49 - Meta (2023-04-21)":37,"People 60 and older - Meta (2023-04-21)":0,"OpenStreetMap Buildings (2026-02-20)":54,"Google Buildings 60+% Confidence (2023-05)":56,"Google Buildings 70+% Confidence (2023-05)":48,"Google Buildings 80+% Confidence (2023-05)":24,"Average Building Footprint (m²) (2023-05)":"25.98","Overture Buildings (2026-02-20)":60,"facility_level_text":"Health Post","grid3_globalid":"cd0b0e1e-44bf-4a1a-abe2-943183ada4ef","status":"active","state":"Bauchi","location_id":"cd0b0e1e-44bf-4a1a-abe2-943183ada4ef","lga":"Toro","organization_id":"org-cd0b0e1e-44bf-4a1a-abe2-943183ada4ef","lga_location_id":"nga-ba-5018","nhfr_uid":"","country":"Nigeria","ownership_code":"public","ownership_text":"Unknown","nhfr_code":"","facility_level_code":"primary"},"id":13},{"type":"Feature","geometry":{"type":"Polygon","coordinates":[[[9.240948,10.040833],[9.243869,10.038906],[9.244524,10.038123],[9.254758,10.0301],[9.256548,10.029149],[9.271832,10.035424],[9.27595,10.034418],[9.278947,10.035536],[9.284999,10.04678],[9.287134,10.050746],[9.285727,10.053982],[9.290973,10.059552],[9.301702,10.0582],[9.305222,10.065822],[9.304619,10.066955],[9.30408,10.075879],[9.302829,10.077603],[9.302881,10.078333],[9.300833,10.078334],[9.300832,10.082499],[9.296666,10.0825],[9.296665,10.086666],[9.291647,10.086667],[9.291541,10.086448],[9.291368,10.086666],[9.289871,10.086667],[9.289912,10.086963],[9.29055,10.088688],[9.290541,10.08938],[9.289999,10.091866],[9.289998,10.091667],[9.288333,10.091666],[9.288332,10.090834],[9.287499,10.090833],[9.287499,10.088334],[9.288332,10.088333],[9.288333,10.087501],[9.287499,10.087499],[9.287498,10.086667],[9.279999,10.086666],[9.279998,10.085834],[9.279166,10.085833],[9.279166,10.083334],[9.279998,10.083333],[9.279998,10.0825],[9.275833,10.082499],[9.275832,10.078334],[9.271666,10.078333],[9.271665,10.074167],[9.270334,10.074166],[9.270282,10.073903],[9.270208,10.07336],[9.270385,10.072124],[9.27121,10.070523],[9.271339,10.069356],[9.271014,10.069167],[9.270833,10.069167],[9.270832,10.07],[9.263333,10.069999],[9.263332,10.065834],[9.260833,10.065833],[9.260832,10.065],[9.259166,10.064999],[9.259165,10.061667],[9.255833,10.061666],[9.255833,10.059167],[9.256665,10.059167],[9.256666,10.059999],[9.258332,10.059999],[9.258333,10.059167],[9.259165,10.059166],[9.259165,10.058334],[9.258333,10.058333],[9.258332,10.0575],[9.250833,10.057499],[9.250832,10.050834],[9.249166,10.050834],[9.249165,10.053333],[9.246666,10.053333],[9.246665,10.045],[9.242499,10.044999],[9.242498,10.040834],[9.240948,10.040833]]]},"properties":{"Name":"Bukka Tulai Primary Health Care Center","Site Location":[9.288060246,10.07350512],"Admin 0":["Nigeria"],"Admin 1":["Bauchi"],"Admin 2":["Toro"],"Admin 3":["Tulai"],"Total population - WorldPop (2026)":3578,"Total population - WorldPop UN (2026)":3494,"Total population - Kontur (2023-10-31)":4715,"Total population - Meta (2023-04-21)":4353,"Total women - Meta (2023-04-21)":2176,"Total men - Meta (2023-04-21)":2176,"Children under 5 - Meta (2023-04-21)":622,"People 15 to 24 - Meta (2023-04-21)":622,"Women 15 to 49 - Meta (2023-04-21)":1244,"People 60 and older - Meta (2023-04-21)":0,"OpenStreetMap Buildings (2026-02-20)":1859,"Google Buildings 60+% Confidence (2023-05)":2508,"Google Buildings 70+% Confidence (2023-05)":2031,"Google Buildings 80+% Confidence (2023-05)":699,"Average Building Footprint (m²) (2023-05)":"41.73","Overture Buildings (2026-02-20)":2499,"ownership_code":"public","location_id":"3ec0d119-fc79-4f3c-aebf-29e917b27af7","facility_level_code":"primary","nhfr_code":"05/18/1/1/1/0008","facility_level_text":"Primary Health Center","nhfr_uid":"71350481","grid3_globalid":"3ec0d119-fc79-4f3c-aebf-29e917b27af7","state":"Bauchi","organization_id":"org-3ec0d119-fc79-4f3c-aebf-29e917b27af7","lga_location_id":"nga-ba-5018","lga":"Toro","status":"active","ownership_text":"Local Government","country":"Nigeria"},"id":14},{"type":"Feature","geometry":{"type":"Polygon","coordinates":[[[8.76617,10.851136],[8.76631,10.850179],[8.76788,10.83858],[8.769371,10.8293],[8.776844,10.81556],[8.779416,10.80865],[8.780042,10.8075],[8.782498,10.807499],[8.782499,10.805834],[8.784998,10.805834],[8.784999,10.807499],[8.792498,10.807499],[8.792499,10.803334],[8.796665,10.803334],[8.796666,10.807499],[8.804998,10.807499],[8.804999,10.803334],[8.809165,10.803333],[8.809166,10.799167],[8.813332,10.799167],[8.813333,10.799999],[8.814165,10.8],[8.814166,10.799167],[8.825832,10.799166],[8.825833,10.790834],[8.829998,10.790833],[8.829998,10.789167],[8.829166,10.789166],[8.829166,10.788334],[8.829998,10.788333],[8.829999,10.786667],[8.834165,10.786666],[8.834166,10.7825],[8.838332,10.7825],[8.838333,10.786666],[8.842498,10.786666],[8.842499,10.774167],[8.846665,10.774166],[8.846666,10.77],[8.854998,10.769999],[8.854999,10.765834],[8.859165,10.765833],[8.859166,10.761667],[8.863332,10.761666],[8.863333,10.7575],[8.867498,10.757499],[8.867499,10.753334],[8.888332,10.753333],[8.888333,10.749167],[8.896665,10.749166],[8.896666,10.7425],[8.897498,10.742499],[8.897499,10.741667],[8.899998,10.741666],[8.899999,10.74],[8.900866,10.739999],[8.900518,10.739747],[8.899086,10.739353],[8.897815,10.739452],[8.897678,10.739167],[8.898332,10.739166],[8.898333,10.738334],[8.899165,10.738333],[8.899166,10.7375],[8.900832,10.737499],[8.900833,10.736667],[8.903332,10.736667],[8.903333,10.739999],[8.904165,10.739999],[8.904166,10.739167],[8.904998,10.739166],[8.904999,10.736667],[8.909165,10.736666],[8.909166,10.735],[8.910832,10.734999],[8.910833,10.7325],[8.913332,10.732499],[8.913333,10.728334],[8.919165,10.728333],[8.919166,10.7275],[8.921665,10.727499],[8.921666,10.724167],[8.925832,10.724166],[8.925833,10.72],[8.934165,10.72],[8.934166,10.724166],[8.938332,10.724166],[8.938333,10.72],[8.942498,10.72],[8.942499,10.724166],[8.954998,10.724167],[8.954999,10.732499],[8.967498,10.7325],[8.967499,10.735833],[8.968332,10.735834],[8.968333,10.736666],[8.971665,10.736667],[8.971666,10.740833],[8.975832,10.740834],[8.975833,10.744999],[8.979998,10.745],[8.979999,10.749166],[8.996665,10.749167],[8.996666,10.753333],[9.000832,10.753334],[9.000833,10.757499],[9.009165,10.7575],[9.009166,10.761666],[9.013332,10.761667],[9.013333,10.765833],[9.017498,10.765834],[9.017499,10.769999],[9.021665,10.769999],[9.021666,10.765834],[9.025832,10.765834],[9.025833,10.769999],[9.034165,10.77],[9.034166,10.774166],[9.042498,10.774167],[9.042498,10.775934],[9.039373,10.778333],[9.023626,10.790416],[9.020314,10.808906],[9.020953,10.812519],[8.986226,10.808969],[8.967133,10.806289],[8.960516,10.805947],[8.95713,10.806507],[8.951999,10.809616],[8.929367,10.823305],[8.906542,10.835301],[8.897587,10.836553],[8.875832,10.840814],[8.864165,10.843097],[8.834165,10.848973],[8.813922,10.852935],[8.794651,10.854351],[8.76617,10.851136]]]},"properties":{"Name":"Burku Health Post","Site Location":[8.945813,10.80681],"Admin 0":["Nigeria"],"Admin 1":["Bauchi"],"Admin 2":["Toro"],"Admin 3":["Tama #1"],"Total population - WorldPop (2026)":5302,"Total population - WorldPop UN (2026)":4139,"Total population - Kontur (2023-10-31)":4603,"Total population - Meta (2023-04-21)":4416,"Total women - Meta (2023-04-21)":2208,"Total men - Meta (2023-04-21)":2208,"Children under 5 - Meta (2023-04-21)":747,"People 15 to 24 - Meta (2023-04-21)":747,"Women 15 to 49 - Meta (2023-04-21)":1087,"People 60 and older - Meta (2023-04-21)":0,"OpenStreetMap Buildings (2026-02-20)":7,"Google Buildings 60+% Confidence (2023-05)":3413,"Google Buildings 70+% Confidence (2023-05)":2431,"Google Buildings 80+% Confidence (2023-05)":451,"Average Building Footprint (m²) (2023-05)":"24.76","Overture Buildings (2026-02-20)":3002,"state":"Bauchi","lga_location_id":"nga-ba-5018","organization_id":"org-c097cd42-b4d2-4324-bd08-f749f7a2409e","nhfr_uid":"","ownership_code":"public","location_id":"c097cd42-b4d2-4324-bd08-f749f7a2409e","facility_level_code":"primary","nhfr_code":"","status":"active","ownership_text":"Unknown","facility_level_text":"Health Post","country":"Nigeria","lga":"Toro","grid3_globalid":"c097cd42-b4d2-4324-bd08-f749f7a2409e"},"id":15},{"type":"Feature","geometry":{"type":"Polygon","coordinates":[[[8.991666,10.340834],[8.992498,10.340833],[8.992499,10.336667],[8.996666,10.336666],[8.996665,10.335834],[8.995833,10.335833],[8.995833,10.333334],[8.996665,10.333333],[8.996665,10.3325],[8.992499,10.332499],[8.992499,10.324167],[9.000832,10.324166],[9.000833,10.32],[9.003332,10.319999],[9.003333,10.318334],[9.004166,10.318333],[9.004165,10.315],[9.002499,10.314999],[9.002498,10.313334],[9.001666,10.313334],[9.001665,10.314166],[9.000833,10.314166],[9.000833,10.311667],[9.001665,10.311667],[9.001666,10.312499],[9.004165,10.3125],[9.004166,10.311667],[9.009165,10.311666],[9.009165,10.3075],[9.004999,10.307499],[9.004999,10.303711],[9.007862,10.3031],[9.011613,10.301216],[9.015472,10.301549],[9.019132,10.306984],[9.031339,10.307427],[9.033598,10.312324],[9.036355,10.318755],[9.046607,10.334146],[9.049818,10.346293],[9.056449,10.350449],[9.060406,10.354842],[9.060983,10.35778],[9.070864,10.374166],[9.067499,10.374166],[9.067498,10.37],[9.063333,10.369999],[9.063332,10.365834],[9.059166,10.365834],[9.059165,10.369999],[9.054999,10.369999],[9.054998,10.365834],[9.046666,10.365833],[9.046665,10.361667],[9.044999,10.361667],[9.044998,10.363333],[9.043333,10.363333],[9.043332,10.3625],[9.042499,10.3625],[9.042499,10.364166],[9.043332,10.364167],[9.043333,10.367499],[9.042499,10.3675],[9.042498,10.368334],[9.039999,10.368333],[9.039998,10.3675],[9.038333,10.367499],[9.038332,10.366667],[9.036666,10.366666],[9.036666,10.363334],[9.038332,10.363333],[9.038333,10.362501],[9.036666,10.362499],[9.036665,10.361667],[9.034166,10.361667],[9.034165,10.365833],[9.033333,10.365833],[9.033332,10.365],[9.03,10.365],[9.029998,10.365833],[9.029166,10.365833],[9.029165,10.363334],[9.02853,10.363334],[9.028368,10.364778],[9.027817,10.365993],[9.027825,10.366666],[9.025833,10.366666],[9.025832,10.365834],[9.020833,10.365833],[9.020832,10.364167],[9.017499,10.364167],[9.017498,10.364999],[9.016666,10.365],[9.016665,10.365833],[9.015833,10.365833],[9.015833,10.363334],[9.016665,10.363333],[9.016665,10.360834],[9.014999,10.360834],[9.014998,10.361666],[9.011666,10.361667],[9.011665,10.364166],[9.009166,10.364167],[9.009165,10.365],[9.007499,10.364999],[9.007498,10.363334],[9.005833,10.363334],[9.005832,10.364999],[9.004999,10.364999],[9.004998,10.361667],[9.000833,10.361667],[9.000832,10.364999],[8.999999,10.365],[8.999998,10.365833],[8.996666,10.365833],[8.996665,10.353334],[8.994166,10.353333],[8.994166,10.35],[8.994998,10.349999],[8.994998,10.349167],[8.993333,10.349166],[8.993332,10.3425],[8.992499,10.342499],[8.992498,10.341667],[8.991666,10.341666],[8.991666,10.340834]]]},"properties":{"Name":"Chediya Health Post","Site Location":[9.01241437447,10.3352499755],"Admin 0":["Nigeria"],"Admin 1":["Bauchi"],"Admin 2":["Toro"],"Admin 3":["Zalau"],"Total population - WorldPop (2026)":3463,"Total population - WorldPop UN (2026)":3712,"Total population - Kontur (2023-10-31)":4977,"Total population - Meta (2023-04-21)":4563,"Total women - Meta (2023-04-21)":2282,"Total men - Meta (2023-04-21)":2282,"Children under 5 - Meta (2023-04-21)":652,"People 15 to 24 - Meta (2023-04-21)":652,"Women 15 to 49 - Meta (2023-04-21)":1304,"People 60 and older - Meta (2023-04-21)":0,"OpenStreetMap Buildings (2026-02-20)":1,"Google Buildings 60+% Confidence (2023-05)":2500,"Google Buildings 70+% Confidence (2023-05)":2158,"Google Buildings 80+% Confidence (2023-05)":907,"Average Building Footprint (m²) (2023-05)":"28.51","Overture Buildings (2026-02-20)":2005,"lga":"Toro","grid3_globalid":"19ff8771-18f8-42a8-9205-89c39f24f108","country":"Nigeria","ownership_text":"Local Government","ownership_code":"public","organization_id":"org-19ff8771-18f8-42a8-9205-89c39f24f108","nhfr_code":"05/18/1/1/1/0011","status":"active","location_id":"19ff8771-18f8-42a8-9205-89c39f24f108","state":"Bauchi","lga_location_id":"nga-ba-5018","facility_level_text":"Health Post","nhfr_uid":"51481341","facility_level_code":"primary"},"id":16},{"type":"Feature","geometry":{"type":"Polygon","coordinates":[[[8.825053,10.504166],[8.825349,10.499651],[8.833339,10.489697],[8.8401,10.490883],[8.848146,10.489173],[8.85349,10.490511],[8.857179,10.488896],[8.858252,10.483645],[8.859068,10.475178],[8.860832,10.467854],[8.860833,10.471666],[8.862498,10.471667],[8.862499,10.472499],[8.863332,10.4725],[8.863333,10.474166],[8.865084,10.474167],[8.864877,10.474576],[8.86477,10.475083],[8.864588,10.47702],[8.864582,10.477183],[8.864604,10.477304],[8.864756,10.477437],[8.864492,10.477522],[8.864229,10.477868],[8.863927,10.47927],[8.862499,10.48041],[8.862499,10.480833],[8.865832,10.480833],[8.865833,10.479167],[8.867498,10.479167],[8.867499,10.479999],[8.869165,10.48],[8.869165,10.481666],[8.868333,10.481667],[8.868333,10.482499],[8.871665,10.4825],[8.871666,10.494999],[8.875832,10.495],[8.875832,10.499166],[8.874166,10.499167],[8.874166,10.499999],[8.874998,10.5],[8.874999,10.500833],[8.876665,10.500834],[8.876665,10.501637],[8.876485,10.501746],[8.875049,10.501589],[8.874205,10.501926],[8.87359,10.502084],[8.873321,10.502115],[8.873262,10.502089],[8.873261,10.50209],[8.873261,10.502092],[8.87324,10.502087],[8.87324,10.502078],[8.872757,10.50186],[8.872488,10.50131],[8.872285,10.501113],[8.871986,10.50072],[8.871938,10.50061],[8.871885,10.500365],[8.871821,10.50015],[8.871733,10.5],[8.871666,10.5],[8.871665,10.500833],[8.870833,10.500834],[8.870832,10.502499],[8.869999,10.5025],[8.869999,10.504999],[8.870832,10.505],[8.870832,10.507499],[8.870601,10.5075],[8.86999,10.50865],[8.868975,10.511625],[8.868487,10.511061],[8.867812,10.510612],[8.8675,10.509823],[8.867499,10.509824],[8.867498,10.511666],[8.863333,10.511667],[8.863333,10.529999],[8.862499,10.53],[8.862499,10.530833],[8.863332,10.530834],[8.863332,10.532499],[8.861666,10.532499],[8.861665,10.531667],[8.860833,10.531667],[8.860832,10.532499],[8.859166,10.5325],[8.859165,10.536666],[8.854999,10.536667],[8.854998,10.539999],[8.852499,10.54],[8.852498,10.540833],[8.850833,10.540834],[8.850833,10.54295],[8.851874,10.542521],[8.85329,10.542268],[8.854187,10.541731],[8.855521,10.541751],[8.857512,10.542079],[8.857368,10.542664],[8.857463,10.543112],[8.856841,10.543692],[8.8555,10.544167],[8.854166,10.544166],[8.854165,10.543334],[8.850833,10.543334],[8.850832,10.549166],[8.846666,10.549167],[8.846665,10.550833],[8.844999,10.550834],[8.844999,10.552499],[8.845832,10.5525],[8.845832,10.553333],[8.843333,10.553334],[8.843332,10.556666],[8.842797,10.556666],[8.841817,10.554622],[8.840833,10.553496],[8.838695,10.551055],[8.836046,10.545527],[8.835131,10.542181],[8.826118,10.523144],[8.824993,10.505082],[8.825053,10.504166]]]},"properties":{"Name":"Dababe Health Post","Site Location":[8.84760099973,10.4999340004],"Admin 0":["Nigeria"],"Admin 1":["Bauchi"],"Admin 2":["Toro"],"Admin 3":["Rishi"],"Total population - WorldPop (2026)":4095,"Total population - WorldPop UN (2026)":3329,"Total population - Kontur (2023-10-31)":4368,"Total population - Meta (2023-04-21)":3726,"Total women - Meta (2023-04-21)":1863,"Total men - Meta (2023-04-21)":1863,"Children under 5 - Meta (2023-04-21)":532,"People 15 to 24 - Meta (2023-04-21)":532,"Women 15 to 49 - Meta (2023-04-21)":1065,"People 60 and older - Meta (2023-04-21)":0,"OpenStreetMap Buildings (2026-02-20)":486,"Google Buildings 60+% Confidence (2023-05)":2586,"Google Buildings 70+% Confidence (2023-05)":2241,"Google Buildings 80+% Confidence (2023-05)":1059,"Average Building Footprint (m²) (2023-05)":"44.67","Overture Buildings (2026-02-20)":2093,"country":"Nigeria","state":"Bauchi","facility_level_code":"primary","nhfr_uid":"","lga_location_id":"nga-ba-5018","ownership_text":"Unknown","facility_level_text":"Health Post","grid3_globalid":"eebb0a9e-c121-45ac-a893-fcbb22addab2","location_id":"eebb0a9e-c121-45ac-a893-fcbb22addab2","lga":"Toro","nhfr_code":"","organization_id":"org-eebb0a9e-c121-45ac-a893-fcbb22addab2","ownership_code":"public","status":"active"},"id":17},{"type":"Feature","geometry":{"type":"Polygon","coordinates":[[[9.109166,10.050834],[9.111665,10.050833],[9.111665,10.049167],[9.110833,10.049166],[9.110832,10.048334],[9.109999,10.048333],[9.109999,10.045416],[9.110988,10.046685],[9.114564,10.05168],[9.118558,10.056022],[9.124002,10.05803],[9.12804,10.058643],[9.130324,10.0575],[9.130544,10.0575],[9.129842,10.058609],[9.129059,10.062775],[9.129165,10.06324],[9.129166,10.063333],[9.129197,10.063334],[9.12926,10.063516],[9.12984,10.063712],[9.128861,10.064843],[9.12854,10.065587],[9.128538,10.065599],[9.129576,10.06582],[9.129719,10.065954],[9.129864,10.065886],[9.130264,10.06577],[9.13034,10.06595],[9.130122,10.066713],[9.130104,10.066752],[9.129767,10.06669],[9.129675,10.06719],[9.129289,10.067133],[9.129182,10.06782],[9.129082,10.068448],[9.129064,10.068521],[9.128409,10.068368],[9.127935,10.068296],[9.127662,10.068255],[9.12767,10.068216],[9.127708,10.067485],[9.127006,10.067326],[9.126855,10.067968],[9.126814,10.068185],[9.126565,10.069309],[9.126552,10.06935],[9.125766,10.069198],[9.124827,10.069161],[9.124828,10.069113],[9.124885,10.068674],[9.124894,10.068629],[9.124965,10.068301],[9.124958,10.068298],[9.124968,10.068241],[9.124009,10.068034],[9.124002,10.06807],[9.123954,10.068387],[9.123936,10.068474],[9.12393,10.068474],[9.123824,10.068765],[9.123752,10.069075],[9.12362,10.069593],[9.12286,10.069455],[9.121994,10.069282],[9.122006,10.069232],[9.122005,10.06923],[9.12123,10.0691],[9.120688,10.069004],[9.120679,10.069045],[9.12062,10.069483],[9.119999,10.069319],[9.119999,10.068823],[9.120017,10.068777],[9.120166,10.068302],[9.120393,10.067863],[9.120276,10.067865],[9.120173,10.067834],[9.120062,10.067779],[9.119966,10.067807],[9.11985,10.067834],[9.119756,10.067883],[9.119645,10.067877],[9.119556,10.067936],[9.119481,10.067928],[9.1194,10.067905],[9.119336,10.067932],[9.119253,10.067893],[9.119169,10.067828],[9.119051,10.067795],[9.118958,10.067733],[9.118907,10.06777],[9.11884,10.067732],[9.118747,10.067691],[9.118661,10.067693],[9.11858,10.067648],[9.118586,10.067547],[9.118523,10.067526],[9.118455,10.067571],[9.118369,10.067613],[9.118242,10.067578],[9.118497,10.066819],[9.118496,10.066818],[9.118035,10.066818],[9.117863,10.066859],[9.117661,10.066924],[9.117471,10.066929],[9.117293,10.066905],[9.117265,10.066992],[9.116962,10.066932],[9.116651,10.066848],[9.116659,10.066783],[9.116307,10.066701],[9.116415,10.06615],[9.116539,10.065743],[9.116715,10.065274],[9.116745,10.065026],[9.118441,10.065404],[9.1192,10.06503],[9.119505,10.064687],[9.120507,10.062718],[9.12054,10.062084],[9.118802,10.061692],[9.1175,10.059966],[9.117499,10.059967],[9.117498,10.06],[9.114166,10.06],[9.114165,10.060833],[9.112499,10.060833],[9.112499,10.0575],[9.113332,10.057499],[9.113332,10.053334],[9.109166,10.053333],[9.109166,10.050834]]]},"properties":{"Name":"Danmaigoro Hospital","Site Location":[9.12667,10.06776],"Admin 0":["Nigeria"],"Admin 1":["Bauchi"],"Admin 2":["Toro"],"Admin 3":["Toro"],"Total population - WorldPop (2026)":6155,"Total population - WorldPop UN (2026)":4263,"Total population - Kontur (2023-10-31)":4481,"Total population - Meta (2023-04-21)":3999,"Total women - Meta (2023-04-21)":2000,"Total men - Meta (2023-04-21)":2000,"Children under 5 - Meta (2023-04-21)":571,"People 15 to 24 - Meta (2023-04-21)":571,"Women 15 to 49 - Meta (2023-04-21)":1143,"People 60 and older - Meta (2023-04-21)":0,"OpenStreetMap Buildings (2026-02-20)":1683,"Google Buildings 60+% Confidence (2023-05)":2320,"Google Buildings 70+% Confidence (2023-05)":1966,"Google Buildings 80+% Confidence (2023-05)":1165,"Average Building Footprint (m²) (2023-05)":"69.29","Overture Buildings (2026-02-20)":2064,"grid3_globalid":"2c405701-909d-4112-97dd-43564504c9bf","country":"Nigeria","location_id":"2c405701-909d-4112-97dd-43564504c9bf","status":"active","state":"Bauchi","lga":"Toro","lga_location_id":"nga-ba-5018","facility_level_code":"secondary","facility_level_text":"Unknown","ownership_code":"private","nhfr_uid":"50440140","ownership_text":"For Profit","organization_id":"org-2c405701-909d-4112-97dd-43564504c9bf","nhfr_code":"05/18/1/2/2/0001"},"id":18},{"type":"Feature","geometry":{"type":"Polygon","coordinates":[[[9.574351,10.288564],[9.579629,10.286666],[9.592651,10.281525],[9.596665,10.280495],[9.596666,10.286666],[9.600832,10.286667],[9.600833,10.290833],[9.604998,10.290834],[9.604999,10.299166],[9.609165,10.299167],[9.609166,10.303333],[9.613332,10.303334],[9.613333,10.311666],[9.616665,10.311667],[9.616666,10.314166],[9.617498,10.314167],[9.617498,10.315833],[9.614166,10.315834],[9.614165,10.316666],[9.613333,10.316667],[9.613333,10.319999],[9.617498,10.32],[9.617498,10.322499],[9.616666,10.3225],[9.616665,10.323333],[9.614166,10.323334],[9.614165,10.324166],[9.613333,10.324167],[9.613332,10.328333],[9.609166,10.328334],[9.609166,10.334166],[9.609998,10.334167],[9.609998,10.337499],[9.604999,10.3375],[9.604998,10.340833],[9.600833,10.340834],[9.600832,10.352499],[9.599166,10.3525],[9.599165,10.353333],[9.598333,10.353334],[9.598332,10.354166],[9.595833,10.354166],[9.595832,10.353334],[9.594999,10.353334],[9.594999,10.354999],[9.595832,10.355],[9.595832,10.355439],[9.595182,10.355239],[9.594153,10.355379],[9.593856,10.355241],[9.593775,10.35476],[9.593846,10.354039],[9.593645,10.353476],[9.59375,10.3525],[9.593333,10.352499],[9.593332,10.351667],[9.590833,10.351667],[9.590833,10.354166],[9.591665,10.354167],[9.591666,10.354999],[9.592498,10.355],[9.592498,10.361666],[9.584166,10.361666],[9.584166,10.360219],[9.591569,10.360093],[9.59157,10.360091],[9.590157,10.357065],[9.589242,10.354119],[9.588659,10.35101],[9.588159,10.349208],[9.586828,10.343807],[9.585997,10.340207],[9.585498,10.33767],[9.584748,10.335869],[9.583834,10.333333],[9.583501,10.331777],[9.582753,10.330222],[9.582336,10.327194],[9.57977,10.320478],[9.580339,10.318928],[9.579438,10.317003],[9.579093,10.314919],[9.578261,10.312954],[9.577928,10.311481],[9.577595,10.309435],[9.577419,10.307538],[9.577167,10.30559],[9.577012,10.304605],[9.576929,10.303787],[9.576846,10.302314],[9.575599,10.29994],[9.575764,10.29773],[9.575431,10.295356],[9.575183,10.29192],[9.574351,10.288564]]]},"properties":{"Name":"Dannga Health Post","Site Location":[9.58826,10.31948],"Admin 0":["Nigeria"],"Admin 1":["Bauchi"],"Admin 2":["Toro"],"Admin 3":["Rauta Geji"],"Total population - WorldPop (2026)":642,"Total population - WorldPop UN (2026)":491,"Total population - Kontur (2023-10-31)":259,"Total population - Meta (2023-04-21)":266,"Total women - Meta (2023-04-21)":133,"Total men - Meta (2023-04-21)":133,"Children under 5 - Meta (2023-04-21)":38,"People 15 to 24 - Meta (2023-04-21)":38,"Women 15 to 49 - Meta (2023-04-21)":76,"People 60 and older - Meta (2023-04-21)":0,"OpenStreetMap Buildings (2026-02-20)":176,"Google Buildings 60+% Confidence (2023-05)":189,"Google Buildings 70+% Confidence (2023-05)":160,"Google Buildings 80+% Confidence (2023-05)":80,"Average Building Footprint (m²) (2023-05)":"21.58","Overture Buildings (2026-02-20)":219,"lga":"Toro","facility_level_text":"Health Post","location_id":"0866b548-bda0-43e2-96df-d182b27af4f8","country":"Nigeria","status":"active","facility_level_code":"primary","nhfr_uid":"","grid3_globalid":"0866b548-bda0-43e2-96df-d182b27af4f8","nhfr_code":"","ownership_text":"Unknown","lga_location_id":"nga-ba-5018","organization_id":"org-0866b548-bda0-43e2-96df-d182b27af4f8","ownership_code":"public","state":"Bauchi"},"id":19},{"type":"Feature","geometry":{"type":"Polygon","coordinates":[[[9.042499,10.295],[9.045832,10.294999],[9.045833,10.294167],[9.046665,10.294166],[9.046666,10.287848],[9.047192,10.287974],[9.047864,10.287769],[9.048168,10.28779],[9.048383,10.287864],[9.048474,10.288017],[9.048292,10.288319],[9.048129,10.288644],[9.048122,10.288874],[9.048271,10.288993],[9.050832,10.288751],[9.050832,10.2875],[9.047499,10.287499],[9.047499,10.2825],[9.049165,10.282499],[9.049166,10.281667],[9.050832,10.281666],[9.050832,10.278334],[9.049999,10.278334],[9.049998,10.279999],[9.047499,10.28],[9.047499,10.278334],[9.049165,10.278333],[9.049166,10.275834],[9.050832,10.275833],[9.050833,10.274167],[9.053332,10.274166],[9.053333,10.270835],[9.049999,10.270833],[9.049999,10.27],[9.052498,10.269999],[9.052498,10.266098],[9.052497,10.266097],[9.0521,10.266528],[9.051178,10.266698],[9.050389,10.267622],[9.050149,10.267684],[9.049719,10.267506],[9.048995,10.267484],[9.04869,10.267284],[9.049382,10.266892],[9.050593,10.266544],[9.050604,10.265653],[9.050471,10.265051],[9.050149,10.26455],[9.049166,10.264738],[9.049166,10.263334],[9.050832,10.263333],[9.050833,10.2575],[9.054998,10.257499],[9.054998,10.256667],[9.054166,10.256666],[9.054166,10.255834],[9.054998,10.255833],[9.054998,10.254167],[9.053333,10.254166],[9.053332,10.250834],[9.052499,10.250833],[9.052499,10.25],[9.053332,10.249999],[9.053333,10.249167],[9.054165,10.249166],[9.054166,10.248432],[9.054998,10.248704],[9.054999,10.2475],[9.055832,10.2475],[9.055833,10.248333],[9.056272,10.248333],[9.056358,10.247679],[9.056678,10.246663],[9.056397,10.245754],[9.056285,10.245699],[9.056157,10.24562],[9.056063,10.245378],[9.05605,10.244839],[9.056172,10.244474],[9.055932,10.243556],[9.055325,10.242489],[9.055008,10.24129],[9.05455,10.24],[9.054999,10.239999],[9.054999,10.235],[9.056665,10.234999],[9.056666,10.2325],[9.059165,10.232499],[9.059166,10.23],[9.059998,10.229999],[9.059999,10.229216],[9.060652,10.229405],[9.069268,10.232767],[9.080424,10.240544],[9.091563,10.247216],[9.106702,10.248994],[9.124069,10.249185],[9.128094,10.257326],[9.136857,10.272381],[9.147962,10.287463],[9.147713,10.288704],[9.14074,10.299693],[9.134166,10.307128],[9.134165,10.303334],[9.117499,10.303333],[9.117498,10.301667],[9.115833,10.301666],[9.115832,10.3],[9.112499,10.3],[9.112498,10.300833],[9.109999,10.300834],[9.109998,10.301251],[9.108074,10.30318],[9.107959,10.303333],[9.100833,10.303333],[9.100832,10.301667],[9.098333,10.301666],[9.098332,10.300834],[9.095833,10.300833],[9.095832,10.299167],[9.0925,10.299167],[9.092499,10.300833],[9.093332,10.300834],[9.093332,10.303333],[9.092499,10.303333],[9.092498,10.300834],[9.089999,10.300834],[9.089998,10.301666],[9.088333,10.301667],[9.088332,10.303276],[9.087865,10.303334],[9.081666,10.303334],[9.081666,10.304166],[9.084165,10.304167],[9.084165,10.304183],[9.082432,10.304289],[9.081956,10.304627],[9.080834,10.304118],[9.080833,10.304119],[9.080832,10.304167],[9.079999,10.304167],[9.079998,10.304999],[9.079166,10.305],[9.079165,10.307499],[9.075833,10.307499],[9.075832,10.305834],[9.074999,10.305834],[9.074998,10.306666],[9.07422,10.306666],[9.073702,10.305451],[9.073129,10.305096],[9.072862,10.304934],[9.071634,10.304356],[9.070803,10.303824],[9.068334,10.302039],[9.068333,10.30204],[9.068332,10.303333],[9.063333,10.303334],[9.063332,10.307499],[9.059999,10.307499],[9.059999,10.306667],[9.062498,10.306666],[9.062498,10.304167],[9.061666,10.304166],[9.061665,10.302699],[9.061461,10.302267],[9.060833,10.301044],[9.060832,10.302499],[9.05916,10.3025],[9.058785,10.303565],[9.058333,10.30424],[9.058332,10.304999],[9.056666,10.305],[9.056665,10.307499],[9.050833,10.307499],[9.050832,10.303334],[9.046666,10.303333],[9.046665,10.300834],[9.045833,10.300833],[9.045832,10.299167],[9.042499,10.299166],[9.042499,10.295]]]},"properties":{"Name":"Didim Health Post","Site Location":[9.08292,10.26948],"Admin 0":["Nigeria"],"Admin 1":["Bauchi"],"Admin 2":["Toro"],"Admin 3":["Wonu North"],"Total population - WorldPop (2026)":4641,"Total population - WorldPop UN (2026)":4440,"Total population - Kontur (2023-10-31)":5300,"Total population - Meta (2023-04-21)":5345,"Total women - Meta (2023-04-21)":2673,"Total men - Meta (2023-04-21)":2673,"Children under 5 - Meta (2023-04-21)":764,"People 15 to 24 - Meta (2023-04-21)":764,"Women 15 to 49 - Meta (2023-04-21)":1527,"People 60 and older - Meta (2023-04-21)":0,"OpenStreetMap Buildings (2026-02-20)":1952,"Google Buildings 60+% Confidence (2023-05)":2682,"Google Buildings 70+% Confidence (2023-05)":2160,"Google Buildings 80+% Confidence (2023-05)":905,"Average Building Footprint (m²) (2023-05)":"22.90","Overture Buildings (2026-02-20)":2945,"organization_id":"org-309935a1-2ccb-4b8c-a073-4df9da85f414","nhfr_code":"05/18/1/1/1/0012","facility_level_text":"Health Post","nhfr_uid":"27505163","grid3_globalid":"309935a1-2ccb-4b8c-a073-4df9da85f414","lga_location_id":"nga-ba-5018","facility_level_code":"primary","ownership_code":"public","country":"Nigeria","ownership_text":"Local Government","status":"active","state":"Bauchi","location_id":"309935a1-2ccb-4b8c-a073-4df9da85f414","lga":"Toro"},"id":20},{"type":"Feature","geometry":{"type":"Polygon","coordinates":[[[8.940168,10.506544],[8.943967,10.499167],[8.944166,10.499167],[8.944166,10.501666],[8.945832,10.501667],[8.945833,10.503333],[8.947498,10.503334],[8.947499,10.504166],[8.949015,10.504166],[8.949023,10.504024],[8.948981,10.502179],[8.948927,10.501673],[8.949137,10.501683],[8.9494,10.500191],[8.950311,10.50106],[8.95132,10.501388],[8.952498,10.502475],[8.952499,10.502499],[8.954165,10.5025],[8.954166,10.503333],[8.955832,10.503333],[8.955833,10.5025],[8.957498,10.5025],[8.957499,10.503333],[8.958333,10.503334],[8.958332,10.504166],[8.957499,10.504167],[8.957499,10.504999],[8.959998,10.505],[8.959999,10.506666],[8.960832,10.506666],[8.960833,10.504167],[8.963332,10.504167],[8.963333,10.507499],[8.964165,10.507499],[8.964166,10.506667],[8.965832,10.506666],[8.965833,10.505834],[8.967498,10.505834],[8.967499,10.506666],[8.968332,10.506667],[8.968333,10.508333],[8.972498,10.508334],[8.972498,10.509999],[8.971666,10.51],[8.971666,10.511666],[8.973332,10.511667],[8.973333,10.512499],[8.975832,10.512499],[8.975833,10.511667],[8.979998,10.511667],[8.979999,10.515833],[8.980832,10.515833],[8.980833,10.515],[8.984165,10.514999],[8.984166,10.511667],[8.992498,10.511667],[8.992499,10.515833],[8.996665,10.515834],[8.996666,10.519999],[9.004998,10.52],[9.004999,10.520833],[9.006665,10.520834],[9.006666,10.522499],[9.008332,10.522499],[9.008333,10.521667],[9.009165,10.521667],[9.009167,10.524167],[9.013332,10.524166],[9.013333,10.52],[9.017498,10.519999],[9.017499,10.515834],[9.038332,10.515833],[9.038333,10.5075],[9.042498,10.5075],[9.042499,10.511666],[9.046665,10.511667],[9.046666,10.515833],[9.042499,10.515834],[9.042498,10.519999],[9.034166,10.52],[9.034165,10.524166],[9.029999,10.524167],[9.029998,10.528333],[9.025833,10.528334],[9.025832,10.536666],[9.024166,10.536667],[9.024165,10.538333],[9.021666,10.538334],[9.021665,10.540833],[9.014166,10.540834],[9.014165,10.541666],[9.013333,10.541667],[9.013332,10.546666],[9.012499,10.546667],[9.012498,10.547499],[9.011666,10.547499],[9.011665,10.546667],[9.010833,10.546666],[9.010832,10.545834],[9.009999,10.545833],[9.009998,10.545],[9.009166,10.545],[9.009165,10.549166],[9.000833,10.549167],[9.000832,10.553333],[8.996666,10.553334],[8.996665,10.557499],[8.994999,10.557499],[8.994998,10.555834],[8.993867,10.555834],[8.993737,10.556997],[8.994256,10.557552],[8.994487,10.558554],[8.995364,10.559166],[8.996665,10.559167],[8.996665,10.560833],[8.995833,10.560834],[8.995832,10.561666],[8.994999,10.561667],[8.994999,10.563333],[8.996665,10.563334],[8.996665,10.565833],[8.962499,10.565834],[8.962498,10.565],[8.961666,10.565],[8.961665,10.566666],[8.955833,10.566667],[8.955832,10.565834],[8.950627,10.565833],[8.949302,10.556615],[8.948373,10.549831],[8.94836,10.549433],[8.957933,10.535548],[8.960575,10.52867],[8.958836,10.512624],[8.957307,10.512235],[8.941684,10.508279],[8.940168,10.506544]]]},"properties":{"Name":"Dinga Health Post","Site Location":[8.98038099995,10.5324859995],"Admin 0":["Nigeria"],"Admin 1":["Bauchi"],"Admin 2":["Toro"],"Admin 3":["Tama #1"],"Total population - WorldPop (2026)":2746,"Total population - WorldPop UN (2026)":2815,"Total population - Kontur (2023-10-31)":2935,"Total population - Meta (2023-04-21)":2681,"Total women - Meta (2023-04-21)":1341,"Total men - Meta (2023-04-21)":1341,"Children under 5 - Meta (2023-04-21)":383,"People 15 to 24 - Meta (2023-04-21)":383,"Women 15 to 49 - Meta (2023-04-21)":766,"People 60 and older - Meta (2023-04-21)":0,"OpenStreetMap Buildings (2026-02-20)":1,"Google Buildings 60+% Confidence (2023-05)":1624,"Google Buildings 70+% Confidence (2023-05)":1289,"Google Buildings 80+% Confidence (2023-05)":410,"Average Building Footprint (m²) (2023-05)":"26.96","Overture Buildings (2026-02-20)":1266,"country":"Nigeria","lga":"Toro","state":"Bauchi","lga_location_id":"nga-ba-5018","nhfr_uid":"","organization_id":"org-92001feb-5355-40d6-b9ad-3c056240c1a0","facility_level_text":"Health Post","facility_level_code":"primary","ownership_code":"public","nhfr_code":"","location_id":"92001feb-5355-40d6-b9ad-3c056240c1a0","status":"active","ownership_text":"Unknown","grid3_globalid":"92001feb-5355-40d6-b9ad-3c056240c1a0"},"id":21},{"type":"Feature","geometry":{"type":"Polygon","coordinates":[[[9.488333,10.149166],[9.488333,10.145],[9.496665,10.144999],[9.496666,10.1325],[9.498332,10.132499],[9.498333,10.130834],[9.500832,10.130834],[9.500833,10.132499],[9.504998,10.132499],[9.504998,10.128334],[9.500833,10.128333],[9.500833,10.124167],[9.501665,10.124166],[9.501666,10.123493],[9.503398,10.123769],[9.504998,10.124099],[9.504999,10.123334],[9.506665,10.123333],[9.506666,10.1225],[9.507498,10.1225],[9.507499,10.123333],[9.508412,10.123333],[9.508412,10.118545],[9.506666,10.118544],[9.506666,10.118334],[9.507498,10.118333],[9.507499,10.1175],[9.511665,10.117499],[9.511666,10.115834],[9.513332,10.115833],[9.513332,10.114909],[9.513052,10.115003],[9.512562,10.115093],[9.515698,10.114211],[9.518264,10.113159],[9.523908,10.151263],[9.533347,10.150773],[9.537031,10.152921],[9.549754,10.160913],[9.572189,10.158223],[9.58108,10.174166],[9.579999,10.174167],[9.579999,10.178333],[9.580832,10.178333],[9.580833,10.1775],[9.581665,10.177499],[9.581666,10.176667],[9.581755,10.176667],[9.581774,10.177786],[9.580822,10.180202],[9.580806,10.181014],[9.58046,10.181689],[9.580476,10.182072],[9.580538,10.183173],[9.580928,10.183906],[9.581068,10.184598],[9.580844,10.185439],[9.580421,10.186011],[9.580389,10.186317],[9.580022,10.186666],[9.580309,10.188333],[9.579999,10.188334],[9.579998,10.190833],[9.574166,10.190833],[9.574166,10.19],[9.574998,10.189999],[9.574998,10.18823],[9.574981,10.188234],[9.57474,10.188244],[9.573727,10.188903],[9.573362,10.189062],[9.5732,10.189036],[9.572525,10.189252],[9.572664,10.190059],[9.572701,10.190129],[9.572675,10.190376],[9.572643,10.190441],[9.572642,10.190529],[9.572396,10.190842],[9.572308,10.191634],[9.572523,10.191912],[9.572112,10.192103],[9.571913,10.192244],[9.571688,10.192326],[9.571715,10.192565],[9.571476,10.192619],[9.57125,10.192505],[9.570968,10.192558],[9.57099,10.193074],[9.570782,10.193882],[9.570782,10.194109],[9.570772,10.194166],[9.567499,10.194167],[9.567499,10.194999],[9.568332,10.195],[9.568333,10.195833],[9.566666,10.195834],[9.566666,10.198333],[9.567498,10.198334],[9.567498,10.199166],[9.562499,10.199167],[9.562499,10.201666],[9.563332,10.201667],[9.563332,10.203333],[9.561666,10.203334],[9.561665,10.206666],[9.557499,10.206666],[9.557499,10.204167],[9.558332,10.204166],[9.558332,10.203334],[9.554999,10.203334],[9.554999,10.205833],[9.55482,10.205833],[9.554746,10.204238],[9.554299,10.2025],[9.552499,10.2025],[9.552498,10.203333],[9.550833,10.203333],[9.550832,10.201667],[9.549166,10.201666],[9.549165,10.200834],[9.546667,10.200834],[9.546665,10.201666],[9.545833,10.201667],[9.545832,10.202499],[9.543333,10.2025],[9.543332,10.203333],[9.534166,10.203334],[9.534165,10.207499],[9.525833,10.207499],[9.525832,10.205834],[9.522499,10.205833],[9.522498,10.205],[9.521666,10.205],[9.521665,10.205833],[9.518333,10.205833],[9.518332,10.203334],[9.514166,10.203334],[9.514165,10.204999],[9.513333,10.205],[9.513332,10.207499],[9.509166,10.207499],[9.509165,10.206667],[9.504999,10.206667],[9.504998,10.207499],[9.503333,10.2075],[9.503332,10.206667],[9.500833,10.206666],[9.500832,10.203334],[9.496666,10.203333],[9.496666,10.199167],[9.500832,10.199166],[9.500832,10.195],[9.495833,10.194999],[9.495832,10.194167],[9.493333,10.194166],[9.493332,10.193334],[9.492499,10.193333],[9.492499,10.190834],[9.496665,10.190833],[9.496665,10.186667],[9.492499,10.186666],[9.492498,10.178334],[9.488333,10.178333],[9.488333,10.175834],[9.489165,10.175833],[9.489166,10.174167],[9.492498,10.174166],[9.492499,10.1675],[9.494165,10.167499],[9.494166,10.164168],[9.492499,10.164166],[9.492498,10.1575],[9.488333,10.157499],[9.488333,10.153334],[9.492498,10.153333],[9.492498,10.149167],[9.488333,10.149166]]]},"properties":{"Name":"Dori Primary Health Clinic","Site Location":[9.538696289,10.18890381],"Admin 0":["Nigeria"],"Admin 1":["Bauchi"],"Admin 2":["Toro"],"Admin 3":["Jama'a #1"],"Total population - WorldPop (2026)":3024,"Total population - WorldPop UN (2026)":2805,"Total population - Kontur (2023-10-31)":2590,"Total population - Meta (2023-04-21)":2449,"Total women - Meta (2023-04-21)":1224,"Total men - Meta (2023-04-21)":1224,"Children under 5 - Meta (2023-04-21)":358,"People 15 to 24 - Meta (2023-04-21)":358,"Women 15 to 49 - Meta (2023-04-21)":697,"People 60 and older - Meta (2023-04-21)":0,"OpenStreetMap Buildings (2026-02-20)":1196,"Google Buildings 60+% Confidence (2023-05)":1083,"Google Buildings 70+% Confidence (2023-05)":922,"Google Buildings 80+% Confidence (2023-05)":329,"Average Building Footprint (m²) (2023-05)":"28.93","Overture Buildings (2026-02-20)":1505,"ownership_code":"public","location_id":"9ab2c2ac-eb89-4ecd-b790-34bd897ffaf2","status":"active","lga_location_id":"nga-ba-5018","facility_level_text":"Primary Health Clinic","organization_id":"org-9ab2c2ac-eb89-4ecd-b790-34bd897ffaf2","nhfr_uid":"45350274","ownership_text":"Local Government","nhfr_code":"05/18/1/1/1/0014","country":"Nigeria","lga":"Toro","facility_level_code":"primary","grid3_globalid":"9ab2c2ac-eb89-4ecd-b790-34bd897ffaf2","state":"Bauchi"},"id":22},{"type":"Feature","geometry":{"type":"Polygon","coordinates":[[[9.224023,9.932499],[9.228317,9.895],[9.229998,9.895],[9.229999,9.900833],[9.230832,9.900834],[9.230833,9.901666],[9.233332,9.901666],[9.233332,9.9],[9.232499,9.899999],[9.232499,9.899167],[9.234165,9.899167],[9.234166,9.899816],[9.236236,9.899817],[9.236302,9.899279],[9.236339,9.899167],[9.242498,9.899167],[9.242499,9.899999],[9.243332,9.9],[9.243333,9.901666],[9.244165,9.901666],[9.244166,9.900834],[9.246665,9.900834],[9.246666,9.907499],[9.254165,9.907499],[9.254166,9.906667],[9.254998,9.906667],[9.254999,9.907499],[9.258332,9.9075],[9.258333,9.909999],[9.259165,9.91],[9.259166,9.910833],[9.259998,9.910834],[9.259999,9.911666],[9.261665,9.911667],[9.261665,9.913333],[9.260833,9.913334],[9.260832,9.914166],[9.259999,9.914167],[9.259999,9.915833],[9.262498,9.915834],[9.262498,9.916666],[9.261666,9.916667],[9.261666,9.919166],[9.263332,9.919167],[9.263332,9.924166],[9.259166,9.924167],[9.259165,9.932499],[9.240834,9.9325],[9.240832,9.933333],[9.238449,9.933333],[9.239027,9.929149],[9.239047,9.928334],[9.235833,9.928334],[9.235833,9.931666],[9.236665,9.931667],[9.236665,9.932499],[9.224023,9.932499]]]},"properties":{"Name":"Dorong Primary Health Center","Site Location":[9.2323104,9.9157786],"Admin 0":["Nigeria"],"Admin 1":["Bauchi"],"Admin 2":["Toro"],"Admin 3":["Palama"],"Total population - WorldPop (2026)":1692,"Total population - WorldPop UN (2026)":1343,"Total population - Kontur (2023-10-31)":1476,"Total population - Meta (2023-04-21)":1249,"Total women - Meta (2023-04-21)":624,"Total men - Meta (2023-04-21)":624,"Children under 5 - Meta (2023-04-21)":178,"People 15 to 24 - Meta (2023-04-21)":178,"Women 15 to 49 - Meta (2023-04-21)":357,"People 60 and older - Meta (2023-04-21)":0,"OpenStreetMap Buildings (2026-02-20)":432,"Google Buildings 60+% Confidence (2023-05)":530,"Google Buildings 70+% Confidence (2023-05)":409,"Google Buildings 80+% Confidence (2023-05)":207,"Average Building Footprint (m²) (2023-05)":"34.90","Overture Buildings (2026-02-20)":682,"lga":"Toro","facility_level_code":"primary","nhfr_uid":"","lga_location_id":"nga-ba-5018","organization_id":"org-1cd702d8-25dc-4bcd-8da7-5bdcb98b4e70","ownership_text":"Unknown","facility_level_text":"Primary Health Center","location_id":"1cd702d8-25dc-4bcd-8da7-5bdcb98b4e70","ownership_code":"public","nhfr_code":"","grid3_globalid":"1cd702d8-25dc-4bcd-8da7-5bdcb98b4e70","status":"active","country":"Nigeria","state":"Bauchi"},"id":23},{"type":"Feature","geometry":{"type":"Polygon","coordinates":[[[8.963708,10.003333],[8.977461,9.987416],[9.002774,9.988791],[9.00127,10.000218],[9.001982,10.000827],[9.00146,10.001809],[9.000833,10.002697],[9.000832,9.999167],[8.989073,9.999167],[8.988863,9.999999],[8.987499,10],[8.987498,9.999167],[8.986666,9.999167],[8.986665,10.003333],[8.976666,10.003334],[8.976665,10.004999],[8.975833,10.005],[8.975832,10.0075],[8.967499,10.007499],[8.967498,10.003334],[8.963708,10.003333]]]},"properties":{"Name":"Durbi Primary Health Center","Site Location":[8.993713379,9.993896485],"Admin 0":["Nigeria"],"Admin 1":["Bauchi"],"Admin 2":["Toro"],"Admin 3":["Tilde"],"Total population - WorldPop (2026)":1330,"Total population - WorldPop UN (2026)":1080,"Total population - Kontur (2023-10-31)":1139,"Total population - Meta (2023-04-21)":1057,"Total women - Meta (2023-04-21)":529,"Total men - Meta (2023-04-21)":529,"Children under 5 - Meta (2023-04-21)":141,"People 15 to 24 - Meta (2023-04-21)":211,"Women 15 to 49 - Meta (2023-04-21)":282,"People 60 and older - Meta (2023-04-21)":0,"OpenStreetMap Buildings (2026-02-20)":197,"Google Buildings 60+% Confidence (2023-05)":265,"Google Buildings 70+% Confidence (2023-05)":227,"Google Buildings 80+% Confidence (2023-05)":119,"Average Building Footprint (m²) (2023-05)":"45.23","Overture Buildings (2026-02-20)":237,"nhfr_code":"","status":"active","grid3_globalid":"066d0f2a-f1e3-4a52-9175-96148d568666","lga_location_id":"nga-ba-5018","country":"Nigeria","facility_level_text":"Primary Health Center","ownership_code":"public","organization_id":"org-066d0f2a-f1e3-4a52-9175-96148d568666","location_id":"066d0f2a-f1e3-4a52-9175-96148d568666","state":"Bauchi","facility_level_code":"primary","ownership_text":"Unknown","nhfr_uid":"","lga":"Toro"},"id":24},{"type":"Feature","geometry":{"type":"Polygon","coordinates":[[[9.059445,10.074166],[9.059541,10.074145],[9.06087,10.072619],[9.062114,10.069371],[9.062598,10.067928],[9.063539,10.065839],[9.064139,10.064111],[9.065638,10.064367],[9.067901,10.064269],[9.069061,10.064153],[9.070544,10.06383],[9.071666,10.06355],[9.071729,10.063534],[9.072463,10.063334],[9.073624,10.063015],[9.07545,10.062538],[9.075586,10.0625],[9.077498,10.062499],[9.077499,10.062011],[9.078751,10.061667],[9.079998,10.061667],[9.079999,10.065833],[9.084165,10.065834],[9.084165,10.068333],[9.083333,10.068334],[9.083333,10.069999],[9.084165,10.07],[9.084166,10.075031],[9.085897,10.07466],[9.086685,10.074817],[9.088332,10.07548],[9.088333,10.076666],[9.091666,10.076667],[9.091665,10.080833],[9.090833,10.080834],[9.090832,10.081666],[9.088333,10.081667],[9.088332,10.084166],[9.087329,10.084167],[9.087286,10.084789],[9.087008,10.08547],[9.087233,10.086025],[9.088112,10.085968],[9.088456,10.08695],[9.088461,10.086965],[9.088707,10.087045],[9.089144,10.087448],[9.089249,10.087616],[9.089382,10.087908],[9.08949,10.088227],[9.089489,10.088232],[9.089173,10.089147],[9.088859,10.089547],[9.08886,10.089548],[9.089209,10.089506],[9.089002,10.090833],[9.092499,10.090834],[9.092498,10.093333],[9.089999,10.093333],[9.089998,10.091667],[9.089117,10.091667],[9.08903,10.092553],[9.089175,10.093098],[9.089222,10.093815],[9.088901,10.095785],[9.088965,10.096293],[9.089162,10.096618],[9.090113,10.098211],[9.090135,10.099945],[9.090187,10.099949],[9.090189,10.099985],[9.090585,10.100693],[9.090548,10.10151],[9.090692,10.102008],[9.090189,10.104045],[9.090064,10.105265],[9.089534,10.106396],[9.089437,10.107298],[9.088155,10.107991],[9.087216,10.108217],[9.086666,10.108179],[9.086666,10.108333],[9.087498,10.108334],[9.087498,10.111666],[9.084166,10.111666],[9.084165,10.1075],[9.080833,10.107499],[9.080832,10.105834],[9.079999,10.105833],[9.079998,10.103334],[9.075833,10.103333],[9.075832,10.1],[9.072499,10.099999],[9.072498,10.099167],[9.070833,10.099166],[9.070832,10.095834],[9.06984,10.095834],[9.06982,10.095739],[9.071059,10.094667],[9.072378,10.095353],[9.072952,10.096193],[9.072551,10.097465],[9.073783,10.097507],[9.074293,10.096868],[9.074271,10.096777],[9.074186,10.096507],[9.07396,10.095564],[9.073872,10.094673],[9.073897,10.09466],[9.073989,10.094167],[9.071666,10.094166],[9.071666,10.09],[9.072259,10.09],[9.07226,10.089998],[9.069873,10.087858],[9.068828,10.086876],[9.068634,10.086666],[9.068168,10.086216],[9.067228,10.085718],[9.065942,10.084727],[9.065008,10.084641],[9.063333,10.082701],[9.063312,10.0825],[9.064998,10.082499],[9.064999,10.080834],[9.063333,10.080833],[9.063332,10.074167],[9.059445,10.074166]]]},"properties":{"Name":"Fadan Ribina Health Clinic","Site Location":[9.07523,10.08552],"Admin 0":["Nigeria"],"Admin 1":["Bauchi"],"Admin 2":["Toro"],"Admin 3":["Ribina East"],"Total population - WorldPop (2026)":4384,"Total population - WorldPop UN (2026)":4880,"Total population - Kontur (2023-10-31)":6728,"Total population - Meta (2023-04-21)":5810,"Total women - Meta (2023-04-21)":2905,"Total men - Meta (2023-04-21)":2905,"Children under 5 - Meta (2023-04-21)":830,"People 15 to 24 - Meta (2023-04-21)":830,"Women 15 to 49 - Meta (2023-04-21)":1660,"People 60 and older - Meta (2023-04-21)":0,"OpenStreetMap Buildings (2026-02-20)":1455,"Google Buildings 60+% Confidence (2023-05)":2003,"Google Buildings 70+% Confidence (2023-05)":1709,"Google Buildings 80+% Confidence (2023-05)":924,"Average Building Footprint (m²) (2023-05)":"42.87","Overture Buildings (2026-02-20)":2056,"status":"active","location_id":"2ea3e629-9228-463a-a013-4f783d7876fd","grid3_globalid":"2ea3e629-9228-463a-a013-4f783d7876fd","state":"Bauchi","facility_level_text":"Health Post","lga_location_id":"nga-ba-5018","country":"Nigeria","nhfr_uid":"68799562","organization_id":"org-2ea3e629-9228-463a-a013-4f783d7876fd","ownership_code":"public","ownership_text":"Local Government","facility_level_code":"primary","lga":"Toro","nhfr_code":"05/18/1/1/1/0103"},"id":25},{"type":"Feature","geometry":{"type":"Polygon","coordinates":[[[9.070165,10.499167],[9.070832,10.499166],[9.070833,10.498334],[9.071665,10.498333],[9.071666,10.495],[9.075832,10.495],[9.075833,10.499166],[9.079165,10.499166],[9.079166,10.496667],[9.079998,10.496666],[9.079999,10.493258],[9.080393,10.493096],[9.080978,10.492079],[9.081814,10.491319],[9.082018,10.491151],[9.082212,10.491325],[9.085962,10.492621],[9.08683,10.492591],[9.086977,10.4925],[9.088332,10.4925],[9.088333,10.491667],[9.089998,10.491666],[9.089999,10.491133],[9.091121,10.490818],[9.091665,10.490237],[9.091666,10.490833],[9.092498,10.490834],[9.092499,10.493333],[9.093332,10.493334],[9.093333,10.494166],[9.094165,10.494167],[9.094166,10.494999],[9.096665,10.495],[9.096666,10.499166],[9.102498,10.499166],[9.102499,10.4975],[9.104932,10.4975],[9.104646,10.497934],[9.104453,10.498857],[9.104674,10.499999],[9.104166,10.5],[9.104166,10.500833],[9.104741,10.500834],[9.104394,10.503333],[9.104998,10.503334],[9.104999,10.504221],[9.109165,10.504221],[9.109166,10.503334],[9.113332,10.503334],[9.113333,10.506884],[9.113334,10.506885],[9.113937,10.506125],[9.115241,10.505538],[9.11532,10.50517],[9.115395,10.505069],[9.114863,10.504167],[9.114998,10.504166],[9.114999,10.503334],[9.117498,10.503334],[9.117499,10.507499],[9.129998,10.5075],[9.129999,10.511667],[9.134165,10.511666],[9.134166,10.509167],[9.136665,10.509167],[9.136666,10.510833],[9.138332,10.510833],[9.138333,10.5075],[9.142498,10.5075],[9.142499,10.508333],[9.143113,10.508334],[9.143015,10.508908],[9.142177,10.510646],[9.14616,10.510197],[9.146675,10.51045],[9.147009,10.510883],[9.147871,10.511019],[9.148016,10.511315],[9.147911,10.512326],[9.147985,10.512476],[9.148328,10.51334],[9.149998,10.513863],[9.149999,10.514166],[9.152498,10.514167],[9.152499,10.515833],[9.163332,10.515834],[9.163333,10.519999],[9.167498,10.519999],[9.167499,10.515834],[9.171665,10.515834],[9.171666,10.519999],[9.184165,10.52],[9.184166,10.524166],[9.188332,10.524167],[9.188333,10.528333],[9.197498,10.528334],[9.1975,10.529167],[9.200832,10.529166],[9.200833,10.528334],[9.204998,10.528334],[9.204999,10.532499],[9.221665,10.5325],[9.221666,10.536666],[9.225832,10.536667],[9.225833,10.540833],[9.229998,10.540834],[9.229999,10.549166],[9.234165,10.549167],[9.234166,10.553333],[9.238332,10.553334],[9.238333,10.557499],[9.242498,10.5575],[9.242499,10.565833],[9.248332,10.565833],[9.248333,10.565],[9.250832,10.565],[9.250833,10.574166],[9.259165,10.574167],[9.259166,10.582499],[9.271665,10.5825],[9.271666,10.594999],[9.275832,10.595],[9.275833,10.599166],[9.284165,10.599167],[9.284166,10.607499],[9.288332,10.6075],[9.288333,10.611666],[9.292498,10.611667],[9.292499,10.615833],[9.296665,10.615834],[9.296666,10.628333],[9.300832,10.628334],[9.300833,10.640833],[9.304998,10.640834],[9.304999,10.644999],[9.309165,10.645],[9.309166,10.649166],[9.317498,10.649167],[9.317499,10.652499],[9.318332,10.6525],[9.318333,10.653333],[9.321665,10.653334],[9.321666,10.657499],[9.329998,10.6575],[9.329999,10.665833],[9.331313,10.665834],[9.328348,10.667968],[9.313333,10.675006],[9.313332,10.674167],[9.304999,10.674166],[9.304998,10.665834],[9.300833,10.665833],[9.300832,10.6575],[9.288333,10.657499],[9.288332,10.653334],[9.284166,10.653333],[9.284165,10.645],[9.275833,10.644999],[9.275832,10.636667],[9.259166,10.636666],[9.259165,10.6325],[9.254999,10.6325],[9.254998,10.636666],[9.235833,10.636667],[9.235832,10.637499],[9.234999,10.6375],[9.234998,10.636667],[9.229999,10.636666],[9.229998,10.6325],[9.229166,10.632499],[9.229165,10.631667],[9.228333,10.631667],[9.228332,10.632499],[9.221666,10.632499],[9.221665,10.624167],[9.213333,10.624166],[9.213332,10.62],[9.209999,10.62],[9.209998,10.620833],[9.209166,10.620834],[9.209165,10.62],[9.204999,10.619999],[9.204998,10.615834],[9.200833,10.615833],[9.200832,10.611667],[9.188333,10.611666],[9.188332,10.603334],[9.184166,10.603333],[9.184165,10.599167],[9.179999,10.599166],[9.179998,10.595],[9.178333,10.595],[9.178332,10.595833],[9.175833,10.595834],[9.175832,10.596666],[9.172499,10.596666],[9.172498,10.594167],[9.171666,10.594166],[9.171665,10.5925],[9.167499,10.592499],[9.167498,10.591667],[9.166666,10.591666],[9.166665,10.590834],[9.159166,10.590833],[9.159166,10.59],[9.159998,10.589999],[9.159999,10.589167],[9.160832,10.589166],[9.160833,10.588334],[9.159166,10.588333],[9.159165,10.585],[9.156666,10.584999],[9.156665,10.584167],[9.154999,10.584166],[9.154998,10.583334],[9.151666,10.583333],[9.151665,10.5825],[9.150833,10.5825],[9.150832,10.583333],[9.149999,10.583334],[9.149998,10.584999],[9.147499,10.584999],[9.147498,10.584167],[9.146666,10.584167],[9.146665,10.584999],[9.145833,10.584999],[9.145832,10.584167],[9.144166,10.584166],[9.144165,10.5825],[9.142499,10.582499],[9.142498,10.58],[9.141666,10.579999],[9.141665,10.579167],[9.140833,10.579166],[9.140832,10.578334],[9.139166,10.578334],[9.139165,10.579167],[9.138333,10.579166],[9.138332,10.578334],[9.134166,10.578334],[9.134165,10.582499],[9.129999,10.5825],[9.129998,10.578334],[9.125833,10.578333],[9.125832,10.574167],[9.123333,10.574167],[9.123332,10.574999],[9.121666,10.575],[9.121665,10.576666],[9.119166,10.576666],[9.119165,10.575834],[9.118333,10.575833],[9.118332,10.574167],[9.117499,10.574166],[9.117498,10.57],[9.113333,10.569999],[9.113332,10.565834],[9.11233,10.565833],[9.118974,10.558332],[9.119165,10.558118],[9.121665,10.555296],[9.122239,10.554646],[9.114062,10.542605],[9.104554,10.53984],[9.099529,10.528665],[9.095826,10.521389],[9.092346,10.513875],[9.087612,10.510004],[9.080481,10.505573],[9.070165,10.499167]]]},"properties":{"Name":"Fatara Health Post","Site Location":[9.13221527,10.54341276],"Admin 0":["Nigeria"],"Admin 1":["Bauchi"],"Admin 2":["Toro"],"Admin 3":["Lame"],"Total population - WorldPop (2026)":2811,"Total population - WorldPop UN (2026)":2887,"Total population - Kontur (2023-10-31)":2563,"Total population - Meta (2023-04-21)":2380,"Total women - Meta (2023-04-21)":1190,"Total men - Meta (2023-04-21)":1190,"Children under 5 - Meta (2023-04-21)":340,"People 15 to 24 - Meta (2023-04-21)":340,"Women 15 to 49 - Meta (2023-04-21)":680,"People 60 and older - Meta (2023-04-21)":0,"OpenStreetMap Buildings (2026-02-20)":1,"Google Buildings 60+% Confidence (2023-05)":2239,"Google Buildings 70+% Confidence (2023-05)":1789,"Google Buildings 80+% Confidence (2023-05)":728,"Average Building Footprint (m²) (2023-05)":"27.02","Overture Buildings (2026-02-20)":1863,"facility_level_text":"Health Post","grid3_globalid":"f20bf2c3-5bfe-40f7-a5ec-3981c968a728","organization_id":"org-f20bf2c3-5bfe-40f7-a5ec-3981c968a728","nhfr_code":"","ownership_code":"public","location_id":"f20bf2c3-5bfe-40f7-a5ec-3981c968a728","ownership_text":"Unknown","country":"Nigeria","lga":"Toro","status":"active","state":"Bauchi","nhfr_uid":"","facility_level_code":"primary","lga_location_id":"nga-ba-5018"},"id":27},{"type":"Feature","geometry":{"type":"Polygon","coordinates":[[[9.565476,10.365833],[9.568528,10.363529],[9.577096,10.360338],[9.584165,10.360219],[9.584166,10.361666],[9.592498,10.361666],[9.592498,10.355],[9.591666,10.354999],[9.591665,10.354167],[9.590833,10.354166],[9.590833,10.351667],[9.593332,10.351667],[9.593333,10.352499],[9.59375,10.3525],[9.593645,10.353476],[9.593846,10.354039],[9.593775,10.35476],[9.593856,10.355241],[9.594153,10.355379],[9.595182,10.355239],[9.595832,10.355439],[9.595832,10.355],[9.594999,10.354999],[9.594999,10.353334],[9.595832,10.353334],[9.595833,10.354166],[9.598332,10.354166],[9.598333,10.353334],[9.599165,10.353333],[9.599166,10.3525],[9.600832,10.352499],[9.600833,10.340834],[9.604998,10.340833],[9.604999,10.3375],[9.609998,10.337499],[9.609998,10.334167],[9.609166,10.334166],[9.609166,10.328334],[9.613332,10.328333],[9.613333,10.324167],[9.614165,10.324166],[9.614166,10.323334],[9.616665,10.323333],[9.616666,10.3225],[9.617498,10.322499],[9.617498,10.32],[9.613333,10.319999],[9.613333,10.316667],[9.614165,10.316666],[9.614166,10.315834],[9.617498,10.315833],[9.617498,10.314167],[9.616666,10.314166],[9.616665,10.311667],[9.613333,10.311666],[9.613333,10.3075],[9.614998,10.307499],[9.614999,10.306667],[9.617498,10.306667],[9.617499,10.310833],[9.619998,10.310834],[9.62,10.311667],[9.629998,10.311667],[9.629999,10.315833],[9.633332,10.315833],[9.633333,10.315],[9.634165,10.315],[9.634166,10.315833],[9.636665,10.315834],[9.636666,10.318333],[9.637498,10.318334],[9.637499,10.319166],[9.638332,10.319166],[9.638333,10.318334],[9.639165,10.318333],[9.639166,10.3175],[9.641665,10.317499],[9.641666,10.315834],[9.650832,10.315834],[9.650833,10.319999],[9.656665,10.32],[9.656666,10.319292],[9.65945,10.319292],[9.659263,10.319582],[9.660619,10.319937],[9.662202,10.319727],[9.662277,10.320834],[9.665832,10.320833],[9.665833,10.32],[9.667498,10.32],[9.667499,10.322499],[9.668333,10.3225],[9.668332,10.325833],[9.667499,10.325834],[9.667499,10.328333],[9.674165,10.328333],[9.674165,10.325],[9.671666,10.324999],[9.671666,10.324167],[9.675832,10.324167],[9.675833,10.324999],[9.678332,10.325],[9.678333,10.324167],[9.679998,10.324167],[9.679999,10.327499],[9.680832,10.327499],[9.680833,10.326608],[9.681643,10.327167],[9.683332,10.327694],[9.683332,10.331666],[9.682499,10.331667],[9.682499,10.332499],[9.688332,10.332499],[9.688333,10.330436],[9.689046,10.330503],[9.690161,10.330385],[9.691268,10.33052],[9.691457,10.330553],[9.692218,10.330718],[9.69257,10.330753],[9.692856,10.33083],[9.693142,10.330915],[9.693604,10.331024],[9.694998,10.330452],[9.694999,10.330833],[9.695282,10.330834],[9.696158,10.332935],[9.695625,10.33498],[9.696158,10.336324],[9.694199,10.338254],[9.695029,10.33919],[9.694732,10.340534],[9.694496,10.342579],[9.695148,10.343748],[9.694258,10.34445],[9.693982,10.345585],[9.692118,10.347198],[9.691524,10.348133],[9.690812,10.349243],[9.689622,10.350647],[9.689445,10.351991],[9.690038,10.353101],[9.690871,10.353978],[9.691235,10.356226],[9.691057,10.359147],[9.689513,10.359616],[9.689274,10.36131],[9.688341,10.361666],[9.688333,10.361667],[9.688332,10.36167],[9.687432,10.362013],[9.687135,10.363065],[9.686423,10.364759],[9.686898,10.366805],[9.684521,10.367916],[9.681376,10.369572],[9.680244,10.372299],[9.681609,10.373936],[9.68107,10.379363],[9.679945,10.379898],[9.679293,10.384339],[9.679351,10.38732],[9.67852,10.38919],[9.679827,10.390594],[9.67947,10.391703],[9.678164,10.391937],[9.677748,10.392638],[9.679174,10.394743],[9.680897,10.398658],[9.682204,10.398834],[9.684759,10.399068],[9.68767,10.403158],[9.688799,10.40608],[9.691057,10.407484],[9.691177,10.410873],[9.692202,10.412191],[9.692068,10.415022],[9.691592,10.417243],[9.690167,10.41777],[9.691058,10.419172],[9.692959,10.422737],[9.694503,10.428755],[9.694399,10.430151],[9.694297,10.429214],[9.69423,10.428334],[9.690833,10.428333],[9.690833,10.4275],[9.691665,10.427499],[9.691665,10.427216],[9.690993,10.427367],[9.690306,10.42782],[9.690166,10.426238],[9.689833,10.425625],[9.689167,10.42426],[9.689166,10.424261],[9.689165,10.424999],[9.688333,10.425],[9.688332,10.424167],[9.679999,10.424166],[9.679998,10.42],[9.675833,10.42],[9.675832,10.424166],[9.667499,10.424166],[9.667498,10.42],[9.659166,10.42],[9.659166,10.420833],[9.659998,10.420834],[9.659999,10.422499],[9.659166,10.4225],[9.659165,10.424166],[9.654999,10.424167],[9.654999,10.4225],[9.655832,10.422499],[9.655832,10.421261],[9.655432,10.421199],[9.654279,10.421414],[9.654069,10.421342],[9.653538,10.421341],[9.653317,10.421135],[9.652829,10.420856],[9.652177,10.42083],[9.651703,10.420934],[9.651666,10.420926],[9.651665,10.420834],[9.650833,10.420833],[9.650832,10.42],[9.645,10.42],[9.644998,10.420833],[9.643333,10.420834],[9.643332,10.421666],[9.642499,10.421667],[9.642498,10.424166],[9.638333,10.424167],[9.638332,10.420834],[9.636666,10.420833],[9.636665,10.42],[9.634999,10.42],[9.634998,10.420833],[9.632499,10.420834],[9.632498,10.42],[9.626666,10.419999],[9.626665,10.419167],[9.624166,10.419167],[9.624165,10.42],[9.621666,10.419999],[9.621665,10.419167],[9.620833,10.419167],[9.620832,10.419999],[9.619166,10.42],[9.619165,10.419167],[9.618333,10.419167],[9.618332,10.419999],[9.617499,10.419999],[9.617498,10.415834],[9.613333,10.415833],[9.613332,10.411667],[9.609166,10.411666],[9.609165,10.4075],[9.604999,10.407499],[9.604998,10.403334],[9.596666,10.403333],[9.596665,10.395],[9.592499,10.394999],[9.592498,10.390834],[9.588333,10.390833],[9.588332,10.388334],[9.587616,10.388333],[9.587453,10.385891],[9.586875,10.385531],[9.586666,10.385093],[9.586665,10.385],[9.585833,10.384999],[9.585832,10.384167],[9.584999,10.384166],[9.584998,10.383334],[9.583333,10.383333],[9.583332,10.3825],[9.579999,10.382499],[9.579998,10.378334],[9.579166,10.378333],[9.579165,10.375834],[9.578333,10.375833],[9.578332,10.375],[9.577499,10.374999],[9.577498,10.374167],[9.575833,10.374166],[9.575833,10.3725],[9.576665,10.372499],[9.576665,10.371311],[9.575309,10.371315],[9.574479,10.371088],[9.575212,10.370477],[9.575832,10.369327],[9.575832,10.369167],[9.571666,10.369166],[9.571665,10.365834],[9.565476,10.365833]]]},"properties":{"Name":"Felun Abba Primary Health Clinic","Site Location":[9.63182761417,10.3419108249],"Admin 0":["Nigeria"],"Admin 1":["Bauchi"],"Admin 2":["Toro"],"Admin 3":["Rauta Geji"],"Total population - WorldPop (2026)":4910,"Total population - WorldPop UN (2026)":4861,"Total population - Kontur (2023-10-31)":5548,"Total population - Meta (2023-04-21)":5370,"Total women - Meta (2023-04-21)":2685,"Total men - Meta (2023-04-21)":2685,"Children under 5 - Meta (2023-04-21)":816,"People 15 to 24 - Meta (2023-04-21)":816,"Women 15 to 49 - Meta (2023-04-21)":1291,"People 60 and older - Meta (2023-04-21)":0,"OpenStreetMap Buildings (2026-02-20)":2733,"Google Buildings 60+% Confidence (2023-05)":2242,"Google Buildings 70+% Confidence (2023-05)":1956,"Google Buildings 80+% Confidence (2023-05)":942,"Average Building Footprint (m²) (2023-05)":"28.90","Overture Buildings (2026-02-20)":3093,"nhfr_code":"05/18/1/1/1/0015","location_id":"f14cbc29-b746-4132-9c83-59bfc3d73590","ownership_code":"public","facility_level_text":"Primary Health Clinic","grid3_globalid":"f14cbc29-b746-4132-9c83-59bfc3d73590","status":"active","country":"Nigeria","state":"Bauchi","ownership_text":"Local Government","lga_location_id":"nga-ba-5018","facility_level_code":"primary","organization_id":"org-f14cbc29-b746-4132-9c83-59bfc3d73590","nhfr_uid":"74387431","lga":"Toro"},"id":28},{"type":"Feature","geometry":{"type":"Polygon","coordinates":[[[9.517499,10.269999],[9.517499,10.268334],[9.519165,10.268333],[9.519166,10.265834],[9.521665,10.265833],[9.521666,10.253334],[9.524165,10.253333],[9.524166,10.2525],[9.524998,10.252499],[9.524999,10.251667],[9.525832,10.251666],[9.525833,10.240834],[9.529998,10.240833],[9.529999,10.2325],[9.534165,10.232499],[9.534166,10.229167],[9.535949,10.229166],[9.535854,10.228588],[9.535761,10.227961],[9.535761,10.227905],[9.535612,10.227618],[9.535437,10.226153],[9.535311,10.225834],[9.538332,10.225833],[9.538333,10.225408],[9.539172,10.226739],[9.540361,10.22861],[9.542148,10.230958],[9.545054,10.23434],[9.549854,10.237256],[9.552992,10.240344],[9.550365,10.254448],[9.543137,10.272499],[9.539999,10.2725],[9.539999,10.273333],[9.540832,10.273334],[9.540832,10.275833],[9.539999,10.275834],[9.539998,10.276666],[9.538333,10.276667],[9.538332,10.277499],[9.536666,10.2775],[9.536665,10.278333],[9.535087,10.278333],[9.535006,10.276722],[9.535172,10.276594],[9.535054,10.275529],[9.533879,10.273778],[9.533682,10.273801],[9.533395,10.273811],[9.532718,10.274196],[9.53248,10.274323],[9.532093,10.274476],[9.531924,10.275465],[9.531774,10.276125],[9.531656,10.276543],[9.531053,10.277904],[9.530791,10.278333],[9.529999,10.278334],[9.529998,10.271667],[9.529166,10.271666],[9.529165,10.270834],[9.528333,10.270833],[9.528332,10.27],[9.527499,10.27],[9.527498,10.270833],[9.526666,10.270834],[9.526665,10.271666],[9.525833,10.271667],[9.525832,10.274166],[9.523333,10.274167],[9.523332,10.273334],[9.521666,10.273333],[9.521665,10.2725],[9.519999,10.272499],[9.519998,10.27],[9.517499,10.269999]]]},"properties":{"Name":"Galda Health Post","Site Location":[9.542275,10.24583667],"Admin 0":["Nigeria"],"Admin 1":["Bauchi"],"Admin 2":["Toro"],"Admin 3":["Zaranda"],"Total population - WorldPop (2026)":874,"Total population - WorldPop UN (2026)":961,"Total population - Kontur (2023-10-31)":1357,"Total population - Meta (2023-04-21)":1205,"Total women - Meta (2023-04-21)":603,"Total men - Meta (2023-04-21)":603,"Children under 5 - Meta (2023-04-21)":172,"People 15 to 24 - Meta (2023-04-21)":172,"Women 15 to 49 - Meta (2023-04-21)":344,"People 60 and older - Meta (2023-04-21)":0,"OpenStreetMap Buildings (2026-02-20)":402,"Google Buildings 60+% Confidence (2023-05)":404,"Google Buildings 70+% Confidence (2023-05)":349,"Google Buildings 80+% Confidence (2023-05)":125,"Average Building Footprint (m²) (2023-05)":"35.58","Overture Buildings (2026-02-20)":484,"status":"active","state":"Bauchi","lga":"Toro","lga_location_id":"nga-ba-5018","ownership_text":"Local Government","ownership_code":"public","nhfr_uid":"55602645","facility_level_text":"Health Post","country":"Nigeria","facility_level_code":"primary","nhfr_code":"05/18/1/1/1/0016","grid3_globalid":"9f4f2c6a-16c9-4d4d-8480-7560a2997172","organization_id":"org-9f4f2c6a-16c9-4d4d-8480-7560a2997172","location_id":"9f4f2c6a-16c9-4d4d-8480-7560a2997172"},"id":30},{"type":"Feature","geometry":{"type":"Polygon","coordinates":[[[9.301141,10.153334],[9.304998,10.153333],[9.304998,10.145],[9.303333,10.144999],[9.303332,10.144167],[9.302499,10.144166],[9.302499,10.143334],[9.304165,10.143333],[9.304166,10.141667],[9.304998,10.141666],[9.304999,10.14],[9.305832,10.139999],[9.305833,10.139167],[9.307498,10.139166],[9.307498,10.1375],[9.306666,10.137499],[9.306666,10.136667],[9.313332,10.136666],[9.313333,10.135],[9.314165,10.134999],[9.314166,10.134167],[9.317498,10.134167],[9.317499,10.136666],[9.322498,10.136666],[9.322499,10.134167],[9.324165,10.134166],[9.324166,10.133334],[9.325832,10.133334],[9.325833,10.136666],[9.329998,10.136667],[9.329999,10.140833],[9.334165,10.140834],[9.334166,10.144999],[9.338332,10.145],[9.338333,10.149166],[9.342498,10.149167],[9.342499,10.157499],[9.346665,10.1575],[9.346665,10.161666],[9.342499,10.161667],[9.342498,10.165833],[9.341666,10.165833],[9.341665,10.161981],[9.340943,10.161241],[9.340342,10.161256],[9.340246,10.160834],[9.339999,10.160833],[9.339998,10.160497],[9.339564,10.160507],[9.339259,10.159853],[9.338926,10.159684],[9.338781,10.15962],[9.338735,10.159167],[9.337499,10.159167],[9.337499,10.161666],[9.338332,10.161667],[9.338332,10.164166],[9.337499,10.164166],[9.337499,10.163781],[9.337497,10.16378],[9.336362,10.164088],[9.335258,10.164784],[9.334467,10.165144],[9.334313,10.165292],[9.33413,10.165628],[9.333936,10.166147],[9.333457,10.166666],[9.333333,10.166666],[9.333332,10.165],[9.332499,10.164999],[9.332498,10.164167],[9.330833,10.164166],[9.330832,10.161667],[9.329999,10.161667],[9.329998,10.163333],[9.327499,10.163333],[9.327498,10.1625],[9.324999,10.1625],[9.324999,10.164999],[9.325832,10.165],[9.325832,10.165833],[9.321666,10.165833],[9.321665,10.163334],[9.318333,10.163334],[9.318332,10.164999],[9.314166,10.165],[9.314165,10.165748],[9.313332,10.165066],[9.309257,10.161726],[9.307023,10.159644],[9.305833,10.158379],[9.303861,10.156742],[9.302103,10.154942],[9.301485,10.153983],[9.301141,10.153334]]]},"properties":{"Name":"Galda Health Post","Site Location":[9.32535,10.14753],"Admin 0":["Nigeria"],"Admin 1":["Bauchi"],"Admin 2":["Toro"],"Admin 3":["Tulai"],"Total population - WorldPop (2026)":1143,"Total population - WorldPop UN (2026)":792,"Total population - Kontur (2023-10-31)":582,"Total population - Meta (2023-04-21)":290,"Total women - Meta (2023-04-21)":145,"Total men - Meta (2023-04-21)":145,"Children under 5 - Meta (2023-04-21)":41,"People 15 to 24 - Meta (2023-04-21)":41,"Women 15 to 49 - Meta (2023-04-21)":83,"People 60 and older - Meta (2023-04-21)":0,"OpenStreetMap Buildings (2026-02-20)":273,"Google Buildings 60+% Confidence (2023-05)":302,"Google Buildings 70+% Confidence (2023-05)":219,"Google Buildings 80+% Confidence (2023-05)":62,"Average Building Footprint (m²) (2023-05)":"41.59","Overture Buildings (2026-02-20)":376,"country":"Nigeria","grid3_globalid":"7dc50bf0-450e-4cd8-bf34-39bd9185da6d","ownership_text":"Unknown","nhfr_uid":"","location_id":"7dc50bf0-450e-4cd8-bf34-39bd9185da6d","ownership_code":"public","status":"active","nhfr_code":"","facility_level_text":"Health Post","lga":"Toro","lga_location_id":"nga-ba-5018","organization_id":"org-7dc50bf0-450e-4cd8-bf34-39bd9185da6d","state":"Bauchi","facility_level_code":"primary"},"id":31},{"type":"Feature","geometry":{"type":"Polygon","coordinates":[[[8.845833,10.476666],[8.845833,10.474768],[8.846547,10.474671],[8.847351,10.474802],[8.848167,10.474618],[8.847867,10.473988],[8.847862,10.473319],[8.847523,10.472678],[8.847499,10.472511],[8.847491,10.472038],[8.847467,10.471265],[8.847327,10.471007],[8.847284,10.470714],[8.847282,10.470669],[8.847706,10.470799],[8.848333,10.470715],[8.849165,10.470964],[8.849166,10.47],[8.850832,10.469999],[8.850832,10.469167],[8.849999,10.469166],[8.849999,10.4675],[8.850832,10.467499],[8.850833,10.465834],[8.854165,10.465833],[8.854165,10.463334],[8.851666,10.463333],[8.851666,10.460834],[8.854165,10.460834],[8.854166,10.462499],[8.854998,10.462499],[8.854999,10.461667],[8.859165,10.461666],[8.859165,10.46],[8.857499,10.459999],[8.857498,10.459167],[8.856666,10.459166],[8.856666,10.458395],[8.857464,10.45807],[8.858826,10.457975],[8.858934,10.458075],[8.859239,10.458039],[8.859808,10.45837],[8.860752,10.458592],[8.861922,10.458502],[8.862849,10.457026],[8.862817,10.456971],[8.863302,10.456535],[8.863724,10.456323],[8.864126,10.455781],[8.864166,10.455773],[8.864165,10.454867],[8.864115,10.454815],[8.862416,10.453903],[8.862212,10.453724],[8.862626,10.453599],[8.863332,10.453551],[8.863333,10.453334],[8.864998,10.453333],[8.864999,10.453104],[8.865242,10.453075],[8.865485,10.453058],[8.865682,10.453031],[8.866085,10.452956],[8.866303,10.452965],[8.866641,10.453025],[8.866651,10.453032],[8.866879,10.453096],[8.867724,10.453462],[8.86816,10.453681],[8.868275,10.453724],[8.86829,10.453708],[8.868326,10.453702],[8.868322,10.45364],[8.86814,10.452828],[8.868237,10.452856],[8.868294,10.452868],[8.868297,10.452863],[8.868778,10.452941],[8.868885,10.452944],[8.869354,10.453041],[8.869377,10.453041],[8.869394,10.453042],[8.869403,10.453038],[8.869471,10.453034],[8.86961,10.452934],[8.86965,10.45286],[8.869711,10.452782],[8.869921,10.452488],[8.869941,10.45249],[8.869965,10.452434],[8.870443,10.451898],[8.870631,10.451717],[8.870632,10.451708],[8.870618,10.451702],[8.870671,10.451439],[8.870921,10.450819],[8.870967,10.450736],[8.871165,10.450415],[8.871146,10.450381],[8.871164,10.450263],[8.871084,10.450149],[8.871073,10.450139],[8.871042,10.450124],[8.870858,10.450007],[8.870707,10.449875],[8.870393,10.449745],[8.870191,10.449706],[8.869995,10.449641],[8.869882,10.449626],[8.869402,10.449759],[8.869426,10.448247],[8.868444,10.446667],[8.870832,10.446666],[8.870833,10.445],[8.875832,10.444999],[8.875833,10.438334],[8.877498,10.438333],[8.877499,10.4375],[8.878332,10.437499],[8.878333,10.436667],[8.879998,10.436666],[8.879999,10.435],[8.882498,10.434999],[8.882499,10.434167],[8.884998,10.434166],[8.884999,10.433334],[8.885832,10.433333],[8.885833,10.4325],[8.886665,10.432499],[8.886665,10.431667],[8.885833,10.431666],[8.885832,10.430834],[8.884166,10.430833],[8.884166,10.428334],[8.888332,10.428333],[8.888333,10.424167],[8.892498,10.424166],[8.892499,10.415834],[8.896665,10.415833],[8.896666,10.403334],[8.900832,10.403333],[8.900833,10.399167],[8.904998,10.399166],[8.904999,10.390834],[8.905832,10.390834],[8.905833,10.392499],[8.908332,10.392499],[8.908333,10.386667],[8.909166,10.386666],[8.909166,10.374167],[8.913235,10.374167],[8.920817,10.39201],[8.930942,10.409262],[8.935078,10.418801],[8.950231,10.44702],[8.934364,10.456107],[8.926664,10.46396],[8.924097,10.471812],[8.923182,10.472889],[8.920512,10.47235],[8.920699,10.468439],[8.918606,10.468048],[8.913353,10.467247],[8.913227,10.470724],[8.911281,10.470847],[8.909837,10.471178],[8.909165,10.47159],[8.908332,10.472082],[8.90812,10.472207],[8.906666,10.473048],[8.905693,10.473646],[8.90404,10.474573],[8.902824,10.475358],[8.900333,10.47464],[8.896246,10.474314],[8.890014,10.475037],[8.885831,10.472795],[8.871189,10.464941],[8.861635,10.464521],[8.859068,10.475178],[8.858252,10.483645],[8.857634,10.486666],[8.853333,10.486666],[8.853333,10.483334],[8.854165,10.483334],[8.854166,10.484166],[8.854998,10.484166],[8.854998,10.4825],[8.850849,10.482499],[8.850695,10.482169],[8.850572,10.481858],[8.85028,10.481171],[8.850253,10.481089],[8.850243,10.480564],[8.850013,10.480073],[8.849792,10.480157],[8.84864,10.480036],[8.847379,10.479704],[8.847373,10.479167],[8.846666,10.479166],[8.846665,10.476667],[8.845833,10.476666]]]},"properties":{"Name":"Gana Health Post","Site Location":[8.881524,10.43877],"Admin 0":["Nigeria"],"Admin 1":["Bauchi"],"Admin 2":["Toro"],"Admin 3":["Rahama #1"],"Total population - WorldPop (2026)":3215,"Total population - WorldPop UN (2026)":3118,"Total population - Kontur (2023-10-31)":3153,"Total population - Meta (2023-04-21)":2660,"Total women - Meta (2023-04-21)":1330,"Total men - Meta (2023-04-21)":1330,"Children under 5 - Meta (2023-04-21)":380,"People 15 to 24 - Meta (2023-04-21)":380,"Women 15 to 49 - Meta (2023-04-21)":760,"People 60 and older - Meta (2023-04-21)":0,"OpenStreetMap Buildings (2026-02-20)":928,"Google Buildings 60+% Confidence (2023-05)":1433,"Google Buildings 70+% Confidence (2023-05)":1225,"Google Buildings 80+% Confidence (2023-05)":472,"Average Building Footprint (m²) (2023-05)":"28.96","Overture Buildings (2026-02-20)":1317,"grid3_globalid":"d1c84aca-4727-4782-8449-1c6288f7985b","status":"active","lga_location_id":"nga-ba-5018","nhfr_code":"05/18/1/1/1/0017","lga":"Toro","facility_level_text":"Health Post","facility_level_code":"primary","ownership_code":"public","location_id":"d1c84aca-4727-4782-8449-1c6288f7985b","state":"Bauchi","organization_id":"org-d1c84aca-4727-4782-8449-1c6288f7985b","ownership_text":"Local Government","nhfr_uid":"48657366","country":"Nigeria"},"id":32},{"type":"Feature","geometry":{"type":"Polygon","coordinates":[[[9.284166,9.970833],[9.284166,9.968334],[9.285832,9.968333],[9.285833,9.9675],[9.288332,9.9675],[9.288333,9.968333],[9.290832,9.968333],[9.290833,9.9675],[9.292498,9.967499],[9.292499,9.966667],[9.294998,9.966666],[9.294999,9.965834],[9.295832,9.965833],[9.295833,9.965619],[9.296091,9.965627],[9.296916,9.965178],[9.297169,9.964819],[9.297394,9.964809],[9.297781,9.965357],[9.298091,9.965394],[9.298146,9.964929],[9.298188,9.96381],[9.298038,9.963465],[9.29799,9.962134],[9.298103,9.961194],[9.298328,9.960703],[9.299294,9.961108],[9.29935,9.961138],[9.299734,9.961256],[9.300502,9.961443],[9.300746,9.961513],[9.300976,9.961514],[9.301665,9.961587],[9.301665,9.9575],[9.300833,9.957499],[9.300833,9.955834],[9.301784,9.955833],[9.302429,9.955056],[9.302641,9.954762],[9.302943,9.954335],[9.303019,9.954224],[9.303022,9.954224],[9.30321,9.953844],[9.30397,9.952968],[9.304014,9.952929],[9.304037,9.952914],[9.304292,9.952691],[9.304362,9.952208],[9.305092,9.950715],[9.304968,9.949645],[9.305067,9.948858],[9.305024,9.948508],[9.30494,9.948079],[9.304755,9.947727],[9.304717,9.947586],[9.304717,9.9475],[9.304999,9.947499],[9.304999,9.944167],[9.305832,9.944166],[9.305833,9.943334],[9.306665,9.943333],[9.306666,9.9425],[9.309165,9.942499],[9.309166,9.940834],[9.313332,9.940833],[9.313332,9.936667],[9.309166,9.936666],[9.309166,9.935834],[9.309998,9.935833],[9.309999,9.934168],[9.309166,9.934166],[9.309166,9.9325],[9.321665,9.932499],[9.321666,9.924167],[9.325832,9.924167],[9.325833,9.932499],[9.329998,9.9325],[9.329999,9.934641],[9.330369,9.93507],[9.3306,9.935435],[9.330735,9.935552],[9.331173,9.936196],[9.331292,9.936497],[9.331689,9.936265],[9.33208,9.935853],[9.332268,9.935721],[9.333174,9.935235],[9.333373,9.93514],[9.333916,9.934723],[9.334506,9.934632],[9.335503,9.934506],[9.335728,9.934453],[9.335832,9.934417],[9.335832,9.935833],[9.334999,9.935834],[9.334998,9.936666],[9.334166,9.936667],[9.334165,9.940833],[9.331666,9.940834],[9.331666,9.941666],[9.333332,9.941667],[9.333333,9.944999],[9.334165,9.945],[9.334166,9.946666],[9.334998,9.946667],[9.334999,9.947499],[9.338332,9.9475],[9.338333,9.949999],[9.339998,9.95],[9.339999,9.953333],[9.342498,9.953334],[9.342498,9.956666],[9.341666,9.956667],[9.341666,9.959166],[9.342498,9.959167],[9.342499,9.961666],[9.346665,9.961667],[9.346666,9.965833],[9.350832,9.965834],[9.350833,9.969999],[9.353332,9.97],[9.353332,9.970833],[9.352499,9.970834],[9.352498,9.971666],[9.351666,9.971667],[9.351666,9.973333],[9.353332,9.973334],[9.353332,9.974166],[9.350833,9.974167],[9.350832,9.974999],[9.349999,9.975],[9.349998,9.975833],[9.349166,9.975834],[9.349166,9.977886],[9.34944,9.977848],[9.351639,9.978302],[9.35172,9.978376],[9.352321,9.979042],[9.353227,9.980066],[9.353618,9.980896],[9.353641,9.981666],[9.354165,9.981667],[9.354166,9.984166],[9.354998,9.984167],[9.354998,9.984999],[9.353333,9.985],[9.353332,9.986666],[9.350833,9.986667],[9.350832,9.990833],[9.346666,9.990833],[9.346665,9.986667],[9.344999,9.986667],[9.344998,9.987499],[9.342499,9.987499],[9.342498,9.986667],[9.339999,9.986666],[9.339998,9.985],[9.337499,9.985],[9.337499,9.988333],[9.338332,9.988334],[9.338332,9.990833],[9.334166,9.990833],[9.334165,9.986667],[9.329166,9.986667],[9.329165,9.988333],[9.328333,9.988334],[9.328332,9.989166],[9.327499,9.989167],[9.327498,9.988334],[9.325833,9.988333],[9.325832,9.986667],[9.317499,9.986667],[9.317498,9.990833],[9.310833,9.990833],[9.310832,9.989167],[9.309166,9.989166],[9.309165,9.986667],[9.304999,9.986666],[9.304998,9.9825],[9.302499,9.9825],[9.302498,9.983333],[9.301666,9.983334],[9.301665,9.9825],[9.297499,9.982499],[9.297498,9.98],[9.296666,9.979999],[9.296665,9.978334],[9.294166,9.978334],[9.294165,9.979166],[9.293987,9.979166],[9.294164,9.977598],[9.293927,9.975834],[9.292499,9.975833],[9.292498,9.974167],[9.288333,9.974167],[9.288332,9.975833],[9.285833,9.975833],[9.285833,9.9725],[9.286665,9.972499],[9.286666,9.971667],[9.287498,9.971666],[9.287498,9.970834],[9.284166,9.970833]]]},"properties":{"Name":"Gandi Primary Health Clinic","Site Location":[9.32623297,9.94753078],"Admin 0":["Nigeria"],"Admin 1":["Bauchi"],"Admin 2":["Toro"],"Admin 3":["Palama"],"Total population - WorldPop (2026)":3224,"Total population - WorldPop UN (2026)":3803,"Total population - Kontur (2023-10-31)":4663,"Total population - Meta (2023-04-21)":4327,"Total women - Meta (2023-04-21)":2163,"Total men - Meta (2023-04-21)":2164,"Children under 5 - Meta (2023-04-21)":618,"People 15 to 24 - Meta (2023-04-21)":618,"Women 15 to 49 - Meta (2023-04-21)":1236,"People 60 and older - Meta (2023-04-21)":0,"OpenStreetMap Buildings (2026-02-20)":1395,"Google Buildings 60+% Confidence (2023-05)":1736,"Google Buildings 70+% Confidence (2023-05)":1444,"Google Buildings 80+% Confidence (2023-05)":675,"Average Building Footprint (m²) (2023-05)":"37.69","Overture Buildings (2026-02-20)":1967,"facility_level_code":"primary","ownership_text":"Local Government","country":"Nigeria","grid3_globalid":"02d53ef8-ab81-473c-99b6-e25b2db9420b","ownership_code":"public","nhfr_code":"05/18/1/1/1/0018","nhfr_uid":"13302009","location_id":"02d53ef8-ab81-473c-99b6-e25b2db9420b","facility_level_text":"Health Post","state":"Bauchi","lga":"Toro","lga_location_id":"nga-ba-5018","status":"active","organization_id":"org-02d53ef8-ab81-473c-99b6-e25b2db9420b"},"id":33},{"type":"Feature","geometry":{"type":"Polygon","coordinates":[[[9.354999,10.165833],[9.354999,10.1575],[9.358332,10.157499],[9.358333,10.153334],[9.359165,10.153333],[9.359165,10.150834],[9.357499,10.150833],[9.357499,10.145],[9.359165,10.145],[9.359166,10.14485],[9.362271,10.145157],[9.362335,10.145159],[9.363811,10.145414],[9.364682,10.146079],[9.366131,10.146578],[9.366546,10.146711],[9.366955,10.146497],[9.367498,10.146556],[9.367498,10.144167],[9.366666,10.144166],[9.366665,10.14],[9.363333,10.139999],[9.363333,10.136667],[9.365832,10.136666],[9.365832,10.135834],[9.36513,10.135833],[9.365243,10.135521],[9.365201,10.135325],[9.365447,10.135023],[9.365785,10.133956],[9.365571,10.133017],[9.365314,10.132431],[9.364675,10.131886],[9.364621,10.13099],[9.364402,10.130614],[9.364471,10.129706],[9.366074,10.130418],[9.366585,10.130493],[9.368413,10.131581],[9.368285,10.132136],[9.36696,10.133999],[9.369051,10.134999],[9.371665,10.134999],[9.371665,10.1325],[9.370833,10.132499],[9.370833,10.131667],[9.372389,10.131667],[9.373287,10.133266],[9.374498,10.134179],[9.377208,10.132425],[9.379692,10.133988],[9.382057,10.13439],[9.385122,10.13446],[9.385582,10.137697],[9.393251,10.144497],[9.384809,10.156329],[9.384139,10.157042],[9.378991,10.162535],[9.375995,10.165413],[9.373214,10.168501],[9.36858,10.173555],[9.365833,10.176504],[9.365832,10.1761],[9.365592,10.17592],[9.365153,10.175699],[9.365083,10.175645],[9.36512,10.175402],[9.365323,10.174959],[9.365361,10.174643],[9.365351,10.174436],[9.365554,10.173534],[9.365323,10.173546],[9.364865,10.173509],[9.362747,10.17351],[9.362746,10.170834],[9.361666,10.170834],[9.361665,10.171666],[9.360833,10.171667],[9.360832,10.172499],[9.359999,10.1725],[9.359998,10.173333],[9.359166,10.173333],[9.359165,10.169167],[9.358333,10.169166],[9.358333,10.1675],[9.359165,10.167499],[9.359165,10.165834],[9.354999,10.165833]]]},"properties":{"Name":"Gasuwo Maternity Clinic","Site Location":[9.3739,10.14553],"Admin 0":["Nigeria"],"Admin 1":["Bauchi"],"Admin 2":["Toro"],"Admin 3":["Tulai"],"Total population - WorldPop (2026)":1463,"Total population - WorldPop UN (2026)":1286,"Total population - Kontur (2023-10-31)":1175,"Total population - Meta (2023-04-21)":1123,"Total women - Meta (2023-04-21)":562,"Total men - Meta (2023-04-21)":562,"Children under 5 - Meta (2023-04-21)":160,"People 15 to 24 - Meta (2023-04-21)":160,"Women 15 to 49 - Meta (2023-04-21)":321,"People 60 and older - Meta (2023-04-21)":0,"OpenStreetMap Buildings (2026-02-20)":396,"Google Buildings 60+% Confidence (2023-05)":416,"Google Buildings 70+% Confidence (2023-05)":291,"Google Buildings 80+% Confidence (2023-05)":112,"Average Building Footprint (m²) (2023-05)":"43.07","Overture Buildings (2026-02-20)":495,"country":"Nigeria","lga_location_id":"nga-ba-5018","ownership_text":"Unknown","facility_level_code":"primary","nhfr_code":"","ownership_code":"public","status":"active","nhfr_uid":"","grid3_globalid":"568e979b-2b3e-4dc9-bd73-9d86f0a7e7da","location_id":"568e979b-2b3e-4dc9-bd73-9d86f0a7e7da","facility_level_text":"Primary Health Clinic","lga":"Toro","state":"Bauchi","organization_id":"org-568e979b-2b3e-4dc9-bd73-9d86f0a7e7da"},"id":35},{"type":"Feature","geometry":{"type":"Polygon","coordinates":[[[9.596666,10.286666],[9.596666,10.280494],[9.600306,10.279559],[9.609039,10.276368],[9.613032,10.275057],[9.612456,10.260915],[9.61331,10.25442],[9.613177,10.239745],[9.617736,10.240553],[9.621163,10.241333],[9.623966,10.241456],[9.624845,10.241425],[9.630286,10.241051],[9.631351,10.239212],[9.632925,10.239192],[9.634672,10.239297],[9.635831,10.239516],[9.635833,10.239999],[9.636885,10.24],[9.634866,10.243098],[9.634865,10.243333],[9.633333,10.243333],[9.633332,10.2425],[9.632499,10.2425],[9.632498,10.243333],[9.629999,10.243334],[9.629999,10.246666],[9.631665,10.246667],[9.631666,10.248333],[9.629999,10.248335],[9.629999,10.265833],[9.633332,10.265834],[9.633332,10.268333],[9.632499,10.268334],[9.632498,10.269166],[9.631666,10.269167],[9.631665,10.268334],[9.629166,10.268333],[9.629165,10.265834],[9.625833,10.265834],[9.625832,10.269999],[9.621666,10.27],[9.621665,10.278333],[9.609166,10.278334],[9.609166,10.282499],[9.613332,10.2825],[9.613332,10.286666],[9.609166,10.286666],[9.609165,10.2825],[9.604999,10.2825],[9.604998,10.286666],[9.596666,10.286666]]]},"properties":{"Name":"Gasuwo Primary Health Clinic","Site Location":[9.62315744,10.24250716],"Admin 0":["Nigeria"],"Admin 1":["Bauchi"],"Admin 2":["Toro"],"Admin 3":["Rauta Geji"],"Total population - WorldPop (2026)":673,"Total population - WorldPop UN (2026)":546,"Total population - Kontur (2023-10-31)":1124,"Total population - Meta (2023-04-21)":950,"Total women - Meta (2023-04-21)":475,"Total men - Meta (2023-04-21)":475,"Children under 5 - Meta (2023-04-21)":136,"People 15 to 24 - Meta (2023-04-21)":136,"Women 15 to 49 - Meta (2023-04-21)":271,"People 60 and older - Meta (2023-04-21)":0,"OpenStreetMap Buildings (2026-02-20)":247,"Google Buildings 60+% Confidence (2023-05)":247,"Google Buildings 70+% Confidence (2023-05)":212,"Google Buildings 80+% Confidence (2023-05)":92,"Average Building Footprint (m²) (2023-05)":"47.10","Overture Buildings (2026-02-20)":291,"facility_level_code":"primary","nhfr_code":"05/18/1/1/1/0022","location_id":"e986ac20-25ef-48a4-9568-a8e1dff2d37e","nhfr_uid":"39159190","status":"active","state":"Bauchi","lga_location_id":"nga-ba-5018","ownership_code":"public","country":"Nigeria","grid3_globalid":"e986ac20-25ef-48a4-9568-a8e1dff2d37e","ownership_text":"Local Government","lga":"Toro","facility_level_text":"Primary Health Clinic","organization_id":"org-e986ac20-25ef-48a4-9568-a8e1dff2d37e"},"id":36},{"type":"Feature","geometry":{"type":"Polygon","coordinates":[[[9.600833,10.290833],[9.600833,10.286667],[9.604998,10.286666],[9.604999,10.2825],[9.609165,10.282499],[9.609166,10.278334],[9.621665,10.278333],[9.621666,10.27],[9.625832,10.269999],[9.625833,10.265834],[9.629165,10.265834],[9.629166,10.268333],[9.631665,10.268334],[9.631666,10.269166],[9.632498,10.269166],[9.632499,10.268334],[9.633332,10.268333],[9.633333,10.265834],[9.646665,10.265833],[9.646666,10.263334],[9.649165,10.263334],[9.649166,10.265833],[9.650832,10.265833],[9.650833,10.261667],[9.651551,10.261667],[9.651958,10.263465],[9.652795,10.2686],[9.65301,10.275078],[9.65346,10.277066],[9.656392,10.281281],[9.657406,10.283146],[9.65989,10.291079],[9.665535,10.297511],[9.672962,10.304964],[9.679053,10.308911],[9.688695,10.319559],[9.693485,10.325277],[9.693961,10.326622],[9.694674,10.327966],[9.695208,10.330654],[9.695282,10.330833],[9.694999,10.330833],[9.694998,10.330452],[9.693604,10.331024],[9.693142,10.330915],[9.692856,10.33083],[9.69257,10.330753],[9.692218,10.330718],[9.691457,10.330553],[9.691268,10.33052],[9.690161,10.330385],[9.689046,10.330503],[9.688333,10.330436],[9.688332,10.332499],[9.682499,10.332499],[9.682499,10.331667],[9.683332,10.331666],[9.683332,10.327694],[9.681643,10.327167],[9.680834,10.326608],[9.680833,10.326609],[9.680832,10.327499],[9.679999,10.327499],[9.679998,10.324167],[9.678333,10.324167],[9.678332,10.325],[9.675833,10.324999],[9.675832,10.324167],[9.671666,10.324167],[9.671666,10.324999],[9.674165,10.325],[9.674165,10.328333],[9.667499,10.328333],[9.667499,10.325834],[9.668332,10.325833],[9.668333,10.3225],[9.667499,10.322499],[9.667498,10.32],[9.665833,10.32],[9.665832,10.320833],[9.662277,10.320834],[9.662202,10.319727],[9.660619,10.319937],[9.659262,10.319581],[9.659449,10.319293],[9.659448,10.319292],[9.656666,10.319292],[9.656665,10.32],[9.650833,10.319999],[9.650832,10.315834],[9.641666,10.315834],[9.641665,10.317499],[9.639166,10.3175],[9.639165,10.318333],[9.638333,10.318334],[9.638332,10.319166],[9.637499,10.319166],[9.637498,10.318334],[9.636666,10.318333],[9.636665,10.315834],[9.634166,10.315833],[9.634165,10.315],[9.633333,10.315],[9.633332,10.315833],[9.629999,10.315833],[9.629998,10.311667],[9.619999,10.311667],[9.619998,10.310834],[9.617499,10.310833],[9.617498,10.306667],[9.614999,10.306667],[9.614998,10.307499],[9.613333,10.307499],[9.613332,10.303334],[9.609166,10.303333],[9.609165,10.299167],[9.604999,10.299166],[9.604998,10.290834],[9.600833,10.290833]],[[9.609166,10.282501],[9.609166,10.286666],[9.613332,10.286666],[9.613332,10.2825],[9.609166,10.282501]]]},"properties":{"Name":"Geji Primary Health Clinic","Site Location":[9.6450726274,10.2923265806],"Admin 0":["Nigeria"],"Admin 1":["Bauchi"],"Admin 2":["Toro"],"Admin 3":["Rauta Geji"],"Total population - WorldPop (2026)":1849,"Total population - WorldPop UN (2026)":1881,"Total population - Kontur (2023-10-31)":2585,"Total population - Meta (2023-04-21)":2488,"Total women - Meta (2023-04-21)":1244,"Total men - Meta (2023-04-21)":1244,"Children under 5 - Meta (2023-04-21)":402,"People 15 to 24 - Meta (2023-04-21)":402,"Women 15 to 49 - Meta (2023-04-21)":479,"People 60 and older - Meta (2023-04-21)":0,"OpenStreetMap Buildings (2026-02-20)":1319,"Google Buildings 60+% Confidence (2023-05)":1173,"Google Buildings 70+% Confidence (2023-05)":933,"Google Buildings 80+% Confidence (2023-05)":266,"Average Building Footprint (m²) (2023-05)":"30.13","Overture Buildings (2026-02-20)":1552,"state":"Bauchi","nhfr_uid":"43185643","ownership_text":"Local Government","facility_level_text":"Primary Health Clinic","ownership_code":"public","facility_level_code":"primary","grid3_globalid":"bda81a24-49e8-4c33-88a6-67b9c96da5de","status":"active","location_id":"bda81a24-49e8-4c33-88a6-67b9c96da5de","country":"Nigeria","nhfr_code":"05/18/1/1/1/0023","lga":"Toro","lga_location_id":"nga-ba-5018","organization_id":"org-bda81a24-49e8-4c33-88a6-67b9c96da5de"},"id":37},{"type":"Feature","geometry":{"type":"Polygon","coordinates":[[[9.097462,10.169398],[9.097462,10.1675],[9.097499,10.167499],[9.097499,10.166667],[9.098332,10.166666],[9.098333,10.165834],[9.099165,10.165833],[9.099166,10.164167],[9.100832,10.164166],[9.100833,10.163643],[9.100869,10.163679],[9.10194,10.165123],[9.102299,10.165191],[9.103072,10.164252],[9.10325,10.164163],[9.103067,10.163901],[9.103447,10.163555],[9.103821,10.162907],[9.10384,10.162693],[9.103959,10.162616],[9.104242,10.162684],[9.104838,10.162085],[9.105047,10.16161],[9.105678,10.161443],[9.106302,10.161288],[9.106344,10.161092],[9.107343,10.160308],[9.108253,10.15963],[9.108492,10.159592],[9.108623,10.159308],[9.108824,10.159183],[9.109069,10.15942],[9.109356,10.159327],[9.109691,10.158683],[9.109858,10.158076],[9.111155,10.158033],[9.113496,10.158033],[9.115267,10.159098],[9.117493,10.159555],[9.120104,10.15879],[9.120015,10.15824],[9.119589,10.155617],[9.119617,10.154685],[9.119808,10.153794],[9.121219,10.151912],[9.1224,10.151547],[9.123593,10.151624],[9.134545,10.148834],[9.138119,10.149099],[9.15005,10.161319],[9.196449,10.172795],[9.186186,10.188334],[9.173525,10.207499],[9.171666,10.207499],[9.171665,10.203334],[9.167499,10.203334],[9.167498,10.207499],[9.159166,10.2075],[9.159165,10.211666],[9.154999,10.211666],[9.154998,10.2075],[9.150833,10.2075],[9.150832,10.211666],[9.146666,10.211667],[9.146665,10.215833],[9.134166,10.215834],[9.134166,10.203334],[9.135833,10.203333],[9.135832,10.2025],[9.134166,10.202499],[9.134166,10.199167],[9.134998,10.199166],[9.134998,10.196667],[9.134166,10.196666],[9.134165,10.195],[9.129999,10.194999],[9.129999,10.191667],[9.130772,10.191666],[9.130833,10.191534],[9.130832,10.190834],[9.129999,10.190833],[9.129998,10.186667],[9.128333,10.186666],[9.128332,10.18436],[9.12672,10.184225],[9.125904,10.183308],[9.124681,10.183771],[9.123522,10.183846],[9.121592,10.184255],[9.12153,10.185245],[9.121468,10.185436],[9.121164,10.186666],[9.114166,10.186666],[9.114166,10.185834],[9.114998,10.185833],[9.114999,10.184168],[9.114166,10.184166],[9.114165,10.1825],[9.111666,10.182499],[9.111665,10.180834],[9.109166,10.180833],[9.109165,10.178334],[9.104999,10.178333],[9.104998,10.176667],[9.104166,10.176666],[9.104166,10.175],[9.104998,10.174999],[9.104999,10.170001],[9.104166,10.169999],[9.104166,10.169167],[9.104998,10.169166],[9.104999,10.166667],[9.105832,10.166666],[9.105832,10.166392],[9.102006,10.166455],[9.101469,10.166928],[9.099844,10.168031],[9.097462,10.169398]]]},"properties":{"Name":"Geljaule Primary Health Care Center","Site Location":[9.10848329208,10.1608888131],"Admin 0":["Nigeria"],"Admin 1":["Bauchi"],"Admin 2":["Toro"],"Admin 3":["Wonu South"],"Total population - WorldPop (2026)":3344,"Total population - WorldPop UN (2026)":2244,"Total population - Kontur (2023-10-31)":2980,"Total population - Meta (2023-04-21)":3286,"Total women - Meta (2023-04-21)":1643,"Total men - Meta (2023-04-21)":1643,"Children under 5 - Meta (2023-04-21)":469,"People 15 to 24 - Meta (2023-04-21)":469,"Women 15 to 49 - Meta (2023-04-21)":939,"People 60 and older - Meta (2023-04-21)":0,"OpenStreetMap Buildings (2026-02-20)":901,"Google Buildings 60+% Confidence (2023-05)":1461,"Google Buildings 70+% Confidence (2023-05)":1223,"Google Buildings 80+% Confidence (2023-05)":608,"Average Building Footprint (m²) (2023-05)":"28.67","Overture Buildings (2026-02-20)":1466,"grid3_globalid":"8469fbfd-acc5-4060-a3cb-037ff516b07f","facility_level_code":"primary","nhfr_code":"05/18/1/1/1/0024","facility_level_text":"Primary Health Center","ownership_text":"Local Government","nhfr_uid":"79073014","state":"Bauchi","lga":"Toro","location_id":"8469fbfd-acc5-4060-a3cb-037ff516b07f","status":"active","lga_location_id":"nga-ba-5018","organization_id":"org-8469fbfd-acc5-4060-a3cb-037ff516b07f","country":"Nigeria","ownership_code":"public"},"id":38},{"type":"Feature","geometry":{"type":"Polygon","coordinates":[[[9.03948,10.098376],[9.03967,10.097863],[9.04043,10.097487],[9.040192,10.096364],[9.03967,10.095334],[9.039575,10.094025],[9.040192,10.092574],[9.040336,10.091311],[9.041499,10.090649],[9.041695,10.090145],[9.041813,10.08956],[9.042169,10.088596],[9.04202,10.087864],[9.041813,10.086549],[9.041903,10.085495],[9.042674,10.084764],[9.042467,10.083799],[9.042823,10.08257],[9.046526,10.075229],[9.048607,10.071729],[9.048676,10.071721],[9.056585,10.074796],[9.059444,10.074167],[9.063332,10.074167],[9.063333,10.080833],[9.064998,10.080834],[9.064999,10.082499],[9.063312,10.0825],[9.063332,10.082701],[9.065007,10.084641],[9.065941,10.084727],[9.067228,10.085718],[9.068168,10.086216],[9.068634,10.086666],[9.068828,10.086876],[9.069873,10.087858],[9.072261,10.089999],[9.071666,10.09],[9.071666,10.094166],[9.073989,10.094167],[9.073897,10.09466],[9.073872,10.094673],[9.07396,10.095564],[9.074186,10.096507],[9.074271,10.096777],[9.074293,10.096868],[9.073783,10.097507],[9.072551,10.097465],[9.072952,10.096192],[9.072378,10.095352],[9.071059,10.094667],[9.06982,10.095738],[9.06984,10.095834],[9.070832,10.095834],[9.070833,10.099166],[9.072498,10.099167],[9.072499,10.099999],[9.075832,10.1],[9.075833,10.103333],[9.079998,10.103334],[9.079999,10.105833],[9.080832,10.105834],[9.080833,10.107499],[9.084165,10.1075],[9.084166,10.111666],[9.087498,10.111667],[9.087499,10.113333],[9.088332,10.113334],[9.088332,10.114166],[9.087499,10.114167],[9.087498,10.114999],[9.086666,10.115],[9.086665,10.116666],[9.085833,10.116667],[9.085833,10.124166],[9.088332,10.124167],[9.088332,10.128333],[9.087499,10.128334],[9.087499,10.129166],[9.088332,10.129167],[9.088333,10.129999],[9.089165,10.13],[9.089166,10.134999],[9.090832,10.135],[9.090832,10.135833],[9.089999,10.135834],[9.089998,10.136666],[9.086666,10.136667],[9.086666,10.139166],[9.087498,10.139167],[9.087499,10.139999],[9.088332,10.14],[9.088333,10.147499],[9.089998,10.1475],[9.089998,10.149999],[9.089166,10.149999],[9.088514,10.149372],[9.087684,10.148822],[9.081324,10.155248],[9.058652,10.153878],[9.058582,10.143021],[9.059018,10.134585],[9.058805,10.130794],[9.057486,10.126618],[9.056487,10.124406],[9.055525,10.122156],[9.055222,10.120087],[9.055205,10.120014],[9.055084,10.118253],[9.060706,10.111343],[9.065653,10.10643],[9.065177,10.099763],[9.057648,10.099103],[9.05129,10.098512],[9.045595,10.098838],[9.045497,10.099944],[9.044843,10.100558],[9.044309,10.100705],[9.043804,10.100471],[9.043268,10.099973],[9.042675,10.099477],[9.04197,10.099015],[9.0411,10.099015],[9.040476,10.099564],[9.040058,10.099382],[9.040483,10.099014],[9.040002,10.098565],[9.03948,10.098376]]]},"properties":{"Name":"Girjule Maternity","Site Location":[9.06512,10.09651],"Admin 0":["Nigeria"],"Admin 1":["Bauchi"],"Admin 2":["Toro"],"Admin 3":["Ribina East"],"Total population - WorldPop (2026)":2731,"Total population - WorldPop UN (2026)":2792,"Total population - Kontur (2023-10-31)":4411,"Total population - Meta (2023-04-21)":3831,"Total women - Meta (2023-04-21)":1915,"Total men - Meta (2023-04-21)":1915,"Children under 5 - Meta (2023-04-21)":547,"People 15 to 24 - Meta (2023-04-21)":547,"Women 15 to 49 - Meta (2023-04-21)":1095,"People 60 and older - Meta (2023-04-21)":0,"OpenStreetMap Buildings (2026-02-20)":1110,"Google Buildings 60+% Confidence (2023-05)":1576,"Google Buildings 70+% Confidence (2023-05)":1313,"Google Buildings 80+% Confidence (2023-05)":651,"Average Building Footprint (m²) (2023-05)":"33.90","Overture Buildings (2026-02-20)":1527,"organization_id":"org-53c0e186-ea8b-4cbf-920c-883bb3e047af","facility_level_text":"Primary Health Clinic","location_id":"53c0e186-ea8b-4cbf-920c-883bb3e047af","status":"active","ownership_code":"public","facility_level_code":"primary","nhfr_code":"","ownership_text":"Unknown","nhfr_uid":"","grid3_globalid":"53c0e186-ea8b-4cbf-920c-883bb3e047af","country":"Nigeria","state":"Bauchi","lga":"Toro","lga_location_id":"nga-ba-5018"},"id":39},{"type":"Feature","geometry":{"type":"Polygon","coordinates":[[[8.829999,10.445],[8.836665,10.444999],[8.836666,10.4425],[8.838332,10.442499],[8.838333,10.440834],[8.840832,10.440833],[8.840833,10.439167],[8.842498,10.439166],[8.842499,10.4325],[8.844998,10.4325],[8.844999,10.432575],[8.845528,10.433245],[8.845734,10.433394],[8.845763,10.433408],[8.845866,10.433372],[8.84605,10.433342],[8.84629,10.433262],[8.846362,10.433221],[8.84657,10.43311],[8.846619,10.433091],[8.846682,10.433074],[8.847014,10.433054],[8.847165,10.433028],[8.847094,10.432825],[8.846558,10.432568],[8.846548,10.432229],[8.846215,10.432108],[8.846442,10.431166],[8.846599,10.428874],[8.846603,10.428288],[8.847,10.428687],[8.847243,10.429008],[8.848072,10.43015],[8.848401,10.430732],[8.848937,10.431446],[8.849429,10.432056],[8.849658,10.432174],[8.850209,10.432344],[8.850273,10.432383],[8.850287,10.432368],[8.850296,10.432373],[8.850366,10.432345],[8.850433,10.432246],[8.850473,10.432205],[8.850385,10.431963],[8.85038,10.431885],[8.850353,10.431133],[8.85036,10.43103],[8.850461,10.430701],[8.85056,10.430468],[8.850602,10.430237],[8.850605,10.430193],[8.850587,10.430101],[8.850491,10.429717],[8.850438,10.429524],[8.850374,10.429149],[8.850338,10.429031],[8.850265,10.428699],[8.850111,10.428017],[8.850091,10.42794],[8.850094,10.427938],[8.850052,10.42775],[8.850044,10.427748],[8.849978,10.427374],[8.849965,10.427218],[8.849939,10.427158],[8.849927,10.427087],[8.850013,10.426878],[8.850032,10.426801],[8.850143,10.426721],[8.850178,10.426699],[8.850359,10.426523],[8.85046,10.426436],[8.850141,10.426279],[8.850151,10.426184],[8.85011,10.426176],[8.849967,10.426134],[8.849814,10.426059],[8.849774,10.426051],[8.849707,10.42601],[8.849526,10.425712],[8.849155,10.424999],[8.849043,10.424616],[8.849043,10.424611],[8.849057,10.424601],[8.849041,10.424527],[8.849163,10.423617],[8.849522,10.423754],[8.849622,10.423789],[8.849676,10.4238],[8.849884,10.4238],[8.850329,10.423874],[8.850401,10.423913],[8.8505,10.423977],[8.850511,10.423974],[8.850514,10.423974],[8.850599,10.42396],[8.850764,10.423937],[8.851317,10.424006],[8.852552,10.424233],[8.852801,10.424333],[8.852855,10.424406],[8.852952,10.424463],[8.853163,10.424562],[8.853223,10.424578],[8.853456,10.424605],[8.853924,10.42402],[8.853995,10.423145],[8.853776,10.422259],[8.853981,10.420907],[8.853775,10.420544],[8.853349,10.419995],[8.853852,10.419514],[8.853855,10.419504],[8.853956,10.419335],[8.854137,10.418975],[8.854223,10.418781],[8.854627,10.418005],[8.854682,10.417875],[8.854716,10.417845],[8.85538,10.417698],[8.855605,10.41768],[8.855832,10.417682],[8.855832,10.4175],[8.854999,10.417499],[8.854999,10.415834],[8.855832,10.415833],[8.855833,10.415],[8.854999,10.414999],[8.854999,10.413334],[8.856507,10.413334],[8.857089,10.413945],[8.858446,10.414841],[8.859545,10.414851],[8.859771,10.414809],[8.860469,10.41467],[8.859887,10.413907],[8.859317,10.413232],[8.858763,10.412125],[8.859099,10.411884],[8.859117,10.411865],[8.858893,10.411787],[8.858766,10.411731],[8.858254,10.411438],[8.858028,10.411344],[8.857496,10.410834],[8.859165,10.410833],[8.859166,10.41],[8.860832,10.409999],[8.860833,10.405834],[8.861665,10.405833],[8.861666,10.404167],[8.863332,10.404166],[8.863333,10.399167],[8.871665,10.399166],[8.871666,10.395],[8.875832,10.394999],[8.875833,10.386667],[8.879998,10.386666],[8.879999,10.378334],[8.884165,10.378333],[8.884166,10.374167],[8.888332,10.374166],[8.888333,10.365834],[8.892498,10.365833],[8.892499,10.361667],[8.896665,10.361666],[8.896666,10.358163],[8.898693,10.358213],[8.906026,10.356442],[8.907863,10.359481],[8.91308,10.373801],[8.913234,10.374166],[8.909166,10.374167],[8.909166,10.386666],[8.908333,10.386667],[8.908332,10.392499],[8.905833,10.392499],[8.905832,10.390834],[8.904999,10.390834],[8.904998,10.399166],[8.900833,10.399167],[8.900832,10.403333],[8.896666,10.403334],[8.896665,10.415833],[8.892499,10.415834],[8.892498,10.424166],[8.888333,10.424167],[8.888332,10.428333],[8.884166,10.428334],[8.884166,10.430833],[8.885832,10.430834],[8.885833,10.431666],[8.886665,10.431667],[8.886665,10.432499],[8.885833,10.4325],[8.885832,10.433333],[8.884999,10.433334],[8.884998,10.434166],[8.882499,10.434167],[8.882498,10.434999],[8.879999,10.435],[8.879998,10.436666],[8.878333,10.436667],[8.878332,10.437499],[8.877499,10.4375],[8.877498,10.438333],[8.875833,10.438334],[8.875832,10.444999],[8.870833,10.445],[8.870832,10.446666],[8.868444,10.446667],[8.869426,10.448248],[8.869402,10.449759],[8.869882,10.449626],[8.869995,10.449641],[8.870191,10.449706],[8.870393,10.449745],[8.870707,10.449875],[8.870858,10.450007],[8.871042,10.450124],[8.871073,10.450139],[8.871084,10.450149],[8.871164,10.450263],[8.871146,10.450381],[8.871165,10.450414],[8.870967,10.450736],[8.870921,10.450819],[8.870671,10.451439],[8.870618,10.451702],[8.870632,10.451708],[8.870631,10.451717],[8.870443,10.451898],[8.869965,10.452434],[8.86994,10.45249],[8.869921,10.452488],[8.869711,10.452782],[8.86965,10.45286],[8.86961,10.452933],[8.86947,10.453034],[8.869403,10.453038],[8.869394,10.453042],[8.869377,10.453041],[8.869354,10.453041],[8.868885,10.452944],[8.868778,10.452941],[8.868297,10.452863],[8.868294,10.452868],[8.868237,10.452856],[8.86814,10.452828],[8.868322,10.45364],[8.868326,10.453702],[8.86829,10.453707],[8.868275,10.453724],[8.86816,10.453681],[8.867724,10.453462],[8.866879,10.453096],[8.866651,10.453032],[8.866641,10.453025],[8.866303,10.452965],[8.866085,10.452956],[8.865682,10.453031],[8.865485,10.453058],[8.865242,10.453075],[8.864999,10.453103],[8.864998,10.453333],[8.863333,10.453334],[8.863332,10.45355],[8.862626,10.453599],[8.862213,10.453723],[8.862213,10.453725],[8.862416,10.453903],[8.864115,10.454815],[8.864165,10.454867],[8.864166,10.455773],[8.864126,10.455781],[8.863724,10.456323],[8.863302,10.456535],[8.862817,10.45697],[8.862849,10.457026],[8.861921,10.458502],[8.860752,10.458592],[8.859808,10.45837],[8.85924,10.458039],[8.858934,10.458075],[8.858826,10.457975],[8.857464,10.45807],[8.856666,10.458395],[8.856666,10.459166],[8.857498,10.459167],[8.857499,10.459999],[8.859165,10.46],[8.859165,10.461666],[8.854999,10.461667],[8.854998,10.462499],[8.854166,10.462499],[8.854165,10.460834],[8.851666,10.460834],[8.851666,10.463333],[8.854165,10.463334],[8.854165,10.465833],[8.850833,10.465834],[8.850832,10.467499],[8.849999,10.4675],[8.849999,10.469166],[8.850832,10.469167],[8.850832,10.469999],[8.849166,10.47],[8.849165,10.470964],[8.848333,10.470715],[8.847706,10.470799],[8.847282,10.470669],[8.847284,10.470714],[8.847327,10.471007],[8.847467,10.471265],[8.847491,10.472038],[8.847499,10.472511],[8.847523,10.472678],[8.847862,10.473319],[8.847867,10.473988],[8.848167,10.474618],[8.847351,10.474802],[8.846547,10.474671],[8.845833,10.474767],[8.845832,10.474167],[8.837499,10.474166],[8.837498,10.470834],[8.836666,10.470833],[8.836666,10.469167],[8.837498,10.469166],[8.837498,10.465834],[8.834166,10.465833],[8.834165,10.461667],[8.833333,10.461666],[8.833332,10.458334],[8.830833,10.458333],[8.830833,10.456667],[8.833332,10.456666],[8.833333,10.455834],[8.834165,10.455833],[8.834166,10.455],[8.834998,10.454999],[8.834998,10.453793],[8.834565,10.453743],[8.834139,10.453748],[8.833598,10.453766],[8.833496,10.453986],[8.833495,10.453992],[8.832882,10.45394],[8.832881,10.453875],[8.832872,10.453419],[8.832907,10.453276],[8.832961,10.453157],[8.833122,10.45252],[8.833714,10.452364],[8.833715,10.452363],[8.832541,10.451989],[8.831799,10.451652],[8.831815,10.451636],[8.832902,10.450834],[8.830833,10.450833],[8.830832,10.4475],[8.829999,10.447499],[8.829999,10.445]]]},"properties":{"Name":"Girkitel Health Post","Site Location":[8.87625012753,10.4355132907],"Admin 0":["Nigeria"],"Admin 1":["Bauchi"],"Admin 2":["Toro"],"Admin 3":["Rahama #1"],"Total population - WorldPop (2026)":2070,"Total population - WorldPop UN (2026)":2047,"Total population - Kontur (2023-10-31)":2624,"Total population - Meta (2023-04-21)":1968,"Total women - Meta (2023-04-21)":984,"Total men - Meta (2023-04-21)":984,"Children under 5 - Meta (2023-04-21)":281,"People 15 to 24 - Meta (2023-04-21)":281,"Women 15 to 49 - Meta (2023-04-21)":562,"People 60 and older - Meta (2023-04-21)":0,"OpenStreetMap Buildings (2026-02-20)":581,"Google Buildings 60+% Confidence (2023-05)":1076,"Google Buildings 70+% Confidence (2023-05)":932,"Google Buildings 80+% Confidence (2023-05)":409,"Average Building Footprint (m²) (2023-05)":"31.81","Overture Buildings (2026-02-20)":902,"location_id":"d5d19ebb-6ddf-4fd3-956e-b6a62e714590","grid3_globalid":"d5d19ebb-6ddf-4fd3-956e-b6a62e714590","country":"Nigeria","facility_level_code":"primary","state":"Bauchi","lga":"Toro","status":"active","organization_id":"org-d5d19ebb-6ddf-4fd3-956e-b6a62e714590","facility_level_text":"Health Post","nhfr_uid":"","ownership_text":"Unknown","lga_location_id":"nga-ba-5018","ownership_code":"unknown","nhfr_code":""},"id":40},{"type":"Feature","geometry":{"type":"Polygon","coordinates":[[[9.219729,9.969999],[9.224023,9.9325],[9.236665,9.932499],[9.236665,9.931667],[9.235833,9.931666],[9.235833,9.928334],[9.239047,9.928334],[9.239027,9.929149],[9.238477,9.933128],[9.238449,9.933333],[9.240832,9.933333],[9.240833,9.9325],[9.259165,9.9325],[9.259166,9.934166],[9.261665,9.934167],[9.261666,9.934999],[9.263332,9.935],[9.263333,9.935833],[9.264998,9.935834],[9.264998,9.937499],[9.263333,9.937501],[9.263333,9.939166],[9.264998,9.939167],[9.264999,9.939999],[9.265833,9.94],[9.265832,9.941666],[9.263333,9.941667],[9.263332,9.942553],[9.26303,9.942532],[9.263233,9.943672],[9.263517,9.944317],[9.262927,9.944788],[9.262585,9.945833],[9.263332,9.945834],[9.263333,9.946666],[9.264166,9.946667],[9.264165,9.949166],[9.263333,9.949167],[9.263333,9.953333],[9.265832,9.953333],[9.265833,9.95326],[9.266394,9.952133],[9.266991,9.951667],[9.267498,9.951666],[9.267499,9.951344],[9.268234,9.951138],[9.269998,9.950356],[9.269998,9.952499],[9.268333,9.9525],[9.268333,9.956666],[9.271665,9.956667],[9.271666,9.963333],[9.274998,9.963334],[9.274999,9.965833],[9.275832,9.965834],[9.275832,9.969999],[9.27082,9.969999],[9.270047,9.968378],[9.269712,9.967801],[9.269132,9.966841],[9.268925,9.966802],[9.26745,9.965055],[9.26612,9.964183],[9.265405,9.96372],[9.26418,9.963721],[9.264179,9.966666],[9.263333,9.966667],[9.263332,9.969999],[9.250833,9.969999],[9.250832,9.968511],[9.250715,9.968477],[9.249525,9.967711],[9.249076,9.967691],[9.248396,9.968143],[9.247707,9.968221],[9.247198,9.968006],[9.246718,9.967857],[9.246748,9.967415],[9.246937,9.966923],[9.246718,9.966628],[9.246666,9.96662],[9.246665,9.969999],[9.234166,9.969999],[9.234165,9.9675],[9.232499,9.967499],[9.232498,9.965834],[9.229999,9.965834],[9.229998,9.969999],[9.226666,9.969999],[9.226665,9.969167],[9.225833,9.969166],[9.225832,9.968334],[9.225,9.968334],[9.224998,9.969166],[9.224166,9.969167],[9.224165,9.969999],[9.219729,9.969999]]]},"properties":{"Name":"Godong Primary Health Center","Site Location":[9.23734,9.94908],"Admin 0":["Nigeria"],"Admin 1":["Bauchi"],"Admin 2":["Toro"],"Admin 3":["Palama"],"Total population - WorldPop (2026)":2237,"Total population - WorldPop UN (2026)":1876,"Total population - Kontur (2023-10-31)":2000,"Total population - Meta (2023-04-21)":1980,"Total women - Meta (2023-04-21)":990,"Total men - Meta (2023-04-21)":990,"Children under 5 - Meta (2023-04-21)":283,"People 15 to 24 - Meta (2023-04-21)":283,"Women 15 to 49 - Meta (2023-04-21)":566,"People 60 and older - Meta (2023-04-21)":0,"OpenStreetMap Buildings (2026-02-20)":562,"Google Buildings 60+% Confidence (2023-05)":786,"Google Buildings 70+% Confidence (2023-05)":624,"Google Buildings 80+% Confidence (2023-05)":297,"Average Building Footprint (m²) (2023-05)":"31.68","Overture Buildings (2026-02-20)":938,"facility_level_text":"Primary Health Center","nhfr_uid":"","country":"Nigeria","state":"Bauchi","lga":"Toro","status":"active","lga_location_id":"nga-ba-5018","location_id":"9ef58680-96f4-4926-af0d-77368dd0057e","grid3_globalid":"9ef58680-96f4-4926-af0d-77368dd0057e","organization_id":"org-9ef58680-96f4-4926-af0d-77368dd0057e","facility_level_code":"primary","ownership_code":"public","ownership_text":"Unknown","nhfr_code":""},"id":41},{"type":"Feature","geometry":{"type":"Polygon","coordinates":[[[9.095729,10.049167],[9.096665,10.049166],[9.096666,10.040834],[9.097498,10.040833],[9.097499,10.04],[9.099165,10.039999],[9.099166,10.039167],[9.100832,10.039166],[9.100833,10.037568],[9.101172,10.038084],[9.104167,10.040869],[9.108929,10.044044],[9.109998,10.045416],[9.109999,10.048333],[9.110832,10.048334],[9.110833,10.049166],[9.111666,10.049167],[9.111665,10.050833],[9.109166,10.050834],[9.109166,10.053333],[9.113332,10.053334],[9.113332,10.057499],[9.112499,10.0575],[9.112499,10.060833],[9.114165,10.060833],[9.114166,10.06],[9.117498,10.06],[9.117499,10.059965],[9.118802,10.061692],[9.12054,10.062084],[9.120507,10.062718],[9.119505,10.064687],[9.119199,10.06503],[9.118441,10.065404],[9.116744,10.065026],[9.116715,10.065274],[9.116539,10.065743],[9.116415,10.06615],[9.116307,10.066701],[9.116659,10.066784],[9.116651,10.066848],[9.116962,10.066932],[9.117265,10.066993],[9.117207,10.067179],[9.117157,10.067425],[9.117078,10.067741],[9.116994,10.068069],[9.117,10.068238],[9.116965,10.068337],[9.116979,10.06854],[9.116879,10.068505],[9.11678,10.068477],[9.116693,10.068422],[9.116559,10.068414],[9.116422,10.068513],[9.116267,10.068589],[9.116103,10.068638],[9.115939,10.068673],[9.115809,10.068744],[9.115561,10.0688],[9.115368,10.068751],[9.11526,10.068751],[9.115039,10.068899],[9.114989,10.069055],[9.114954,10.069209],[9.114882,10.06935],[9.114812,10.069531],[9.114668,10.069707],[9.114405,10.069581],[9.114226,10.06956],[9.11412,10.069602],[9.114134,10.069722],[9.114098,10.069841],[9.114048,10.069938],[9.113799,10.069903],[9.113742,10.069813],[9.113664,10.069743],[9.113577,10.069764],[9.113513,10.069833],[9.113196,10.069695],[9.113086,10.069777],[9.113142,10.069883],[9.1131,10.069973],[9.109108,10.068843],[9.10985,10.06554],[9.10985,10.063469],[9.106783,10.062582],[9.106451,10.057804],[9.106332,10.056159],[9.10619,10.054989],[9.106284,10.053163],[9.104002,10.05218],[9.101459,10.05129],[9.099415,10.050541],[9.095729,10.049167]]]},"properties":{"Name":"Goljarendi Health Clinic and Maternity","Site Location":[9.11345,10.06552],"Admin 0":["Nigeria"],"Admin 1":["Bauchi"],"Admin 2":["Toro"],"Admin 3":["Toro"],"Total population - WorldPop (2026)":2613,"Total population - WorldPop UN (2026)":2028,"Total population - Kontur (2023-10-31)":2669,"Total population - Meta (2023-04-21)":2608,"Total women - Meta (2023-04-21)":1304,"Total men - Meta (2023-04-21)":1304,"Children under 5 - Meta (2023-04-21)":373,"People 15 to 24 - Meta (2023-04-21)":373,"Women 15 to 49 - Meta (2023-04-21)":745,"People 60 and older - Meta (2023-04-21)":0,"OpenStreetMap Buildings (2026-02-20)":659,"Google Buildings 60+% Confidence (2023-05)":902,"Google Buildings 70+% Confidence (2023-05)":782,"Google Buildings 80+% Confidence (2023-05)":508,"Average Building Footprint (m²) (2023-05)":"50.06","Overture Buildings (2026-02-20)":948,"organization_id":"org-4ace5e3e-2949-4844-bae3-a35b9eb1be95","lga":"Toro","nhfr_uid":"32761507","status":"active","nhfr_code":"05/18/1/1/2/0009","ownership_code":"private","facility_level_code":"primary","lga_location_id":"nga-ba-5018","facility_level_text":"Primary Health Clinic","location_id":"4ace5e3e-2949-4844-bae3-a35b9eb1be95","grid3_globalid":"4ace5e3e-2949-4844-bae3-a35b9eb1be95","ownership_text":"For Profit","state":"Bauchi","country":"Nigeria"},"id":42},{"type":"Feature","geometry":{"type":"Polygon","coordinates":[[[9.129999,10.374883],[9.129999,10.374167],[9.138332,10.374167],[9.138333,10.374999],[9.140832,10.375],[9.140833,10.374167],[9.142498,10.374166],[9.142499,10.37],[9.146665,10.369999],[9.146666,10.365834],[9.157498,10.365834],[9.157499,10.365],[9.159998,10.365],[9.159999,10.365833],[9.163332,10.365833],[9.163333,10.361667],[9.166594,10.361666],[9.166595,10.361665],[9.16612,10.360834],[9.168332,10.360833],[9.168333,10.36],[9.169165,10.359999],[9.169166,10.3575],[9.179998,10.357499],[9.179999,10.353334],[9.188332,10.353333],[9.188333,10.349167],[9.200832,10.349166],[9.200833,10.345],[9.209165,10.344999],[9.209166,10.340834],[9.213332,10.340833],[9.213333,10.336667],[9.226665,10.336667],[9.226666,10.337499],[9.228332,10.337499],[9.228333,10.336667],[9.229165,10.336666],[9.229166,10.335],[9.229998,10.335],[9.229999,10.336666],[9.235832,10.336666],[9.235832,10.335834],[9.234166,10.335833],[9.234165,10.335],[9.233333,10.334999],[9.233333,10.333334],[9.235832,10.333334],[9.235833,10.334999],[9.236755,10.335],[9.237335,10.337178],[9.238095,10.338008],[9.238557,10.338988],[9.238469,10.339165],[9.23847,10.339166],[9.239165,10.339166],[9.239166,10.336667],[9.246665,10.336666],[9.246666,10.3325],[9.254998,10.332499],[9.254999,10.324167],[9.262869,10.324167],[9.266827,10.330333],[9.266923,10.330844],[9.27038,10.337902],[9.282484,10.343286],[9.287716,10.362386],[9.289842,10.369999],[9.284166,10.37],[9.284165,10.374166],[9.279999,10.374167],[9.279998,10.386666],[9.278333,10.386666],[9.278332,10.385834],[9.2775,10.385834],[9.277498,10.386666],[9.271666,10.386667],[9.271665,10.390833],[9.267499,10.390834],[9.267498,10.394999],[9.263333,10.395],[9.263332,10.399166],[9.254999,10.399167],[9.254998,10.400833],[9.253333,10.400834],[9.253333,10.403333],[9.254998,10.403334],[9.254998,10.407499],[9.250833,10.4075],[9.250832,10.411666],[9.242499,10.411667],[9.242498,10.415834],[9.238333,10.415833],[9.238332,10.411667],[9.229999,10.411667],[9.229998,10.415833],[9.229166,10.415834],[9.229165,10.416666],[9.227499,10.416667],[9.227498,10.417499],[9.225833,10.4175],[9.225832,10.419999],[9.213333,10.42],[9.213332,10.424065],[9.212152,10.421879],[9.209166,10.420849],[9.209165,10.423333],[9.206666,10.423334],[9.206665,10.424166],[9.200833,10.424167],[9.200832,10.424999],[9.199166,10.425],[9.199165,10.426666],[9.197499,10.426667],[9.197498,10.427499],[9.196666,10.4275],[9.196665,10.428333],[9.192499,10.428334],[9.192498,10.432499],[9.191666,10.4325],[9.191665,10.433333],[9.190833,10.433334],[9.190832,10.435834],[9.188333,10.435833],[9.188332,10.4325],[9.184166,10.432499],[9.184165,10.428334],[9.181666,10.428333],[9.181665,10.4275],[9.180833,10.4275],[9.180832,10.428333],[9.179999,10.428333],[9.179998,10.424167],[9.178333,10.424166],[9.178332,10.4225],[9.177499,10.422499],[9.177498,10.421667],[9.175833,10.421666],[9.175832,10.42],[9.171666,10.419999],[9.171665,10.415834],[9.163333,10.415833],[9.163332,10.411667],[9.162499,10.411666],[9.162498,10.410834],[9.159166,10.410833],[9.159165,10.4075],[9.157499,10.407499],[9.157498,10.404167],[9.156666,10.404166],[9.156665,10.403334],[9.147499,10.403333],[9.147499,10.4025],[9.148332,10.402499],[9.148332,10.4],[9.145833,10.4],[9.145832,10.402499],[9.144999,10.4025],[9.144998,10.403333],[9.138333,10.403333],[9.138332,10.399167],[9.135097,10.399166],[9.138742,10.39021],[9.138451,10.383131],[9.13535,10.379933],[9.129999,10.374883]]]},"properties":{"Name":"Gukka Health Post","Site Location":[9.222403,10.383969],"Admin 0":["Nigeria"],"Admin 1":["Bauchi"],"Admin 2":["Toro"],"Admin 3":["Lame"],"Total population - WorldPop (2026)":3986,"Total population - WorldPop UN (2026)":4094,"Total population - Kontur (2023-10-31)":3955,"Total population - Meta (2023-04-21)":3758,"Total women - Meta (2023-04-21)":1879,"Total men - Meta (2023-04-21)":1879,"Children under 5 - Meta (2023-04-21)":537,"People 15 to 24 - Meta (2023-04-21)":537,"Women 15 to 49 - Meta (2023-04-21)":1074,"People 60 and older - Meta (2023-04-21)":0,"OpenStreetMap Buildings (2026-02-20)":1111,"Google Buildings 60+% Confidence (2023-05)":2364,"Google Buildings 70+% Confidence (2023-05)":1943,"Google Buildings 80+% Confidence (2023-05)":693,"Average Building Footprint (m²) (2023-05)":"33.14","Overture Buildings (2026-02-20)":2456,"nhfr_uid":"","ownership_text":"Unknown","lga_location_id":"nga-ba-5018","status":"active","facility_level_text":"Health Post","facility_level_code":"primary","nhfr_code":"","location_id":"fe37c141-a033-434f-b74a-4d32d9f99c7d","ownership_code":"public","grid3_globalid":"fe37c141-a033-434f-b74a-4d32d9f99c7d","lga":"Toro","country":"Nigeria","organization_id":"org-fe37c141-a033-434f-b74a-4d32d9f99c7d","state":"Bauchi"},"id":43},{"type":"Feature","geometry":{"type":"Polygon","coordinates":[[[9.009166,10.253704],[9.009166,10.253334],[9.011732,10.253334],[9.011981,10.253658],[9.012468,10.253607],[9.012967,10.25348],[9.013091,10.253479],[9.013407,10.253417],[9.013633,10.253442],[9.013943,10.253411],[9.014856,10.253633],[9.015038,10.253727],[9.014767,10.253993],[9.015188,10.254408],[9.015553,10.254694],[9.015065,10.255454],[9.015403,10.255745],[9.015924,10.256248],[9.016541,10.256711],[9.017071,10.257153],[9.017497,10.257543],[9.017499,10.257542],[9.017499,10.2575],[9.01854,10.2575],[9.01816,10.258087],[9.017956,10.257977],[9.017607,10.257645],[9.016921,10.258473],[9.016476,10.258626],[9.016358,10.258684],[9.015452,10.258235],[9.015613,10.25799],[9.015967,10.257501],[9.015967,10.2575],[9.014555,10.2575],[9.013817,10.258251],[9.013465,10.258405],[9.013102,10.25843],[9.012342,10.258128],[9.011364,10.257904],[9.011175,10.258177],[9.011009,10.258099],[9.010693,10.258103],[9.010866,10.2575],[9.010869,10.257499],[9.010881,10.257459],[9.011341,10.256299],[9.010495,10.255949],[9.010833,10.255048],[9.011846,10.253818],[9.0111,10.253669],[9.009846,10.253575],[9.009166,10.253704]]]},"properties":{"Name":"Guman Health Post","Site Location":[9.01499,10.25688],"Admin 0":["Nigeria"],"Admin 1":["Bauchi"],"Admin 2":["Toro"],"Admin 3":["Wonu North"],"Total population - WorldPop (2026)":1761,"Total population - WorldPop UN (2026)":1533,"Total population - Kontur (2023-10-31)":1194,"Total population - Meta (2023-04-21)":2010,"Total women - Meta (2023-04-21)":1005,"Total men - Meta (2023-04-21)":1005,"Children under 5 - Meta (2023-04-21)":287,"People 15 to 24 - Meta (2023-04-21)":287,"Women 15 to 49 - Meta (2023-04-21)":574,"People 60 and older - Meta (2023-04-21)":0,"OpenStreetMap Buildings (2026-02-20)":725,"Google Buildings 60+% Confidence (2023-05)":801,"Google Buildings 70+% Confidence (2023-05)":681,"Google Buildings 80+% Confidence (2023-05)":396,"Average Building Footprint (m²) (2023-05)":"81.91","Overture Buildings (2026-02-20)":788,"organization_id":"org-f92ace6a-00d8-4369-8a1b-a92f7a153a4d","ownership_code":"unknown","nhfr_uid":"","lga":"Toro","status":"active","facility_level_text":"Health Post","nhfr_code":"","facility_level_code":"primary","grid3_globalid":"f92ace6a-00d8-4369-8a1b-a92f7a153a4d","country":"Nigeria","location_id":"f92ace6a-00d8-4369-8a1b-a92f7a153a4d","ownership_text":"Unknown","state":"Bauchi","lga_location_id":"nga-ba-5018"},"id":44},{"type":"Feature","geometry":{"type":"Polygon","coordinates":[[[9.012287,10.258725],[9.012343,10.258129],[9.013102,10.25843],[9.013465,10.258404],[9.013817,10.258251],[9.014555,10.2575],[9.015968,10.2575],[9.015613,10.25799],[9.015452,10.258235],[9.016357,10.258684],[9.016476,10.258626],[9.016922,10.258473],[9.017498,10.257776],[9.017499,10.261666],[9.022498,10.261667],[9.0225,10.2625],[9.024998,10.262499],[9.024999,10.261667],[9.025832,10.261667],[9.025833,10.265833],[9.029998,10.265834],[9.029999,10.268333],[9.032498,10.268334],[9.032498,10.269999],[9.031666,10.27],[9.031666,10.273333],[9.032498,10.273334],[9.032498,10.274166],[9.029999,10.274166],[9.029998,10.27],[9.025833,10.269999],[9.025832,10.265834],[9.019999,10.265833],[9.019998,10.264167],[9.019166,10.264166],[9.019165,10.263334],[9.014166,10.263333],[9.014165,10.2625],[9.013333,10.262499],[9.013333,10.261667],[9.014998,10.261666],[9.014998,10.260834],[9.013333,10.260833],[9.013332,10.258511],[9.012664,10.25875],[9.012287,10.258725]]]},"properties":{"Name":"Gumau Model Primary Health Center","Site Location":[9.01364699955,10.2587689996],"Admin 0":["Nigeria"],"Admin 1":["Bauchi"],"Admin 2":["Toro"],"Admin 3":["Wonu North"],"Total population - WorldPop (2026)":439,"Total population - WorldPop UN (2026)":431,"Total population - Kontur (2023-10-31)":1028,"Total population - Meta (2023-04-21)":492,"Total women - Meta (2023-04-21)":246,"Total men - Meta (2023-04-21)":246,"Children under 5 - Meta (2023-04-21)":70,"People 15 to 24 - Meta (2023-04-21)":70,"Women 15 to 49 - Meta (2023-04-21)":141,"People 60 and older - Meta (2023-04-21)":0,"OpenStreetMap Buildings (2026-02-20)":195,"Google Buildings 60+% Confidence (2023-05)":209,"Google Buildings 70+% Confidence (2023-05)":187,"Google Buildings 80+% Confidence (2023-05)":107,"Average Building Footprint (m²) (2023-05)":"80.78","Overture Buildings (2026-02-20)":213,"ownership_code":"public","nhfr_uid":"","organization_id":"org-42d22015-038c-4918-9883-8340aa001a3a","facility_level_code":"primary","grid3_globalid":"42d22015-038c-4918-9883-8340aa001a3a","state":"Bauchi","lga_location_id":"nga-ba-5018","location_id":"42d22015-038c-4918-9883-8340aa001a3a","facility_level_text":"Primary Health Center","status":"active","ownership_text":"Unknown","country":"Nigeria","lga":"Toro","nhfr_code":""},"id":45},{"type":"Feature","geometry":{"type":"Polygon","coordinates":[[[9.011733,10.253334],[9.013332,10.253333],[9.013332,10.252894],[9.013177,10.252391],[9.013621,10.25234],[9.014153,10.252349],[9.014367,10.252324],[9.014748,10.252376],[9.015236,10.252703],[9.015516,10.252039],[9.01581,10.252059],[9.015924,10.251136],[9.016567,10.251222],[9.016462,10.25194],[9.016343,10.25229],[9.016171,10.252547],[9.0157,10.253063],[9.016239,10.253643],[9.016465,10.253843],[9.017168,10.252874],[9.017664,10.253339],[9.017828,10.253195],[9.018417,10.253315],[9.018713,10.253437],[9.018889,10.253438],[9.019298,10.253796],[9.019395,10.253628],[9.019524,10.253546],[9.019775,10.253035],[9.019829,10.253051],[9.020006,10.252466],[9.020595,10.252624],[9.020809,10.251955],[9.023332,10.248487],[9.023332,10.246667],[9.021666,10.246666],[9.021666,10.243334],[9.022498,10.243333],[9.022499,10.2425],[9.024165,10.242499],[9.024166,10.241667],[9.024998,10.241666],[9.024999,10.240834],[9.030832,10.240833],[9.030832,10.24],[9.029999,10.239999],[9.029999,10.236667],[9.034165,10.236666],[9.034166,10.233334],[9.036665,10.233333],[9.036666,10.2325],[9.037498,10.232499],[9.037498,10.23],[9.036666,10.229999],[9.036666,10.229167],[9.038332,10.229166],[9.038333,10.228334],[9.042498,10.228333],[9.042499,10.224167],[9.042933,10.224167],[9.043742,10.2245],[9.059998,10.229216],[9.059998,10.229999],[9.059166,10.23],[9.059165,10.232499],[9.056666,10.2325],[9.056665,10.234999],[9.054999,10.235],[9.054999,10.239999],[9.054551,10.24],[9.05455,10.240001],[9.055008,10.24129],[9.055325,10.24249],[9.055932,10.243556],[9.056172,10.244474],[9.05605,10.244839],[9.056063,10.245378],[9.056157,10.245621],[9.056285,10.245699],[9.056396,10.245754],[9.056678,10.246662],[9.056358,10.247679],[9.056272,10.248333],[9.055833,10.248333],[9.055832,10.2475],[9.054999,10.2475],[9.054998,10.248704],[9.054166,10.248432],[9.054165,10.249166],[9.053333,10.249167],[9.053332,10.249999],[9.052499,10.250001],[9.052499,10.250833],[9.053332,10.250834],[9.053333,10.254166],[9.054998,10.254167],[9.054998,10.255833],[9.054166,10.255834],[9.054166,10.256666],[9.054998,10.256667],[9.054998,10.257499],[9.050833,10.2575],[9.050832,10.263333],[9.049166,10.263334],[9.049166,10.264738],[9.050149,10.26455],[9.050471,10.265051],[9.050604,10.265653],[9.050593,10.266544],[9.049382,10.266892],[9.048691,10.267283],[9.048691,10.267284],[9.048995,10.267484],[9.049719,10.267506],[9.050148,10.267684],[9.050389,10.267622],[9.051179,10.266698],[9.0521,10.266528],[9.052498,10.266096],[9.052498,10.269999],[9.049999,10.27],[9.049999,10.270833],[9.053333,10.270834],[9.053332,10.274166],[9.050833,10.274167],[9.050832,10.275833],[9.049166,10.275834],[9.049165,10.278333],[9.047499,10.278334],[9.047499,10.279999],[9.049998,10.28],[9.049999,10.278334],[9.050832,10.278334],[9.050832,10.281666],[9.049166,10.281667],[9.049165,10.282499],[9.047499,10.2825],[9.047499,10.287499],[9.050832,10.2875],[9.050832,10.288751],[9.048271,10.288993],[9.048122,10.288874],[9.048129,10.288644],[9.048292,10.288319],[9.048474,10.288018],[9.048383,10.287864],[9.048168,10.28779],[9.047864,10.287769],[9.047192,10.287974],[9.046666,10.287848],[9.046665,10.290833],[9.042499,10.290833],[9.042498,10.286667],[9.03981,10.286667],[9.039658,10.286537],[9.039077,10.286529],[9.038548,10.286647],[9.038521,10.286666],[9.038333,10.286666],[9.038332,10.278334],[9.034166,10.278333],[9.034166,10.275834],[9.037498,10.275834],[9.037498,10.275638],[9.03691,10.274986],[9.034137,10.27507],[9.033333,10.275121],[9.033332,10.274167],[9.032499,10.274166],[9.032498,10.273334],[9.031666,10.273333],[9.031666,10.27],[9.032498,10.269999],[9.032498,10.268334],[9.029999,10.268333],[9.029998,10.265834],[9.025833,10.265833],[9.025832,10.261667],[9.024999,10.261667],[9.024998,10.262499],[9.022499,10.2625],[9.022498,10.261667],[9.017499,10.261666],[9.017499,10.257776],[9.017608,10.257645],[9.017956,10.257977],[9.01816,10.258087],[9.018539,10.2575],[9.0175,10.2575],[9.017498,10.257544],[9.017071,10.257153],[9.016541,10.256711],[9.015924,10.256248],[9.015403,10.255745],[9.015065,10.255453],[9.015553,10.254694],[9.015188,10.254408],[9.014767,10.253993],[9.015038,10.253727],[9.015037,10.253726],[9.014855,10.253632],[9.013943,10.253411],[9.013633,10.253442],[9.013407,10.253417],[9.013091,10.253479],[9.012967,10.25348],[9.012468,10.253607],[9.011981,10.253658],[9.011733,10.253334]]]},"properties":{"Name":"Gumau Primary Health Care Center","Site Location":[9.017129,10.254636],"Admin 0":["Nigeria"],"Admin 1":["Bauchi"],"Admin 2":["Toro"],"Admin 3":["Wonu North"],"Total population - WorldPop (2026)":5234,"Total population - WorldPop UN (2026)":5594,"Total population - Kontur (2023-10-31)":5465,"Total population - Meta (2023-04-21)":5195,"Total women - Meta (2023-04-21)":2598,"Total men - Meta (2023-04-21)":2598,"Children under 5 - Meta (2023-04-21)":742,"People 15 to 24 - Meta (2023-04-21)":742,"Women 15 to 49 - Meta (2023-04-21)":1484,"People 60 and older - Meta (2023-04-21)":0,"OpenStreetMap Buildings (2026-02-20)":2244,"Google Buildings 60+% Confidence (2023-05)":2850,"Google Buildings 70+% Confidence (2023-05)":2349,"Google Buildings 80+% Confidence (2023-05)":1095,"Average Building Footprint (m²) (2023-05)":"47.29","Overture Buildings (2026-02-20)":2502,"nhfr_uid":"24126326","ownership_text":"Local Government","lga":"Toro","facility_level_code":"primary","lga_location_id":"nga-ba-5018","organization_id":"org-6ca2ad7d-15e6-4b9f-8685-15c9128fa15b","facility_level_text":"Primary Health Center","location_id":"6ca2ad7d-15e6-4b9f-8685-15c9128fa15b","status":"active","nhfr_code":"05/18/1/1/1/0025","grid3_globalid":"6ca2ad7d-15e6-4b9f-8685-15c9128fa15b","ownership_code":"public","state":"Bauchi","country":"Nigeria"},"id":46},{"type":"Feature","geometry":{"type":"Polygon","coordinates":[[[8.780042,10.807499],[8.785645,10.797199],[8.791317,10.792035],[8.797652,10.7871],[8.80721,10.78042],[8.815603,10.7737],[8.821589,10.769239],[8.82898,10.757819],[8.831183,10.752823],[8.832084,10.749538],[8.834165,10.742842],[8.837984,10.73364],[8.846458,10.72459],[8.851277,10.72009],[8.855218,10.7074],[8.85442,10.696879],[8.852459,10.68633],[8.848175,10.67994],[8.824747,10.675279],[8.82188,10.672255],[8.83127,10.663763],[8.820977,10.647511],[8.814987,10.637063],[8.813299,10.630097],[8.815493,10.627359],[8.83203,10.615667],[8.832874,10.613924],[8.834055,10.612349],[8.833717,10.609861],[8.832199,10.607207],[8.832958,10.604553],[8.832537,10.596401],[8.840071,10.596521],[8.858777,10.594849],[8.867046,10.590952],[8.873037,10.58863],[8.877424,10.586224],[8.881897,10.585145],[8.886032,10.584814],[8.90029,10.587468],[8.904998,10.589386],[8.904998,10.594999],[8.904166,10.594999],[8.904165,10.593334],[8.901667,10.593334],[8.901665,10.594999],[8.900833,10.595],[8.900833,10.607499],[8.909165,10.6075],[8.909166,10.619999],[8.908333,10.62],[8.908333,10.621666],[8.909165,10.621667],[8.909166,10.624166],[8.913332,10.624167],[8.913333,10.628333],[8.917498,10.628334],[8.917499,10.632499],[8.925832,10.6325],[8.925833,10.636666],[8.929998,10.636667],[8.929999,10.649166],[8.934165,10.649167],[8.934166,10.669999],[8.938332,10.67],[8.938332,10.675833],[8.934999,10.675834],[8.934998,10.678333],[8.934166,10.678334],[8.934166,10.683333],[8.935832,10.683334],[8.935832,10.68739],[8.933677,10.685141],[8.933334,10.68497],[8.933333,10.684971],[8.933332,10.685833],[8.932499,10.685834],[8.932499,10.687499],[8.933332,10.6875],[8.933333,10.688333],[8.934165,10.688334],[8.934166,10.691666],[8.934998,10.691667],[8.934998,10.694166],[8.934166,10.694167],[8.934165,10.694999],[8.929999,10.695],[8.929999,10.698333],[8.930832,10.698334],[8.930833,10.699166],[8.929999,10.699167],[8.929998,10.719999],[8.925833,10.72],[8.925832,10.724166],[8.921666,10.724167],[8.921665,10.727499],[8.919166,10.7275],[8.919165,10.728333],[8.913333,10.728334],[8.913332,10.732499],[8.910833,10.7325],[8.910832,10.734999],[8.909166,10.735],[8.909165,10.736666],[8.904999,10.736667],[8.904998,10.739166],[8.904166,10.739167],[8.904165,10.739999],[8.903333,10.739999],[8.903332,10.736667],[8.900833,10.736667],[8.900832,10.737499],[8.899166,10.7375],[8.899165,10.738333],[8.898333,10.738334],[8.898332,10.739166],[8.897679,10.739167],[8.897678,10.739168],[8.897814,10.739452],[8.899086,10.739353],[8.900518,10.739747],[8.900868,10.739999],[8.899999,10.74],[8.899998,10.741666],[8.897499,10.741667],[8.897498,10.742499],[8.896666,10.7425],[8.896665,10.749166],[8.888333,10.749167],[8.888332,10.753333],[8.867499,10.753334],[8.867498,10.757499],[8.863333,10.7575],[8.863332,10.761666],[8.859166,10.761667],[8.859165,10.765833],[8.854999,10.765834],[8.854998,10.769999],[8.846666,10.77],[8.846665,10.774166],[8.842499,10.774167],[8.842498,10.786666],[8.838333,10.786666],[8.838332,10.7825],[8.834166,10.7825],[8.834165,10.786666],[8.829999,10.786667],[8.829998,10.788333],[8.829166,10.788335],[8.829166,10.789166],[8.829998,10.789167],[8.829998,10.790833],[8.825833,10.790834],[8.825832,10.799166],[8.814167,10.799167],[8.814165,10.8],[8.813333,10.799999],[8.813332,10.799167],[8.809166,10.799167],[8.809165,10.803333],[8.804999,10.803334],[8.804998,10.807499],[8.796666,10.807499],[8.796665,10.803334],[8.792499,10.803334],[8.792498,10.807499],[8.784999,10.807499],[8.784998,10.805834],[8.782499,10.805834],[8.782498,10.807499],[8.780042,10.807499]]]},"properties":{"Name":"Guraka Maternity","Site Location":[8.864481,10.67213],"Admin 0":["Nigeria"],"Admin 1":["Bauchi"],"Admin 2":["Toro"],"Admin 3":["Tama #1"],"Total population - WorldPop (2026)":7452,"Total population - WorldPop UN (2026)":6521,"Total population - Kontur (2023-10-31)":6058,"Total population - Meta (2023-04-21)":5843,"Total women - Meta (2023-04-21)":2922,"Total men - Meta (2023-04-21)":2922,"Children under 5 - Meta (2023-04-21)":835,"People 15 to 24 - Meta (2023-04-21)":835,"Women 15 to 49 - Meta (2023-04-21)":1670,"People 60 and older - Meta (2023-04-21)":0,"OpenStreetMap Buildings (2026-02-20)":408,"Google Buildings 60+% Confidence (2023-05)":3805,"Google Buildings 70+% Confidence (2023-05)":2839,"Google Buildings 80+% Confidence (2023-05)":724,"Average Building Footprint (m²) (2023-05)":"28.45","Overture Buildings (2026-02-20)":3279,"facility_level_text":"Primary Health Clinic","facility_level_code":"primary","ownership_text":"Unknown","status":"active","country":"Nigeria","organization_id":"org-8a751966-ac3f-462e-98e5-f43490d3c2e0","ownership_code":"public","state":"Bauchi","lga_location_id":"nga-ba-5018","grid3_globalid":"8a751966-ac3f-462e-98e5-f43490d3c2e0","lga":"Toro","location_id":"8a751966-ac3f-462e-98e5-f43490d3c2e0","nhfr_code":"","nhfr_uid":""},"id":47},{"type":"Feature","geometry":{"type":"Polygon","coordinates":[[[9.000833,10.104324],[9.000833,10.099167],[9.004998,10.099166],[9.004999,10.093334],[9.005832,10.093334],[9.005833,10.094166],[9.007498,10.094166],[9.007499,10.093334],[9.008332,10.093333],[9.008333,10.090834],[9.013332,10.090833],[9.013332,10.086667],[9.012499,10.086666],[9.012499,10.083334],[9.013333,10.083333],[9.013333,10.07],[9.014998,10.069999],[9.014998,10.068334],[9.014166,10.068333],[9.014166,10.066667],[9.017498,10.066666],[9.017499,10.0625],[9.018332,10.062499],[9.018333,10.061667],[9.020832,10.061666],[9.020833,10.06],[9.021665,10.059999],[9.021666,10.059474],[9.02706,10.057428],[9.035823,10.061852],[9.037952,10.063938],[9.042419,10.067447],[9.044749,10.069133],[9.048606,10.071729],[9.046526,10.075229],[9.042823,10.08257],[9.042467,10.083798],[9.042674,10.084763],[9.041902,10.085496],[9.041813,10.086549],[9.04202,10.087864],[9.042169,10.088596],[9.041813,10.08956],[9.041695,10.090145],[9.041498,10.090649],[9.040336,10.091311],[9.040192,10.092574],[9.039575,10.094025],[9.03967,10.095334],[9.040192,10.096364],[9.04043,10.097487],[9.03967,10.097863],[9.03948,10.098376],[9.040002,10.098565],[9.040483,10.099014],[9.039057,10.100242],[9.036859,10.100828],[9.035671,10.101647],[9.035047,10.102798],[9.033674,10.102606],[9.032368,10.103184],[9.032171,10.104086],[9.018508,10.104278],[9.007002,10.104215],[9.000833,10.104324]]]},"properties":{"Name":"Gwalfaada Maternity","Site Location":[9.02575,10.07411],"Admin 0":["Nigeria"],"Admin 1":["Bauchi"],"Admin 2":["Toro"],"Admin 3":["Tilde"],"Total population - WorldPop (2026)":3067,"Total population - WorldPop UN (2026)":2746,"Total population - Kontur (2023-10-31)":4588,"Total population - Meta (2023-04-21)":3391,"Total women - Meta (2023-04-21)":1695,"Total men - Meta (2023-04-21)":1695,"Children under 5 - Meta (2023-04-21)":484,"People 15 to 24 - Meta (2023-04-21)":484,"Women 15 to 49 - Meta (2023-04-21)":969,"People 60 and older - Meta (2023-04-21)":0,"OpenStreetMap Buildings (2026-02-20)":1010,"Google Buildings 60+% Confidence (2023-05)":1221,"Google Buildings 70+% Confidence (2023-05)":1016,"Google Buildings 80+% Confidence (2023-05)":529,"Average Building Footprint (m²) (2023-05)":"39.09","Overture Buildings (2026-02-20)":1130,"status":"active","country":"Nigeria","facility_level_code":"primary","facility_level_text":"Primary Health Clinic","ownership_code":"public","ownership_text":"Unknown","nhfr_uid":"","lga_location_id":"nga-ba-5018","nhfr_code":"","grid3_globalid":"4774dbd1-7bfe-4cad-9b8c-e7fed9029acf","state":"Bauchi","organization_id":"org-4774dbd1-7bfe-4cad-9b8c-e7fed9029acf","lga":"Toro","location_id":"4774dbd1-7bfe-4cad-9b8c-e7fed9029acf"},"id":48},{"type":"Feature","geometry":{"type":"Polygon","coordinates":[[[9.025833,10.117499],[9.025833,10.116667],[9.026665,10.116666],[9.026666,10.115834],[9.028332,10.115833],[9.028333,10.114167],[9.029998,10.114166],[9.029999,10.111667],[9.038332,10.111667],[9.038333,10.115833],[9.042498,10.115833],[9.042498,10.115],[9.041666,10.114999],[9.041666,10.1125],[9.043332,10.1125],[9.043333,10.113333],[9.044165,10.113334],[9.044166,10.114999],[9.046665,10.115],[9.046666,10.115833],[9.050832,10.115834],[9.050833,10.119999],[9.054165,10.119999],[9.054166,10.118334],[9.054998,10.118334],[9.054999,10.119999],[9.055204,10.12],[9.055206,10.120015],[9.055222,10.120087],[9.055525,10.122156],[9.056487,10.124406],[9.057486,10.126618],[9.058805,10.130794],[9.059018,10.134585],[9.058582,10.143021],[9.058651,10.153878],[9.057411,10.155091],[9.052384,10.16618],[9.043436,10.166133],[9.042499,10.166041],[9.042499,10.165],[9.043333,10.164999],[9.043332,10.1625],[9.042499,10.162499],[9.042499,10.161667],[9.043332,10.161666],[9.043333,10.161065],[9.043035,10.160364],[9.041956,10.15895],[9.041275,10.158522],[9.04097,10.158955],[9.041162,10.159704],[9.040363,10.160423],[9.039162,10.160438],[9.038524,10.160265],[9.038396,10.160325],[9.036799,10.159715],[9.036588,10.158811],[9.034945,10.159056],[9.035223,10.158646],[9.0351,10.157947],[9.03477,10.157856],[9.034746,10.157029],[9.033395,10.155834],[9.034165,10.155833],[9.034166,10.155],[9.037498,10.155],[9.037499,10.155833],[9.039165,10.155833],[9.039166,10.154167],[9.041665,10.154166],[9.041665,10.149167],[9.039999,10.149166],[9.039999,10.148842],[9.041065,10.148625],[9.044165,10.148592],[9.044165,10.1475],[9.043333,10.147499],[9.043332,10.145834],[9.042499,10.145833],[9.042499,10.145],[9.044998,10.144999],[9.044999,10.144167],[9.046665,10.144166],[9.046665,10.140834],[9.042499,10.140833],[9.042498,10.136667],[9.039999,10.136666],[9.039998,10.135834],[9.039166,10.135833],[9.039165,10.135],[9.038333,10.134999],[9.038332,10.134167],[9.034166,10.134166],[9.034166,10.130834],[9.034998,10.130833],[9.034999,10.129168],[9.034166,10.129166],[9.034165,10.124167],[9.029999,10.124166],[9.029998,10.116667],[9.028333,10.116667],[9.028332,10.118333],[9.026666,10.118333],[9.026665,10.1175],[9.025833,10.117499]]]},"properties":{"Name":"Gwalfada Primary Health Care Center","Site Location":[9.042927,10.123583],"Admin 0":["Nigeria"],"Admin 1":["Bauchi"],"Admin 2":["Toro"],"Admin 3":["Ribina West"],"Total population - WorldPop (2026)":3280,"Total population - WorldPop UN (2026)":2716,"Total population - Kontur (2023-10-31)":4451,"Total population - Meta (2023-04-21)":4416,"Total women - Meta (2023-04-21)":2208,"Total men - Meta (2023-04-21)":2208,"Children under 5 - Meta (2023-04-21)":631,"People 15 to 24 - Meta (2023-04-21)":631,"Women 15 to 49 - Meta (2023-04-21)":1262,"People 60 and older - Meta (2023-04-21)":0,"OpenStreetMap Buildings (2026-02-20)":2026,"Google Buildings 60+% Confidence (2023-05)":2334,"Google Buildings 70+% Confidence (2023-05)":1977,"Google Buildings 80+% Confidence (2023-05)":1095,"Average Building Footprint (m²) (2023-05)":"38.93","Overture Buildings (2026-02-20)":2135,"facility_level_text":"Primary Health Center","grid3_globalid":"7442c507-18c3-41e9-9091-95957d9474c8","status":"active","nhfr_code":"05/18/1/1/1/0026","nhfr_uid":"21057834","facility_level_code":"primary","ownership_code":"public","country":"Nigeria","organization_id":"org-7442c507-18c3-41e9-9091-95957d9474c8","lga_location_id":"nga-ba-5018","state":"Bauchi","location_id":"7442c507-18c3-41e9-9091-95957d9474c8","ownership_text":"Local Government","lga":"Toro"},"id":49},{"type":"Feature","geometry":{"type":"Polygon","coordinates":[[[9.050833,10.169999],[9.050833,10.166667],[9.051665,10.166666],[9.051666,10.166177],[9.052385,10.16618],[9.057411,10.155091],[9.058652,10.153879],[9.081324,10.155248],[9.087685,10.148822],[9.088515,10.149373],[9.095819,10.156406],[9.096014,10.157468],[9.096413,10.158425],[9.097456,10.158283],[9.098212,10.158568],[9.09847,10.159539],[9.098948,10.161666],[9.092499,10.161667],[9.092498,10.165833],[9.091869,10.165835],[9.091868,10.172702],[9.090833,10.1734],[9.090832,10.1725],[9.089166,10.172499],[9.089165,10.17],[9.088333,10.17],[9.088332,10.174166],[9.083333,10.174166],[9.083333,10.173334],[9.084165,10.173333],[9.084165,10.171667],[9.081666,10.171667],[9.081665,10.173333],[9.080833,10.173334],[9.080832,10.174166],[9.077499,10.174167],[9.077498,10.174999],[9.076666,10.175],[9.076665,10.175833],[9.075833,10.175833],[9.075832,10.175],[9.074166,10.174999],[9.074165,10.174167],[9.073333,10.174166],[9.073333,10.173334],[9.074165,10.173333],[9.074165,10.17],[9.072499,10.169999],[9.072498,10.169167],[9.071666,10.169167],[9.071665,10.169999],[9.070833,10.17],[9.070833,10.174166],[9.071665,10.174167],[9.071666,10.175833],[9.070833,10.175834],[9.070832,10.177499],[9.069999,10.177499],[9.069998,10.176021],[9.068967,10.176252],[9.068687,10.175251],[9.068161,10.175471],[9.067088,10.175103],[9.066666,10.175254],[9.066665,10.178333],[9.063333,10.178333],[9.063332,10.1775],[9.062499,10.177499],[9.062498,10.175834],[9.061666,10.175833],[9.061665,10.174167],[9.054999,10.174166],[9.054998,10.17],[9.050833,10.169999]]]},"properties":{"Name":"Jalla Koji Health Post","Site Location":[9.09097,10.16781],"Admin 0":["Nigeria"],"Admin 1":["Bauchi"],"Admin 2":["Toro"],"Admin 3":["Wonu South"],"Total population - WorldPop (2026)":1127,"Total population - WorldPop UN (2026)":758,"Total population - Kontur (2023-10-31)":1364,"Total population - Meta (2023-04-21)":893,"Total women - Meta (2023-04-21)":446,"Total men - Meta (2023-04-21)":446,"Children under 5 - Meta (2023-04-21)":128,"People 15 to 24 - Meta (2023-04-21)":128,"Women 15 to 49 - Meta (2023-04-21)":255,"People 60 and older - Meta (2023-04-21)":0,"OpenStreetMap Buildings (2026-02-20)":296,"Google Buildings 60+% Confidence (2023-05)":496,"Google Buildings 70+% Confidence (2023-05)":404,"Google Buildings 80+% Confidence (2023-05)":219,"Average Building Footprint (m²) (2023-05)":"26.88","Overture Buildings (2026-02-20)":487,"country":"Nigeria","organization_id":"org-03dedf1a-428b-43db-bd56-29c4bb80043e","ownership_text":"Unknown","location_id":"03dedf1a-428b-43db-bd56-29c4bb80043e","nhfr_code":"","grid3_globalid":"03dedf1a-428b-43db-bd56-29c4bb80043e","state":"Bauchi","nhfr_uid":"","facility_level_code":"primary","lga":"Toro","lga_location_id":"nga-ba-5018","ownership_code":"unknown","facility_level_text":"Health Post","status":"active"},"id":50},{"type":"Feature","geometry":{"type":"Polygon","coordinates":[[[9.282499,10.135432],[9.284775,10.135712],[9.286017,10.13596],[9.28578,10.136407],[9.285351,10.13673],[9.284961,10.136537],[9.283297,10.135834],[9.282499,10.135833],[9.282499,10.135432]]]},"properties":{"Name":"Jama'A Primary Health Clinic","Site Location":[9.285522461,10.13647461],"Admin 0":["Nigeria"],"Admin 1":["Bauchi"],"Admin 2":["Toro"],"Admin 3":["Mara"],"Total population - WorldPop (2026)":62,"Total population - WorldPop UN (2026)":36,"Total population - Kontur (2023-10-31)":86,"Total population - Meta (2023-04-21)":85,"Total women - Meta (2023-04-21)":43,"Total men - Meta (2023-04-21)":43,"Children under 5 - Meta (2023-04-21)":12,"People 15 to 24 - Meta (2023-04-21)":12,"Women 15 to 49 - Meta (2023-04-21)":24,"People 60 and older - Meta (2023-04-21)":0,"OpenStreetMap Buildings (2026-02-20)":20,"Google Buildings 60+% Confidence (2023-05)":21,"Google Buildings 70+% Confidence (2023-05)":19,"Google Buildings 80+% Confidence (2023-05)":9,"Average Building Footprint (m²) (2023-05)":"63.37","Overture Buildings (2026-02-20)":21,"status":"active","nhfr_code":"05/18/1/1/1/0028","lga_location_id":"nga-ba-5018","organization_id":"org-944345de-0bdd-4c75-9147-ab5d4cc7e813","country":"Nigeria","facility_level_code":"primary","facility_level_text":"Primary Health Clinic","state":"Bauchi","location_id":"944345de-0bdd-4c75-9147-ab5d4cc7e813","nhfr_uid":"56679749","lga":"Toro","ownership_code":"public","ownership_text":"Local Government","grid3_globalid":"944345de-0bdd-4c75-9147-ab5d4cc7e813"},"id":51},{"type":"Feature","geometry":{"type":"Polygon","coordinates":[[[9.278333,10.128334],[9.279998,10.128333],[9.279999,10.1225],[9.280832,10.1225],[9.280833,10.123333],[9.283332,10.123334],[9.283332,10.124166],[9.282499,10.124167],[9.282498,10.124999],[9.281666,10.125],[9.281666,10.126666],[9.284998,10.126666],[9.284999,10.125834],[9.285832,10.125834],[9.285833,10.126666],[9.286665,10.126667],[9.286666,10.127499],[9.287498,10.1275],[9.287499,10.128333],[9.288332,10.128333],[9.288333,10.1275],[9.288719,10.127499],[9.288827,10.12716],[9.288301,10.124736],[9.288166,10.124464],[9.288046,10.124167],[9.288017,10.124166],[9.287555,10.123242],[9.287309,10.122988],[9.286435,10.121647],[9.285808,10.121208],[9.285834,10.120486],[9.286053,10.12009],[9.286343,10.119735],[9.286027,10.118626],[9.286,10.11776],[9.285963,10.116309],[9.286024,10.115834],[9.288332,10.115834],[9.288333,10.119999],[9.291665,10.12],[9.291666,10.121666],[9.292498,10.121667],[9.292499,10.128333],[9.29663,10.128334],[9.295554,10.129546],[9.293951,10.13038],[9.29335,10.131367],[9.292897,10.132739],[9.292148,10.133581],[9.291829,10.134391],[9.29139,10.134969],[9.290827,10.136554],[9.290333,10.137238],[9.291812,10.138333],[9.292498,10.138333],[9.292499,10.1375],[9.293332,10.1375],[9.293333,10.138333],[9.295832,10.138334],[9.295833,10.136667],[9.297498,10.136667],[9.297499,10.138333],[9.300832,10.138334],[9.300832,10.139166],[9.299999,10.139167],[9.299999,10.140833],[9.300832,10.140834],[9.300833,10.141666],[9.301665,10.141667],[9.301666,10.143215],[9.302498,10.143536],[9.302499,10.144166],[9.303332,10.144167],[9.303333,10.144999],[9.304998,10.145],[9.304998,10.153333],[9.301141,10.153333],[9.300914,10.152905],[9.30026,10.151771],[9.295016,10.146527],[9.294767,10.145815],[9.294197,10.145067],[9.293551,10.144618],[9.292904,10.144242],[9.292125,10.143588],[9.291593,10.143194],[9.293379,10.140177],[9.292498,10.139508],[9.291306,10.138763],[9.290024,10.13795],[9.288159,10.13691],[9.286286,10.136012],[9.284776,10.135713],[9.284166,10.135637],[9.284165,10.1325],[9.283333,10.1325],[9.283332,10.133333],[9.281666,10.133333],[9.281665,10.1325],[9.280833,10.132499],[9.280832,10.131667],[9.279999,10.131666],[9.279998,10.130834],[9.279166,10.130833],[9.279165,10.13],[9.278333,10.129999],[9.278333,10.128334]]]},"properties":{"Name":"Jambr Health Post","Site Location":[9.28505,10.13284],"Admin 0":["Nigeria"],"Admin 1":["Bauchi"],"Admin 2":["Toro"],"Admin 3":["Tulai"],"Total population - WorldPop (2026)":1027,"Total population - WorldPop UN (2026)":721,"Total population - Kontur (2023-10-31)":1403,"Total population - Meta (2023-04-21)":720,"Total women - Meta (2023-04-21)":360,"Total men - Meta (2023-04-21)":360,"Children under 5 - Meta (2023-04-21)":103,"People 15 to 24 - Meta (2023-04-21)":103,"Women 15 to 49 - Meta (2023-04-21)":206,"People 60 and older - Meta (2023-04-21)":0,"OpenStreetMap Buildings (2026-02-20)":306,"Google Buildings 60+% Confidence (2023-05)":413,"Google Buildings 70+% Confidence (2023-05)":320,"Google Buildings 80+% Confidence (2023-05)":117,"Average Building Footprint (m²) (2023-05)":"42.08","Overture Buildings (2026-02-20)":412,"organization_id":"org-97b6eb14-194f-46f7-8a0b-5ac64b8ed341","facility_level_text":"Health Post","ownership_code":"unknown","lga":"Toro","nhfr_uid":"","nhfr_code":"","country":"Nigeria","ownership_text":"Unknown","state":"Bauchi","location_id":"97b6eb14-194f-46f7-8a0b-5ac64b8ed341","lga_location_id":"nga-ba-5018","grid3_globalid":"97b6eb14-194f-46f7-8a0b-5ac64b8ed341","status":"active","facility_level_code":"primary"},"id":52},{"type":"Feature","geometry":{"type":"Polygon","coordinates":[[[9.250833,10.411666],[9.250833,10.4075],[9.254998,10.407499],[9.254998,10.403334],[9.253333,10.403333],[9.253333,10.400834],[9.254998,10.400833],[9.254999,10.399167],[9.263332,10.399166],[9.263333,10.395],[9.267498,10.394999],[9.267499,10.390834],[9.271665,10.390833],[9.271666,10.386667],[9.277498,10.386666],[9.277499,10.385834],[9.278332,10.385834],[9.278333,10.386666],[9.279998,10.386666],[9.279999,10.374167],[9.284165,10.374166],[9.284166,10.37],[9.289842,10.37],[9.295212,10.389215],[9.309166,10.385774],[9.33285,10.379931],[9.336392,10.38011],[9.337646,10.380454],[9.344733,10.390599],[9.352089,10.415776],[9.353205,10.423689],[9.351319,10.438289],[9.338332,10.468628],[9.332187,10.482982],[9.330525,10.499518],[9.323705,10.535992],[9.325693,10.595111],[9.322973,10.602135],[9.330636,10.629531],[9.336532,10.662074],[9.331313,10.665833],[9.329999,10.665833],[9.329998,10.6575],[9.321666,10.657499],[9.321665,10.653334],[9.318333,10.653333],[9.318332,10.6525],[9.317499,10.652499],[9.317498,10.649167],[9.309166,10.649166],[9.309165,10.645],[9.304999,10.644999],[9.304998,10.640834],[9.300833,10.640833],[9.300832,10.628334],[9.296666,10.628333],[9.296666,10.6075],[9.300832,10.6075],[9.300833,10.607125],[9.296666,10.606254],[9.296666,10.603334],[9.300832,10.603333],[9.300832,10.595],[9.296666,10.594999],[9.296665,10.57],[9.292499,10.569999],[9.292498,10.565834],[9.288333,10.565833],[9.288333,10.561667],[9.292498,10.561666],[9.292499,10.553334],[9.288333,10.553333],[9.288332,10.5325],[9.284166,10.532499],[9.284165,10.511667],[9.279999,10.511666],[9.279998,10.5075],[9.275833,10.507499],[9.275833,10.495],[9.279998,10.494999],[9.279998,10.490834],[9.275833,10.490833],[9.275832,10.478334],[9.271666,10.478333],[9.271665,10.465834],[9.269999,10.465833],[9.269998,10.4625],[9.267499,10.462499],[9.267498,10.460834],[9.265833,10.460834],[9.265832,10.461666],[9.264999,10.461666],[9.264999,10.46],[9.266665,10.459999],[9.266665,10.4575],[9.263333,10.457499],[9.263332,10.456667],[9.263119,10.456666],[9.263056,10.456171],[9.2628,10.455733],[9.262906,10.453829],[9.262852,10.452938],[9.262499,10.452425],[9.262499,10.451667],[9.263332,10.451666],[9.263332,10.449167],[9.259166,10.449166],[9.259166,10.4425],[9.259998,10.442499],[9.259999,10.44],[9.259166,10.439999],[9.259166,10.438334],[9.260832,10.438333],[9.260832,10.435834],[9.257499,10.435834],[9.257498,10.436666],[9.254999,10.436666],[9.254998,10.431667],[9.254166,10.431666],[9.254165,10.429167],[9.253333,10.429166],[9.253332,10.428334],[9.252499,10.428333],[9.252499,10.4275],[9.254998,10.4275],[9.254999,10.428333],[9.255832,10.428333],[9.255833,10.425834],[9.256665,10.425833],[9.256665,10.4225],[9.254999,10.4225],[9.254998,10.423333],[9.252499,10.423333],[9.252498,10.421667],[9.251666,10.421666],[9.251665,10.420834],[9.250833,10.420833],[9.250833,10.415834],[9.254998,10.415833],[9.254998,10.411667],[9.250833,10.411666]]]},"properties":{"Name":"Jange Primary Health Clinic","Site Location":[9.27488,10.43768],"Admin 0":["Nigeria"],"Admin 1":["Bauchi"],"Admin 2":["Toro"],"Admin 3":["Lame"],"Total population - WorldPop (2026)":2378,"Total population - WorldPop UN (2026)":1990,"Total population - Kontur (2023-10-31)":737,"Total population - Meta (2023-04-21)":707,"Total women - Meta (2023-04-21)":353,"Total men - Meta (2023-04-21)":353,"Children under 5 - Meta (2023-04-21)":101,"People 15 to 24 - Meta (2023-04-21)":101,"Women 15 to 49 - Meta (2023-04-21)":202,"People 60 and older - Meta (2023-04-21)":0,"OpenStreetMap Buildings (2026-02-20)":94,"Google Buildings 60+% Confidence (2023-05)":1667,"Google Buildings 70+% Confidence (2023-05)":1253,"Google Buildings 80+% Confidence (2023-05)":260,"Average Building Footprint (m²) (2023-05)":"20.35","Overture Buildings (2026-02-20)":1407,"status":"active","country":"Nigeria","nhfr_uid":"19251114","lga":"Toro","lga_location_id":"nga-ba-5018","organization_id":"org-fa7f4c00-1201-4e84-be49-bda621b52c90","facility_level_code":"primary","state":"Bauchi","location_id":"fa7f4c00-1201-4e84-be49-bda621b52c90","grid3_globalid":"fa7f4c00-1201-4e84-be49-bda621b52c90","ownership_text":"Local Government","facility_level_text":"Primary Health Clinic","ownership_code":"public","nhfr_code":"05/18/1/1/1/0030"},"id":53},{"type":"Feature","geometry":{"type":"Polygon","coordinates":[[[8.975833,10.158983],[8.975833,10.1575],[8.984165,10.157499],[8.984166,10.153334],[8.988332,10.153333],[8.988333,10.1525],[8.989165,10.152499],[8.989166,10.149167],[8.992498,10.149166],[8.992499,10.145],[8.996665,10.144999],[8.996666,10.141667],[8.999998,10.141666],[8.999999,10.140834],[9.000832,10.140833],[9.000833,10.136667],[9.009165,10.136666],[9.009166,10.1325],[9.011665,10.132499],[9.011666,10.131304],[9.012093,10.13128],[9.012221,10.131316],[9.014131,10.132145],[9.014217,10.132172],[9.014368,10.128846],[9.014424,10.126998],[9.01449,10.127012],[9.014502,10.127013],[9.015832,10.127346],[9.015833,10.127499],[9.016665,10.1275],[9.016666,10.128333],[9.017498,10.128333],[9.017499,10.125],[9.018332,10.124999],[9.018333,10.124167],[9.021665,10.124166],[9.021666,10.1225],[9.022498,10.122499],[9.022499,10.121667],[9.024998,10.121666],[9.024999,10.12],[9.025832,10.119999],[9.025833,10.1175],[9.026665,10.1175],[9.026666,10.118333],[9.028332,10.118333],[9.028333,10.116667],[9.029998,10.116667],[9.029999,10.124166],[9.034165,10.124167],[9.034166,10.129166],[9.034999,10.129167],[9.034998,10.130833],[9.034166,10.130834],[9.034166,10.134166],[9.038332,10.134167],[9.038333,10.134999],[9.039165,10.135],[9.039166,10.135833],[9.039998,10.135834],[9.039999,10.136666],[9.042498,10.136667],[9.042499,10.140833],[9.046665,10.140834],[9.046665,10.144166],[9.044999,10.144167],[9.044998,10.144999],[9.042499,10.145],[9.042499,10.145833],[9.043332,10.145834],[9.043333,10.147499],[9.044165,10.1475],[9.044165,10.148592],[9.041065,10.148625],[9.039999,10.148842],[9.039999,10.149166],[9.041665,10.149167],[9.041665,10.154166],[9.039166,10.154167],[9.039165,10.155833],[9.037499,10.155833],[9.037498,10.155],[9.034167,10.155],[9.034165,10.155833],[9.033396,10.155834],[9.034746,10.157029],[9.03477,10.157856],[9.0351,10.157947],[9.035223,10.158646],[9.034946,10.159056],[9.036588,10.158811],[9.036799,10.159714],[9.038396,10.160325],[9.038524,10.160265],[9.039162,10.160438],[9.040363,10.160422],[9.041162,10.159705],[9.04097,10.158955],[9.041276,10.158522],[9.041957,10.15895],[9.043035,10.160364],[9.043333,10.161065],[9.043332,10.161666],[9.042499,10.161667],[9.042499,10.162499],[9.043332,10.1625],[9.043333,10.164999],[9.042499,10.165],[9.042498,10.166041],[9.031231,10.164955],[9.022303,10.16415],[9.013772,10.162903],[9.006475,10.16242],[8.9978,10.164869],[8.987371,10.166197],[8.976821,10.167927],[8.977134,10.16115],[8.975833,10.158983]]]},"properties":{"Name":"Kadage Health Post","Site Location":[9.02652527347,10.1299059113],"Admin 0":["Nigeria"],"Admin 1":["Bauchi"],"Admin 2":["Toro"],"Admin 3":["Ribina West"],"Total population - WorldPop (2026)":3329,"Total population - WorldPop UN (2026)":3245,"Total population - Kontur (2023-10-31)":4922,"Total population - Meta (2023-04-21)":4791,"Total women - Meta (2023-04-21)":2395,"Total men - Meta (2023-04-21)":2395,"Children under 5 - Meta (2023-04-21)":684,"People 15 to 24 - Meta (2023-04-21)":684,"Women 15 to 49 - Meta (2023-04-21)":1369,"People 60 and older - Meta (2023-04-21)":0,"OpenStreetMap Buildings (2026-02-20)":1716,"Google Buildings 60+% Confidence (2023-05)":2073,"Google Buildings 70+% Confidence (2023-05)":1749,"Google Buildings 80+% Confidence (2023-05)":899,"Average Building Footprint (m²) (2023-05)":"32.93","Overture Buildings (2026-02-20)":1921,"lga_location_id":"nga-ba-5018","organization_id":"org-9d41f6dd-a248-48a0-973e-70ebea441942","ownership_code":"public","facility_level_code":"primary","facility_level_text":"Health Post","nhfr_uid":"85268273","ownership_text":"Local Government","location_id":"9d41f6dd-a248-48a0-973e-70ebea441942","nhfr_code":"05/18/1/1/1/0031","grid3_globalid":"9d41f6dd-a248-48a0-973e-70ebea441942","status":"active","country":"Nigeria","state":"Bauchi","lga":"Toro"},"id":54},{"type":"Feature","geometry":{"type":"Polygon","coordinates":[[[9.420833,10.384167],[9.421665,10.384166],[9.421666,10.383334],[9.422498,10.383333],[9.422499,10.382245],[9.422375,10.381806],[9.421924,10.381421],[9.421425,10.381098],[9.421784,10.380682],[9.421778,10.380477],[9.421667,10.38025],[9.42186,10.380138],[9.423754,10.378935],[9.425963,10.376402],[9.427191,10.372551],[9.427037,10.371427],[9.427851,10.371586],[9.428091,10.372032],[9.428093,10.372032],[9.42871,10.370472],[9.4291,10.37],[9.434165,10.37],[9.434166,10.374166],[9.438332,10.374167],[9.438332,10.376666],[9.435834,10.376667],[9.435833,10.376747],[9.437748,10.378012],[9.438355,10.378224],[9.439058,10.378808],[9.439996,10.379152],[9.440716,10.379726],[9.44122,10.379885],[9.441763,10.378334],[9.442498,10.378334],[9.442499,10.379999],[9.443332,10.38],[9.443333,10.378334],[9.445832,10.378334],[9.445833,10.379999],[9.446665,10.38],[9.446666,10.380833],[9.448332,10.380833],[9.448332,10.38],[9.447499,10.379999],[9.447499,10.378334],[9.449165,10.378333],[9.449165,10.3775],[9.448333,10.377499],[9.448333,10.376732],[9.449884,10.376599],[9.450811,10.37682],[9.451053,10.377115],[9.451665,10.377401],[9.451665,10.379166],[9.450833,10.379167],[9.450833,10.379999],[9.451665,10.38],[9.451666,10.381666],[9.452498,10.381667],[9.452499,10.383333],[9.450833,10.383334],[9.450833,10.386666],[9.454998,10.386667],[9.454999,10.389166],[9.455832,10.389167],[9.455833,10.390833],[9.458332,10.390834],[9.458333,10.391667],[9.461665,10.391666],[9.461666,10.390834],[9.463332,10.390834],[9.463333,10.391666],[9.466665,10.391667],[9.466665,10.394166],[9.465833,10.394167],[9.465834,10.395],[9.467498,10.394999],[9.467499,10.3925],[9.468332,10.392499],[9.468333,10.390369],[9.469003,10.390449],[9.470832,10.390131],[9.470833,10.390833],[9.473332,10.390834],[9.473333,10.393333],[9.474166,10.393334],[9.474165,10.394166],[9.473333,10.394167],[9.473333,10.394999],[9.479998,10.395],[9.479999,10.399166],[9.484165,10.399167],[9.484166,10.403333],[9.489165,10.403334],[9.489167,10.405834],[9.490832,10.405833],[9.490833,10.405],[9.491665,10.404999],[9.491666,10.403334],[9.496665,10.403334],[9.496666,10.407499],[9.500832,10.4075],[9.500833,10.411666],[9.504998,10.411667],[9.504999,10.415833],[9.508332,10.415834],[9.508334,10.416667],[9.512498,10.416666],[9.512499,10.415834],[9.513332,10.415834],[9.513333,10.419999],[9.514999,10.42],[9.514998,10.423333],[9.513333,10.423334],[9.513333,10.424166],[9.517498,10.424167],[9.517499,10.425833],[9.519998,10.425834],[9.519999,10.428333],[9.521665,10.428334],[9.521666,10.432499],[9.525832,10.4325],[9.525833,10.436666],[9.531097,10.436667],[9.53119,10.437457],[9.531988,10.442841],[9.533072,10.445871],[9.533813,10.448227],[9.535227,10.449395],[9.537333,10.450359],[9.532209,10.466982],[9.526666,10.472554],[9.526665,10.470834],[9.524999,10.470833],[9.524998,10.47],[9.524166,10.47],[9.524165,10.470833],[9.523333,10.470835],[9.523333,10.473333],[9.524165,10.473334],[9.524165,10.474166],[9.514166,10.474167],[9.514166,10.474999],[9.514998,10.475],[9.514999,10.475833],[9.514166,10.475834],[9.514165,10.476666],[9.510833,10.476667],[9.510832,10.4775],[9.508333,10.477499],[9.508332,10.474167],[9.504999,10.474166],[9.504999,10.473334],[9.506665,10.473333],[9.506665,10.470834],[9.503333,10.470834],[9.503332,10.472499],[9.499999,10.4725],[9.499998,10.474166],[9.492499,10.474167],[9.492499,10.474999],[9.495832,10.475],[9.495832,10.4775],[9.492499,10.477499],[9.492498,10.475834],[9.489999,10.475833],[9.489998,10.474167],[9.487499,10.474166],[9.487498,10.4725],[9.486666,10.4725],[9.486665,10.473333],[9.484999,10.473334],[9.484998,10.474166],[9.484166,10.474166],[9.484165,10.47],[9.478333,10.469999],[9.478332,10.469167],[9.477761,10.469167],[9.477761,10.469168],[9.477831,10.469228],[9.476529,10.470809],[9.476056,10.469723],[9.475263,10.468916],[9.474807,10.468047],[9.474166,10.469102],[9.474165,10.469999],[9.470833,10.47],[9.470832,10.473071],[9.470015,10.472427],[9.470006,10.472428],[9.469465,10.471941],[9.465547,10.469962],[9.464518,10.469813],[9.464098,10.469919],[9.463707,10.470281],[9.46322,10.470287],[9.462163,10.469528],[9.461878,10.469444],[9.461207,10.470624],[9.460145,10.47157],[9.459721,10.471781],[9.45775,10.472043],[9.457901,10.471152],[9.458212,10.470004],[9.458269,10.469527],[9.458422,10.464821],[9.458234,10.464765],[9.457729,10.464574],[9.45707,10.464167],[9.454999,10.464166],[9.454998,10.463334],[9.453333,10.463334],[9.453332,10.464166],[9.452499,10.464167],[9.452498,10.465833],[9.450833,10.465833],[9.450833,10.4625],[9.453332,10.462499],[9.453333,10.461667],[9.454165,10.461666],[9.454165,10.459167],[9.451666,10.459167],[9.451665,10.459999],[9.450833,10.459999],[9.450832,10.4575],[9.446666,10.457499],[9.446665,10.445],[9.444999,10.444999],[9.444998,10.4425],[9.443333,10.442499],[9.443332,10.441667],[9.442499,10.441666],[9.442498,10.428334],[9.438333,10.428333],[9.438333,10.424167],[9.439998,10.424166],[9.439998,10.421667],[9.438333,10.421666],[9.438332,10.42],[9.437499,10.419999],[9.437498,10.418334],[9.434166,10.418333],[9.434166,10.415],[9.434998,10.414999],[9.434999,10.414168],[9.434166,10.414166],[9.434165,10.4075],[9.433333,10.407499],[9.433332,10.406667],[9.432499,10.406666],[9.432499,10.405],[9.434165,10.404999],[9.434165,10.403334],[9.429999,10.403333],[9.429999,10.398334],[9.431665,10.398333],[9.431665,10.39783],[9.429434,10.397709],[9.429016,10.397388],[9.429766,10.396924],[9.429998,10.396843],[9.429998,10.395],[9.425833,10.394999],[9.425833,10.392985],[9.426446,10.392871],[9.426291,10.391547],[9.426448,10.390834],[9.421666,10.390833],[9.421665,10.385834],[9.420833,10.385833],[9.420833,10.384167]]]},"properties":{"Name":"Kafin Dilimi Health Post","Site Location":[9.46667,10.419651],"Admin 0":["Nigeria"],"Admin 1":["Bauchi"],"Admin 2":["Toro"],"Admin 3":["Zaranda"],"Total population - WorldPop (2026)":4809,"Total population - WorldPop UN (2026)":3473,"Total population - Kontur (2023-10-31)":2816,"Total population - Meta (2023-04-21)":2419,"Total women - Meta (2023-04-21)":1209,"Total men - Meta (2023-04-21)":1209,"Children under 5 - Meta (2023-04-21)":346,"People 15 to 24 - Meta (2023-04-21)":346,"Women 15 to 49 - Meta (2023-04-21)":691,"People 60 and older - Meta (2023-04-21)":0,"OpenStreetMap Buildings (2026-02-20)":2126,"Google Buildings 60+% Confidence (2023-05)":2926,"Google Buildings 70+% Confidence (2023-05)":2297,"Google Buildings 80+% Confidence (2023-05)":520,"Average Building Footprint (m²) (2023-05)":"21.95","Overture Buildings (2026-02-20)":3143,"facility_level_code":"primary","nhfr_code":"","lga_location_id":"nga-ba-5018","location_id":"47206905-b0f1-4d43-857e-8d9e19ed47a1","ownership_code":"public","status":"active","state":"Bauchi","lga":"Toro","organization_id":"org-47206905-b0f1-4d43-857e-8d9e19ed47a1","ownership_text":"Unknown","nhfr_uid":"","grid3_globalid":"47206905-b0f1-4d43-857e-8d9e19ed47a1","facility_level_text":"Health Post","country":"Nigeria"},"id":55},{"type":"Feature","geometry":{"type":"Polygon","coordinates":[[[9.230614,10.274166],[9.233624,10.261667],[9.238332,10.261666],[9.238333,10.258334],[9.239998,10.258333],[9.239999,10.2575],[9.246665,10.257499],[9.246666,10.249167],[9.250832,10.249166],[9.250833,10.245],[9.254998,10.244999],[9.254999,10.244167],[9.257498,10.244167],[9.257499,10.244999],[9.261665,10.245],[9.261666,10.244167],[9.263332,10.244166],[9.263333,10.240834],[9.264166,10.240833],[9.264165,10.238334],[9.263333,10.238333],[9.263333,10.236667],[9.268332,10.236667],[9.268333,10.238333],[9.270832,10.238334],[9.270833,10.236667],[9.276951,10.236666],[9.276714,10.235057],[9.276184,10.234065],[9.277562,10.234459],[9.278332,10.23428],[9.278332,10.233334],[9.277499,10.233333],[9.277499,10.2325],[9.279998,10.232499],[9.279999,10.228334],[9.284165,10.228333],[9.284166,10.225834],[9.284224,10.225834],[9.285163,10.22641],[9.286431,10.229555],[9.287342,10.229535],[9.288332,10.229744],[9.288333,10.228334],[9.290832,10.228333],[9.290833,10.225],[9.291665,10.224999],[9.291666,10.224167],[9.292309,10.224167],[9.292642,10.224594],[9.294998,10.226113],[9.294999,10.226666],[9.295832,10.226667],[9.295832,10.228566],[9.294897,10.228452],[9.294728,10.228617],[9.294288,10.230163],[9.293075,10.232011],[9.29297,10.232518],[9.292897,10.232717],[9.292017,10.23366],[9.290906,10.233778],[9.29027,10.234187],[9.289999,10.234395],[9.289999,10.234999],[9.290832,10.235],[9.290833,10.235833],[9.293332,10.235833],[9.293333,10.235],[9.294998,10.234999],[9.294999,10.234167],[9.295832,10.234166],[9.295833,10.233334],[9.296665,10.233334],[9.296666,10.236666],[9.297498,10.236667],[9.297499,10.237499],[9.298332,10.237499],[9.298333,10.236667],[9.300832,10.236667],[9.300833,10.240833],[9.303332,10.240834],[9.303333,10.241666],[9.304285,10.241667],[9.304599,10.242062],[9.304963,10.242579],[9.304999,10.24352],[9.304999,10.249166],[9.309998,10.249167],[9.309999,10.249999],[9.310832,10.25],[9.310832,10.254999],[9.309999,10.255],[9.309998,10.256666],[9.309166,10.256667],[9.309165,10.259166],[9.308336,10.259167],[9.309174,10.26032],[9.310001,10.260089],[9.31072,10.260172],[9.311838,10.260001],[9.311837,10.26],[9.309999,10.259999],[9.309999,10.259167],[9.312498,10.259166],[9.312499,10.258334],[9.313332,10.258334],[9.313333,10.259999],[9.314998,10.26],[9.314999,10.260833],[9.315832,10.260834],[9.315833,10.261666],[9.321665,10.261667],[9.321666,10.265833],[9.325833,10.265834],[9.325832,10.269999],[9.321666,10.27],[9.321665,10.274166],[9.312499,10.274166],[9.312498,10.2725],[9.309166,10.272499],[9.309165,10.27],[9.3075,10.27],[9.307498,10.273333],[9.305833,10.273333],[9.305832,10.2725],[9.304999,10.2725],[9.304998,10.278333],[9.284166,10.278333],[9.284165,10.274167],[9.280833,10.274167],[9.280832,10.278276],[9.28073,10.278263],[9.280694,10.278273],[9.280646,10.278268],[9.280216,10.278361],[9.27879,10.278259],[9.278444,10.278318],[9.277881,10.278384],[9.277826,10.278385],[9.277248,10.278263],[9.277219,10.278254],[9.277014,10.278146],[9.276608,10.277994],[9.276572,10.277975],[9.276561,10.27798],[9.27624,10.277805],[9.275677,10.277516],[9.275655,10.2775],[9.274999,10.2775],[9.274998,10.278333],[9.273333,10.278334],[9.273332,10.279166],[9.272499,10.279167],[9.272498,10.279999],[9.271666,10.28],[9.271665,10.2825],[9.263333,10.282499],[9.263332,10.278334],[9.259166,10.278333],[9.259165,10.274167],[9.242499,10.274167],[9.242498,10.278333],[9.238333,10.278334],[9.238332,10.279166],[9.237499,10.279167],[9.237499,10.278334],[9.238332,10.278333],[9.238332,10.274167],[9.230614,10.274166]]]},"properties":{"Name":"Kafin Durumi Health Post","Site Location":[9.27999,10.25178],"Admin 0":["Nigeria"],"Admin 1":["Bauchi"],"Admin 2":["Toro"],"Admin 3":["Mara"],"Total population - WorldPop (2026)":1424,"Total population - WorldPop UN (2026)":1362,"Total population - Kontur (2023-10-31)":1322,"Total population - Meta (2023-04-21)":1023,"Total women - Meta (2023-04-21)":511,"Total men - Meta (2023-04-21)":511,"Children under 5 - Meta (2023-04-21)":146,"People 15 to 24 - Meta (2023-04-21)":146,"Women 15 to 49 - Meta (2023-04-21)":292,"People 60 and older - Meta (2023-04-21)":0,"OpenStreetMap Buildings (2026-02-20)":562,"Google Buildings 60+% Confidence (2023-05)":732,"Google Buildings 70+% Confidence (2023-05)":524,"Google Buildings 80+% Confidence (2023-05)":139,"Average Building Footprint (m²) (2023-05)":"24.99","Overture Buildings (2026-02-20)":858,"ownership_text":"Local Government","nhfr_uid":"65631702","facility_level_text":"Health Post","country":"Nigeria","location_id":"0fa69ea6-43e1-4eb3-91f9-f87286085e38","state":"Bauchi","lga":"Toro","nhfr_code":"05/18/1/1/1/0032","status":"active","lga_location_id":"nga-ba-5018","organization_id":"org-0fa69ea6-43e1-4eb3-91f9-f87286085e38","grid3_globalid":"0fa69ea6-43e1-4eb3-91f9-f87286085e38","ownership_code":"public","facility_level_code":"primary"},"id":56},{"type":"Feature","geometry":{"type":"Polygon","coordinates":[[[9.21429,10.017503],[9.219729,9.97],[9.224165,9.969999],[9.224166,9.969167],[9.224998,9.969166],[9.224999,9.968334],[9.225832,9.968334],[9.225833,9.969166],[9.226665,9.969167],[9.226666,9.969999],[9.229998,9.969999],[9.229999,9.965834],[9.232498,9.965834],[9.232499,9.967499],[9.234165,9.9675],[9.234167,9.97],[9.246665,9.969999],[9.246666,9.96662],[9.246718,9.966628],[9.246937,9.966923],[9.246748,9.967415],[9.246718,9.967858],[9.247198,9.968006],[9.247707,9.968221],[9.248396,9.968143],[9.249077,9.967691],[9.249525,9.967711],[9.250715,9.968477],[9.250832,9.968512],[9.250833,9.969999],[9.263332,9.969999],[9.263333,9.966667],[9.267498,9.966667],[9.267498,9.976143],[9.267059,9.976213],[9.266713,9.976228],[9.266666,9.976193],[9.266665,9.975834],[9.264999,9.975834],[9.264998,9.976666],[9.264166,9.976667],[9.264165,9.978333],[9.259166,9.978334],[9.259166,9.983333],[9.259403,9.983333],[9.260374,9.982795],[9.261937,9.982382],[9.263334,9.982337],[9.263335,9.985833],[9.263333,9.985835],[9.263332,9.986666],[9.255833,9.986667],[9.255832,9.989166],[9.254999,9.989167],[9.254998,9.989999],[9.252499,9.99],[9.252499,9.990833],[9.253332,9.990834],[9.253332,9.992499],[9.252499,9.9925],[9.252498,9.993334],[9.251666,9.993333],[9.251665,9.9925],[9.250833,9.9925],[9.250832,9.994999],[9.249999,9.995],[9.249998,9.996666],[9.247499,9.996666],[9.247498,9.995],[9.246666,9.995],[9.246666,10.000833],[9.248332,10.000834],[9.248332,10.002499],[9.246666,10.0025],[9.246665,10.003333],[9.244166,10.003334],[9.244166,10.004166],[9.245965,10.004167],[9.245279,10.005293],[9.245348,10.005842],[9.245145,10.006972],[9.245214,10.00701],[9.245081,10.008092],[9.245144,10.008304],[9.244437,10.00889],[9.24396,10.00899],[9.243793,10.00852],[9.243079,10.007998],[9.240505,10.00871],[9.239999,10.00889],[9.239999,10.009999],[9.242498,10.01],[9.242498,10.011666],[9.239166,10.011667],[9.239166,10.013333],[9.241665,10.013334],[9.241666,10.014999],[9.242498,10.014999],[9.242499,10.014167],[9.243488,10.014167],[9.243279,10.015108],[9.243567,10.015553],[9.243541,10.016254],[9.243782,10.01662],[9.243782,10.016944],[9.242633,10.01747],[9.240708,10.018016],[9.237399,10.018779],[9.237135,10.019936],[9.236727,10.019646],[9.236348,10.019525],[9.236321,10.019531],[9.236291,10.019524],[9.236255,10.01954],[9.23623,10.01954],[9.235923,10.019492],[9.2359,10.019488],[9.235276,10.019341],[9.234376,10.019306],[9.234376,10.021395],[9.23499,10.021515],[9.21429,10.017503]]]},"properties":{"Name":"Kayarda Primary Health Clinic","Site Location":[9.240112305,9.978881836],"Admin 0":["Nigeria"],"Admin 1":["Bauchi"],"Admin 2":["Toro"],"Admin 3":["Palama"],"Total population - WorldPop (2026)":2008,"Total population - WorldPop UN (2026)":1806,"Total population - Kontur (2023-10-31)":1691,"Total population - Meta (2023-04-21)":1605,"Total women - Meta (2023-04-21)":803,"Total men - Meta (2023-04-21)":803,"Children under 5 - Meta (2023-04-21)":229,"People 15 to 24 - Meta (2023-04-21)":229,"Women 15 to 49 - Meta (2023-04-21)":459,"People 60 and older - Meta (2023-04-21)":0,"OpenStreetMap Buildings (2026-02-20)":668,"Google Buildings 60+% Confidence (2023-05)":885,"Google Buildings 70+% Confidence (2023-05)":721,"Google Buildings 80+% Confidence (2023-05)":263,"Average Building Footprint (m²) (2023-05)":"24.46","Overture Buildings (2026-02-20)":1069,"facility_level_code":"primary","lga_location_id":"nga-ba-5018","grid3_globalid":"434195b0-d5a0-4426-8e22-36641d73a1f3","facility_level_text":"Primary Health Center","nhfr_code":"","status":"active","country":"Nigeria","state":"Bauchi","location_id":"434195b0-d5a0-4426-8e22-36641d73a1f3","nhfr_uid":"","lga":"Toro","organization_id":"org-434195b0-d5a0-4426-8e22-36641d73a1f3","ownership_text":"Unknown","ownership_code":"public"},"id":57},{"type":"Feature","geometry":{"type":"Polygon","coordinates":[[[9.050833,10.019999],[9.050833,10.016631],[9.055049,10.017889],[9.058896,10.01806],[9.064574,10.020239],[9.068332,10.022339],[9.0741,10.02259],[9.085548,10.02503],[9.088776,10.027598],[9.092104,10.029892],[9.096655,10.033404],[9.098592,10.035216],[9.100256,10.03669],[9.100832,10.037568],[9.100832,10.039166],[9.099166,10.039167],[9.099165,10.039999],[9.097499,10.04],[9.097498,10.040833],[9.096666,10.040834],[9.096665,10.049166],[9.095727,10.049166],[9.094709,10.048786],[9.092474,10.047757],[9.088601,10.049045],[9.087532,10.049957],[9.087245,10.054099],[9.086887,10.054403],[9.086865,10.054802],[9.08658,10.055551],[9.085692,10.058298],[9.08196,10.059388],[9.080938,10.059349],[9.08005,10.058825],[9.077788,10.056471],[9.077194,10.056082],[9.074403,10.055251],[9.074343,10.055272],[9.073302,10.054958],[9.073472,10.054288],[9.072347,10.054002],[9.072454,10.053711],[9.07254,10.053363],[9.072732,10.052482],[9.073917,10.052766],[9.074106,10.052132],[9.074309,10.051314],[9.073248,10.051177],[9.072925,10.051186],[9.072095,10.051118],[9.072378,10.050147],[9.072743,10.049475],[9.072772,10.049167],[9.071666,10.049166],[9.071666,10.045586],[9.07166,10.045577],[9.071684,10.045],[9.068333,10.045],[9.068332,10.045833],[9.067499,10.045833],[9.067498,10.045],[9.066666,10.044999],[9.066665,10.041667],[9.065833,10.041666],[9.065833,10.040834],[9.067498,10.040833],[9.067498,10.039167],[9.065833,10.039166],[9.065832,10.038334],[9.064999,10.038333],[9.064998,10.0375],[9.064166,10.037499],[9.064165,10.036667],[9.063333,10.036666],[9.063332,10.0325],[9.059166,10.032499],[9.059165,10.024167],[9.054999,10.024166],[9.054998,10.0225],[9.052499,10.022499],[9.052498,10.02],[9.050833,10.019999]]]},"properties":{"Name":"Kayauri Maternity","Site Location":[9.06798,10.03462],"Admin 0":["Nigeria"],"Admin 1":["Bauchi"],"Admin 2":["Toro"],"Admin 3":["Toro"],"Total population - WorldPop (2026)":2787,"Total population - WorldPop UN (2026)":3278,"Total population - Kontur (2023-10-31)":3727,"Total population - Meta (2023-04-21)":3250,"Total women - Meta (2023-04-21)":1625,"Total men - Meta (2023-04-21)":1625,"Children under 5 - Meta (2023-04-21)":464,"People 15 to 24 - Meta (2023-04-21)":464,"Women 15 to 49 - Meta (2023-04-21)":929,"People 60 and older - Meta (2023-04-21)":0,"OpenStreetMap Buildings (2026-02-20)":755,"Google Buildings 60+% Confidence (2023-05)":1103,"Google Buildings 70+% Confidence (2023-05)":972,"Google Buildings 80+% Confidence (2023-05)":515,"Average Building Footprint (m²) (2023-05)":"50.05","Overture Buildings (2026-02-20)":1093,"country":"Nigeria","organization_id":"org-4680a0b7-e984-42b8-ac26-077840c2d445","nhfr_code":"05/18/1/1/1/0102","status":"active","state":"Bauchi","grid3_globalid":"4680a0b7-e984-42b8-ac26-077840c2d445","ownership_text":"Local Government","facility_level_text":"Primary Health Clinic","lga":"Toro","lga_location_id":"nga-ba-5018","ownership_code":"public","location_id":"4680a0b7-e984-42b8-ac26-077840c2d445","nhfr_uid":"34182407","facility_level_code":"primary"},"id":58},{"type":"Feature","geometry":{"type":"Polygon","coordinates":[[[9.128538,10.065599],[9.12854,10.065587],[9.128861,10.064843],[9.12984,10.063712],[9.12926,10.063516],[9.129198,10.063334],[9.131665,10.063333],[9.131666,10.0625],[9.132498,10.0625],[9.132499,10.064166],[9.134165,10.064167],[9.134166,10.064999],[9.135832,10.064999],[9.135833,10.064167],[9.136665,10.064166],[9.136666,10.063334],[9.139165,10.063333],[9.139166,10.061667],[9.143332,10.061667],[9.143334,10.063334],[9.146665,10.063333],[9.146666,10.061667],[9.147498,10.061667],[9.147499,10.065833],[9.150734,10.065833],[9.1508,10.065558],[9.150635,10.065194],[9.150683,10.064244],[9.150833,10.064219],[9.150833,10.061667],[9.151665,10.061667],[9.151666,10.063333],[9.152498,10.063334],[9.152499,10.065833],[9.154998,10.065833],[9.154999,10.065],[9.155832,10.064999],[9.155833,10.064167],[9.157498,10.064167],[9.157499,10.064999],[9.159165,10.064999],[9.159166,10.063334],[9.159998,10.063333],[9.159998,10.0625],[9.157499,10.0625],[9.157498,10.063333],[9.156666,10.063333],[9.156666,10.06],[9.157498,10.059999],[9.157499,10.059167],[9.159998,10.059167],[9.159999,10.059999],[9.160832,10.06],[9.160833,10.061666],[9.163332,10.061667],[9.163333,10.064166],[9.164998,10.064166],[9.164999,10.0625],[9.167498,10.0625],[9.167499,10.065833],[9.167867,10.065834],[9.167283,10.072034],[9.160627,10.071275],[9.152614,10.072191],[9.149765,10.082467],[9.149131,10.082104],[9.148561,10.081972],[9.147876,10.081729],[9.147116,10.081411],[9.145636,10.080937],[9.145301,10.080834],[9.144986,10.080737],[9.143218,10.080213],[9.141665,10.079673],[9.138457,10.078588],[9.13745,10.078326],[9.136666,10.078029],[9.136665,10.0775],[9.135074,10.0775],[9.135033,10.077487],[9.135282,10.077109],[9.135399,10.075838],[9.13547,10.075467],[9.135474,10.07523],[9.135399,10.075028],[9.134939,10.07396],[9.134937,10.073959],[9.1347,10.074152],[9.134286,10.073814],[9.134275,10.073529],[9.134302,10.073254],[9.134311,10.072615],[9.134358,10.072172],[9.134375,10.072163],[9.134378,10.072138],[9.133829,10.071936],[9.133459,10.071876],[9.133188,10.07179],[9.133175,10.071635],[9.133173,10.071634],[9.13313,10.071802],[9.132862,10.073523],[9.132353,10.073292],[9.131917,10.073065],[9.130465,10.072895],[9.130582,10.072463],[9.130669,10.072224],[9.130748,10.071845],[9.130383,10.071775],[9.129868,10.071643],[9.129344,10.071505],[9.129418,10.070889],[9.129442,10.070775],[9.129407,10.07038],[9.129338,10.069933],[9.129343,10.069362],[9.12952,10.06866],[9.129065,10.068521],[9.129082,10.068448],[9.129183,10.067819],[9.129289,10.067133],[9.129675,10.06719],[9.129767,10.06669],[9.130105,10.066752],[9.130122,10.066713],[9.13034,10.065949],[9.130264,10.06577],[9.129864,10.065886],[9.129719,10.065954],[9.129576,10.06582],[9.128538,10.065599]],[[9.133183,10.071602],[9.133351,10.070999],[9.133366,10.070918],[9.133356,10.070914],[9.133354,10.070915],[9.133181,10.071601],[9.133183,10.071602]]]},"properties":{"Name":"Khadija Memorial Hospital","Site Location":[9.131282,10.068691],"Admin 0":["Nigeria"],"Admin 1":["Bauchi"],"Admin 2":["Toro"],"Admin 3":["Toro"],"Total population - WorldPop (2026)":7545,"Total population - WorldPop UN (2026)":5340,"Total population - Kontur (2023-10-31)":4783,"Total population - Meta (2023-04-21)":4370,"Total women - Meta (2023-04-21)":2185,"Total men - Meta (2023-04-21)":2185,"Children under 5 - Meta (2023-04-21)":624,"People 15 to 24 - Meta (2023-04-21)":624,"Women 15 to 49 - Meta (2023-04-21)":1248,"People 60 and older - Meta (2023-04-21)":0,"OpenStreetMap Buildings (2026-02-20)":2054,"Google Buildings 60+% Confidence (2023-05)":2922,"Google Buildings 70+% Confidence (2023-05)":2554,"Google Buildings 80+% Confidence (2023-05)":1505,"Average Building Footprint (m²) (2023-05)":"53.33","Overture Buildings (2026-02-20)":2886,"ownership_code":"private","grid3_globalid":"ba2230fb-dd27-487f-ae43-36560abd708e","facility_level_code":"primary","location_id":"ba2230fb-dd27-487f-ae43-36560abd708e","state":"Bauchi","nhfr_code":"05/18/1/1/2/0010","lga":"Toro","lga_location_id":"nga-ba-5018","ownership_text":"For Profit","facility_level_text":"Primary Health Center","country":"Nigeria","organization_id":"org-ba2230fb-dd27-487f-ae43-36560abd708e","status":"active","nhfr_uid":"20854849"},"id":59},{"type":"Feature","geometry":{"type":"Polygon","coordinates":[[[9.29062,10.087351],[9.291368,10.086667],[9.291541,10.086448],[9.291647,10.086667],[9.296665,10.086666],[9.296666,10.0825],[9.300832,10.082499],[9.300833,10.078334],[9.302881,10.078334],[9.303306,10.084185],[9.304796,10.084978],[9.31546,10.090327],[9.325832,10.092458],[9.325832,10.099166],[9.313333,10.099167],[9.313332,10.102545],[9.312159,10.102055],[9.312158,10.102056],[9.312455,10.103333],[9.310612,10.103334],[9.31202,10.104877],[9.31211,10.104999],[9.308333,10.104999],[9.308332,10.104167],[9.307499,10.104166],[9.307498,10.103334],[9.304999,10.103334],[9.304998,10.107499],[9.300833,10.107499],[9.300833,10.105834],[9.302498,10.105833],[9.302498,10.104167],[9.299999,10.104166],[9.299998,10.103334],[9.299166,10.103333],[9.299165,10.1025],[9.298333,10.102499],[9.298332,10.099167],[9.296666,10.099166],[9.296665,10.095834],[9.295833,10.095834],[9.295832,10.096666],[9.294166,10.096667],[9.294165,10.095834],[9.293333,10.095833],[9.293333,10.093334],[9.296665,10.093333],[9.296665,10.0925],[9.294999,10.092499],[9.294998,10.090834],[9.292499,10.090833],[9.292498,10.08869],[9.291891,10.088687],[9.291708,10.088417],[9.291081,10.088211],[9.291069,10.087579],[9.29062,10.087351]]]},"properties":{"Name":"Kocchiyel Health Post","Site Location":[9.30914,10.1009],"Admin 0":["Nigeria"],"Admin 1":["Bauchi"],"Admin 2":["Toro"],"Admin 3":["Tulai"],"Total population - WorldPop (2026)":979,"Total population - WorldPop UN (2026)":858,"Total population - Kontur (2023-10-31)":1171,"Total population - Meta (2023-04-21)":1043,"Total women - Meta (2023-04-21)":522,"Total men - Meta (2023-04-21)":522,"Children under 5 - Meta (2023-04-21)":149,"People 15 to 24 - Meta (2023-04-21)":149,"Women 15 to 49 - Meta (2023-04-21)":298,"People 60 and older - Meta (2023-04-21)":0,"OpenStreetMap Buildings (2026-02-20)":363,"Google Buildings 60+% Confidence (2023-05)":626,"Google Buildings 70+% Confidence (2023-05)":520,"Google Buildings 80+% Confidence (2023-05)":198,"Average Building Footprint (m²) (2023-05)":"44.67","Overture Buildings (2026-02-20)":524,"country":"Nigeria","state":"Bauchi","ownership_text":"Unknown","nhfr_uid":"","ownership_code":"public","nhfr_code":"","grid3_globalid":"d73045cd-ae86-4784-a9ad-2a4f908e93db","lga":"Toro","lga_location_id":"nga-ba-5018","organization_id":"org-d73045cd-ae86-4784-a9ad-2a4f908e93db","location_id":"d73045cd-ae86-4784-a9ad-2a4f908e93db","facility_level_code":"primary","status":"active","facility_level_text":"Health Post"},"id":60},{"type":"Feature","geometry":{"type":"Polygon","coordinates":[[[9.234376,10.021395],[9.234376,10.019306],[9.235276,10.019341],[9.2359,10.019488],[9.235923,10.019492],[9.23623,10.01954],[9.236255,10.01954],[9.236291,10.019524],[9.236321,10.019531],[9.236348,10.019525],[9.236727,10.019646],[9.237135,10.019936],[9.237399,10.01878],[9.240708,10.018016],[9.242633,10.01747],[9.243782,10.016944],[9.243782,10.016619],[9.243541,10.016254],[9.243567,10.015553],[9.243279,10.015108],[9.243488,10.014167],[9.242499,10.014167],[9.242498,10.014999],[9.241666,10.014999],[9.241665,10.013334],[9.239166,10.013333],[9.239166,10.011667],[9.242498,10.011666],[9.242498,10.01],[9.239999,10.009999],[9.239999,10.00889],[9.240505,10.00871],[9.243079,10.007998],[9.243793,10.008521],[9.24396,10.00899],[9.244437,10.00889],[9.245144,10.008304],[9.245081,10.008092],[9.245214,10.00701],[9.245145,10.006972],[9.245348,10.005842],[9.245279,10.005293],[9.245965,10.004167],[9.244166,10.004166],[9.244166,10.003334],[9.246665,10.003333],[9.246666,10.0025],[9.248332,10.002499],[9.248332,10.000834],[9.246666,10.000833],[9.246666,9.995],[9.247498,9.995],[9.247499,9.996666],[9.249998,9.996666],[9.249999,9.995],[9.250832,9.994999],[9.250833,9.9925],[9.251665,9.9925],[9.251666,9.993333],[9.252498,9.993334],[9.252499,9.9925],[9.253332,9.992499],[9.253332,9.990834],[9.252499,9.990833],[9.252499,9.99],[9.254998,9.989999],[9.254999,9.989167],[9.255832,9.989166],[9.255833,9.986667],[9.263332,9.986666],[9.263333,9.985834],[9.263335,9.985833],[9.263334,9.982337],[9.261937,9.982382],[9.260374,9.982795],[9.259402,9.983333],[9.259166,9.983333],[9.259166,9.978334],[9.264165,9.978333],[9.264166,9.976667],[9.264998,9.976666],[9.264999,9.975834],[9.266665,9.975834],[9.266666,9.976193],[9.266712,9.976228],[9.267059,9.976213],[9.267498,9.976143],[9.267498,9.966667],[9.26418,9.966666],[9.26418,9.963721],[9.265404,9.963721],[9.26612,9.964183],[9.267451,9.965056],[9.268925,9.966802],[9.269132,9.966841],[9.269712,9.967801],[9.270047,9.968378],[9.27082,9.969999],[9.279998,9.97],[9.279999,9.973202],[9.281191,9.972342],[9.281887,9.971297],[9.282304,9.970225],[9.282373,9.97],[9.284165,9.97],[9.284166,9.970833],[9.287498,9.970834],[9.287498,9.971666],[9.286666,9.971667],[9.286665,9.972499],[9.285833,9.9725],[9.285833,9.975833],[9.288332,9.975833],[9.288333,9.974167],[9.292498,9.974167],[9.292499,9.975833],[9.293926,9.975834],[9.294164,9.977598],[9.293987,9.979166],[9.294165,9.979166],[9.294166,9.978334],[9.296665,9.978334],[9.296666,9.979999],[9.297498,9.98],[9.297499,9.982499],[9.301665,9.9825],[9.301667,9.983334],[9.302498,9.983333],[9.302499,9.9825],[9.304998,9.9825],[9.304999,9.986666],[9.309165,9.986667],[9.309165,9.989166],[9.308333,9.989167],[9.308332,9.990833],[9.307499,9.990834],[9.307499,9.994166],[9.308332,9.994167],[9.308332,9.994999],[9.305833,9.995],[9.305832,9.995833],[9.304999,9.995835],[9.304999,9.996821],[9.305233,9.996829],[9.306127,9.996708],[9.306433,9.997013],[9.306594,9.997481],[9.306472,9.998591],[9.30687,9.999052],[9.308512,9.999166],[9.304999,9.999167],[9.304998,10.003333],[9.302499,10.003334],[9.302498,10.006666],[9.301666,10.006667],[9.301665,10.007499],[9.300833,10.0075],[9.300832,10.011666],[9.297499,10.011667],[9.297498,10.012499],[9.296666,10.0125],[9.296665,10.026067],[9.295185,10.027458],[9.294642,10.028333],[9.292784,10.028334],[9.292556,10.02888],[9.292499,10.029479],[9.29232,10.029967],[9.292554,10.028883],[9.291649,10.030169],[9.290625,10.032513],[9.289814,10.034267],[9.289492,10.034585],[9.288801,10.035256],[9.288344,10.036258],[9.28798,10.036613],[9.287792,10.03799],[9.288387,10.037702],[9.289127,10.038123],[9.288512,10.03844],[9.288511,10.038441],[9.288619,10.038557],[9.28894,10.039223],[9.289999,10.039754],[9.289998,10.044166],[9.288333,10.044167],[9.288332,10.049166],[9.286284,10.049166],[9.278947,10.035535],[9.27595,10.034418],[9.271833,10.035424],[9.256548,10.029149],[9.254759,10.030099],[9.251267,10.024669],[9.234376,10.021395]]]},"properties":{"Name":"Kufai Primary Health Clinic","Site Location":[9.25998971486,10.0096372166],"Admin 0":["Nigeria"],"Admin 1":["Bauchi"],"Admin 2":["Toro"],"Admin 3":["Palama"],"Total population - WorldPop (2026)":4024,"Total population - WorldPop UN (2026)":4193,"Total population - Kontur (2023-10-31)":4353,"Total population - Meta (2023-04-21)":4147,"Total women - Meta (2023-04-21)":2074,"Total men - Meta (2023-04-21)":2074,"Children under 5 - Meta (2023-04-21)":592,"People 15 to 24 - Meta (2023-04-21)":592,"Women 15 to 49 - Meta (2023-04-21)":1185,"People 60 and older - Meta (2023-04-21)":0,"OpenStreetMap Buildings (2026-02-20)":1373,"Google Buildings 60+% Confidence (2023-05)":1734,"Google Buildings 70+% Confidence (2023-05)":1393,"Google Buildings 80+% Confidence (2023-05)":432,"Average Building Footprint (m²) (2023-05)":"32.03","Overture Buildings (2026-02-20)":2026,"ownership_text":"Local Government","status":"active","facility_level_code":"primary","ownership_code":"public","nhfr_code":"05/18/1/1/1/0034","facility_level_text":"Primary Health Clinic","nhfr_uid":"37125572","lga_location_id":"nga-ba-5018","lga":"Toro","grid3_globalid":"08c62c61-5cae-467f-8199-fc5686bd7f26","location_id":"08c62c61-5cae-467f-8199-fc5686bd7f26","country":"Nigeria","state":"Bauchi","organization_id":"org-08c62c61-5cae-467f-8199-fc5686bd7f26"},"id":61},{"type":"Feature","geometry":{"type":"Polygon","coordinates":[[[9.300833,10.111666],[9.300833,10.1075],[9.304998,10.107499],[9.304999,10.103334],[9.307498,10.103334],[9.307499,10.104166],[9.308332,10.104167],[9.308333,10.104999],[9.312109,10.104999],[9.31202,10.104877],[9.310611,10.103334],[9.312455,10.103333],[9.312158,10.102055],[9.313332,10.102545],[9.313333,10.099167],[9.325832,10.099167],[9.325833,10.103333],[9.329998,10.103334],[9.329998,10.114999],[9.327499,10.115],[9.327498,10.115833],[9.324999,10.115834],[9.324998,10.116666],[9.321666,10.116667],[9.321665,10.124166],[9.309166,10.124166],[9.309165,10.1225],[9.306666,10.122499],[9.306665,10.12],[9.304999,10.119999],[9.304998,10.118334],[9.303333,10.118333],[9.303333,10.116667],[9.304165,10.116666],[9.304166,10.115834],[9.304998,10.115833],[9.304998,10.111667],[9.300833,10.111666]]]},"properties":{"Name":"Kwacciyel Health Post","Site Location":[9.31319,10.10997],"Admin 0":["Nigeria"],"Admin 1":["Bauchi"],"Admin 2":["Toro"],"Admin 3":["Tulai"],"Total population - WorldPop (2026)":951,"Total population - WorldPop UN (2026)":794,"Total population - Kontur (2023-10-31)":1410,"Total population - Meta (2023-04-21)":1357,"Total women - Meta (2023-04-21)":679,"Total men - Meta (2023-04-21)":679,"Children under 5 - Meta (2023-04-21)":194,"People 15 to 24 - Meta (2023-04-21)":194,"Women 15 to 49 - Meta (2023-04-21)":388,"People 60 and older - Meta (2023-04-21)":0,"OpenStreetMap Buildings (2026-02-20)":354,"Google Buildings 60+% Confidence (2023-05)":887,"Google Buildings 70+% Confidence (2023-05)":719,"Google Buildings 80+% Confidence (2023-05)":326,"Average Building Footprint (m²) (2023-05)":"44.85","Overture Buildings (2026-02-20)":685,"status":"active","facility_level_text":"Health Post","ownership_text":"Local Government","state":"Bauchi","country":"Nigeria","organization_id":"org-b36ba4f5-6b50-4690-99c8-18c63b6ccb92","grid3_globalid":"b36ba4f5-6b50-4690-99c8-18c63b6ccb92","facility_level_code":"primary","lga_location_id":"nga-ba-5018","lga":"Toro","ownership_code":"public","nhfr_code":"05/18/1/1/1/0035","nhfr_uid":"13453766","location_id":"b36ba4f5-6b50-4690-99c8-18c63b6ccb92"},"id":62},{"type":"Feature","geometry":{"type":"Polygon","coordinates":[[[9.479999,10.319999],[9.479999,10.3175],[9.481665,10.317499],[9.481666,10.315834],[9.484165,10.315833],[9.484166,10.3125],[9.484998,10.312499],[9.484999,10.311667],[9.487498,10.311666],[9.487499,10.310834],[9.488332,10.310833],[9.488333,10.31],[9.489165,10.31],[9.489166,10.310833],[9.489998,10.310834],[9.489999,10.31],[9.490832,10.309999],[9.490832,10.308334],[9.489999,10.308333],[9.489998,10.303334],[9.488333,10.303333],[9.488332,10.295834],[9.487499,10.295833],[9.487499,10.295],[9.488332,10.294999],[9.488333,10.294167],[9.489165,10.294166],[9.489166,10.292512],[9.490581,10.293349],[9.492498,10.293897],[9.492499,10.2925],[9.493332,10.292499],[9.493333,10.290834],[9.496665,10.290833],[9.496666,10.2825],[9.500832,10.282499],[9.500833,10.274167],[9.509165,10.274166],[9.509166,10.273334],[9.509998,10.273333],[9.509999,10.2725],[9.510832,10.272499],[9.510833,10.27],[9.513332,10.27],[9.513333,10.274166],[9.517498,10.274166],[9.517499,10.27],[9.519998,10.27],[9.519999,10.272499],[9.521665,10.2725],[9.521666,10.273333],[9.523332,10.273334],[9.523333,10.274166],[9.525832,10.274166],[9.525833,10.271667],[9.526665,10.271666],[9.526666,10.270834],[9.527498,10.270833],[9.527499,10.27],[9.528332,10.27],[9.528333,10.270833],[9.529165,10.270834],[9.529166,10.271666],[9.529998,10.271667],[9.529999,10.278333],[9.530791,10.278333],[9.531053,10.277904],[9.531656,10.276543],[9.531774,10.276125],[9.531924,10.275465],[9.532093,10.274476],[9.53248,10.274323],[9.532718,10.274196],[9.533396,10.273811],[9.533682,10.273801],[9.533878,10.273778],[9.535054,10.275529],[9.535172,10.276594],[9.535006,10.276722],[9.535087,10.278333],[9.536665,10.278334],[9.536665,10.279166],[9.535833,10.279167],[9.535833,10.280833],[9.538332,10.280834],[9.538333,10.281666],[9.540832,10.281667],[9.540833,10.282499],[9.542498,10.2825],[9.542499,10.296666],[9.543333,10.296667],[9.543332,10.297499],[9.542499,10.2975],[9.542499,10.299166],[9.546665,10.299167],[9.546666,10.303333],[9.550832,10.303334],[9.550833,10.311666],[9.554998,10.311667],[9.554999,10.319999],[9.556665,10.319999],[9.556666,10.319167],[9.557498,10.319167],[9.557499,10.319999],[9.558332,10.32],[9.558333,10.320833],[9.559389,10.320834],[9.558905,10.32168],[9.558787,10.322607],[9.558721,10.322756],[9.558689,10.32295],[9.558374,10.32321],[9.558245,10.323425],[9.558032,10.324165],[9.558033,10.324167],[9.558332,10.324167],[9.558332,10.324999],[9.556453,10.325],[9.556066,10.325743],[9.555894,10.32666],[9.554999,10.327384],[9.554999,10.333333],[9.556666,10.333334],[9.556665,10.335833],[9.554999,10.335834],[9.554999,10.336666],[9.559998,10.336667],[9.559999,10.339166],[9.563332,10.339167],[9.563333,10.341666],[9.565832,10.341667],[9.565832,10.345833],[9.564166,10.345833],[9.564165,10.345],[9.559166,10.345],[9.559166,10.345833],[9.559998,10.345834],[9.559998,10.348333],[9.557499,10.348333],[9.557498,10.3475],[9.553865,10.347499],[9.553865,10.345003],[9.554349,10.344883],[9.554678,10.344634],[9.55433,10.344357],[9.553788,10.343912],[9.552863,10.342914],[9.551319,10.341753],[9.550792,10.341014],[9.550265,10.340219],[9.550013,10.339845],[9.549612,10.339352],[9.549393,10.339563],[9.548938,10.339628],[9.548674,10.339775],[9.548615,10.339776],[9.548069,10.33986],[9.547966,10.340329],[9.547677,10.340709],[9.547593,10.340832],[9.547594,10.340834],[9.548332,10.340834],[9.548333,10.341666],[9.549165,10.341667],[9.549166,10.344166],[9.548333,10.344167],[9.548332,10.345833],[9.547499,10.345834],[9.547498,10.346666],[9.546666,10.346666],[9.546665,10.345],[9.542499,10.344999],[9.542498,10.340834],[9.536666,10.340834],[9.536665,10.343333],[9.535833,10.343334],[9.535832,10.344166],[9.534166,10.344167],[9.534165,10.344999],[9.521666,10.344999],[9.521665,10.340834],[9.517499,10.340833],[9.517498,10.34],[9.514999,10.34],[9.514998,10.340833],[9.513333,10.340833],[9.513332,10.336667],[9.510833,10.336667],[9.510832,10.338333],[9.509166,10.338333],[9.509165,10.336667],[9.504999,10.336666],[9.504998,10.336099],[9.503839,10.336408],[9.503093,10.336055],[9.502353,10.335744],[9.501831,10.335834],[9.500833,10.335833],[9.500832,10.334167],[9.499999,10.334166],[9.499998,10.3325],[9.492499,10.332499],[9.492498,10.33],[9.489999,10.33],[9.489998,10.330833],[9.489166,10.330833],[9.489165,10.33],[9.488333,10.329999],[9.488332,10.328334],[9.484166,10.328333],[9.484166,10.325],[9.486665,10.324999],[9.486665,10.323533],[9.48516,10.322682],[9.48516,10.3225],[9.484166,10.322499],[9.484165,10.32],[9.479999,10.319999]]]},"properties":{"Name":"Kwambo Health Post","Site Location":[9.53028,10.3077],"Admin 0":["Nigeria"],"Admin 1":["Bauchi"],"Admin 2":["Toro"],"Admin 3":["Zaranda"],"Total population - WorldPop (2026)":2929,"Total population - WorldPop UN (2026)":2838,"Total population - Kontur (2023-10-31)":3265,"Total population - Meta (2023-04-21)":3145,"Total women - Meta (2023-04-21)":1572,"Total men - Meta (2023-04-21)":1572,"Children under 5 - Meta (2023-04-21)":449,"People 15 to 24 - Meta (2023-04-21)":449,"Women 15 to 49 - Meta (2023-04-21)":898,"People 60 and older - Meta (2023-04-21)":0,"OpenStreetMap Buildings (2026-02-20)":1161,"Google Buildings 60+% Confidence (2023-05)":1211,"Google Buildings 70+% Confidence (2023-05)":958,"Google Buildings 80+% Confidence (2023-05)":255,"Average Building Footprint (m²) (2023-05)":"27.72","Overture Buildings (2026-02-20)":1508,"status":"active","ownership_code":"public","country":"Nigeria","ownership_text":"Unknown","organization_id":"org-1d73c0fa-74e4-43dd-ab96-352375e2d1cf","facility_level_text":"Health Post","nhfr_uid":"","lga_location_id":"nga-ba-5018","nhfr_code":"","location_id":"1d73c0fa-74e4-43dd-ab96-352375e2d1cf","grid3_globalid":"1d73c0fa-74e4-43dd-ab96-352375e2d1cf","facility_level_code":"primary","state":"Bauchi","lga":"Toro"},"id":63},{"type":"Feature","geometry":{"type":"Polygon","coordinates":[[[9.450833,10.206585],[9.450833,10.199167],[9.452498,10.199166],[9.452499,10.1975],[9.455832,10.1975],[9.455833,10.199166],[9.459165,10.199166],[9.459166,10.196667],[9.459998,10.196666],[9.459999,10.195834],[9.461665,10.195833],[9.461666,10.195],[9.462498,10.194999],[9.462499,10.193334],[9.463332,10.193333],[9.463333,10.190834],[9.464998,10.190833],[9.464999,10.188334],[9.465832,10.188334],[9.465833,10.189166],[9.468332,10.189166],[9.468333,10.186667],[9.471665,10.186667],[9.471666,10.186981],[9.471667,10.186982],[9.471674,10.186966],[9.472263,10.18618],[9.472264,10.186667],[9.47243,10.187911],[9.473332,10.187245],[9.473333,10.186667],[9.474553,10.186667],[9.47471,10.186544],[9.475042,10.186559],[9.475311,10.186517],[9.475832,10.186004],[9.475832,10.184167],[9.474166,10.184166],[9.474166,10.183334],[9.475832,10.183333],[9.475833,10.1825],[9.484165,10.182499],[9.484166,10.178334],[9.492498,10.178334],[9.492499,10.186666],[9.496666,10.186667],[9.496665,10.190833],[9.492499,10.190834],[9.492499,10.193333],[9.493332,10.193334],[9.493333,10.194166],[9.495832,10.194167],[9.495833,10.194999],[9.500832,10.195],[9.500832,10.199166],[9.496666,10.199167],[9.496666,10.203333],[9.500832,10.203334],[9.500833,10.206666],[9.503332,10.206667],[9.503333,10.207499],[9.504165,10.2075],[9.504166,10.209166],[9.504998,10.209167],[9.504998,10.214571],[9.50405,10.214124],[9.502743,10.213586],[9.500961,10.212592],[9.500473,10.212708],[9.49969,10.212545],[9.498918,10.21188],[9.498916,10.21188],[9.496752,10.227396],[9.494851,10.226928],[9.492618,10.226274],[9.49024,10.225665],[9.486247,10.224543],[9.484165,10.224167],[9.484158,10.224166],[9.479998,10.223416],[9.47579,10.222626],[9.472637,10.222403],[9.472976,10.222152],[9.472976,10.222151],[9.470447,10.222221],[9.464427,10.223474],[9.459216,10.223706],[9.459187,10.22263],[9.461475,10.2225],[9.464165,10.222499],[9.464166,10.222348],[9.464225,10.222343],[9.4679,10.219049],[9.470657,10.217061],[9.47781,10.211729],[9.479731,10.208404],[9.480836,10.206264],[9.479472,10.205997],[9.477565,10.205486],[9.476347,10.20617],[9.475692,10.206159],[9.469965,10.206538],[9.468397,10.205977],[9.467449,10.20655],[9.465275,10.205939],[9.461421,10.206093],[9.455431,10.206586],[9.453198,10.207566],[9.452378,10.207496],[9.451547,10.207557],[9.451344,10.20704],[9.450846,10.206584],[9.450833,10.206585]]]},"properties":{"Name":"Lafia Nursing Home","Site Location":[9.46307373,10.22290039],"Admin 0":["Nigeria"],"Admin 1":["Bauchi"],"Admin 2":["Toro"],"Admin 3":["Jama'a #1"],"Total population - WorldPop (2026)":1781,"Total population - WorldPop UN (2026)":1005,"Total population - Kontur (2023-10-31)":1159,"Total population - Meta (2023-04-21)":1088,"Total women - Meta (2023-04-21)":544,"Total men - Meta (2023-04-21)":544,"Children under 5 - Meta (2023-04-21)":155,"People 15 to 24 - Meta (2023-04-21)":155,"Women 15 to 49 - Meta (2023-04-21)":311,"People 60 and older - Meta (2023-04-21)":0,"OpenStreetMap Buildings (2026-02-20)":544,"Google Buildings 60+% Confidence (2023-05)":482,"Google Buildings 70+% Confidence (2023-05)":370,"Google Buildings 80+% Confidence (2023-05)":134,"Average Building Footprint (m²) (2023-05)":"31.50","Overture Buildings (2026-02-20)":632,"grid3_globalid":"9eab6407-2dbf-4cae-bf4c-d0a3260a614d","nhfr_code":"","nhfr_uid":"","organization_id":"org-9eab6407-2dbf-4cae-bf4c-d0a3260a614d","facility_level_code":"primary","state":"Bauchi","ownership_code":"private","location_id":"9eab6407-2dbf-4cae-bf4c-d0a3260a614d","ownership_text":"Unknown","country":"Nigeria","lga":"Toro","status":"active","facility_level_text":"Primary Health Center","lga_location_id":"nga-ba-5018"},"id":64},{"type":"Feature","geometry":{"type":"Polygon","coordinates":[[[8.975833,10.0575],[8.976215,10.0575],[8.97619,10.05775],[8.976569,10.057729],[8.976888,10.057276],[8.97702,10.056594],[8.977253,10.056482],[8.977466,10.056009],[8.977428,10.055531],[8.977596,10.054653],[8.977546,10.054508],[8.977445,10.054362],[8.977473,10.054333],[8.977513,10.05395],[8.977353,10.053334],[8.979998,10.053333],[8.979999,10.049167],[8.986033,10.049166],[8.986228,10.048662],[8.986983,10.04749],[8.987514,10.046962],[8.987579,10.046964],[8.987583,10.046961],[8.989054,10.044368],[8.989766,10.044474],[8.989769,10.044463],[8.989836,10.044473],[8.98989,10.04347],[8.990147,10.043326],[8.990107,10.04327],[8.989907,10.043079],[8.989702,10.04291],[8.989702,10.042907],[8.989642,10.042859],[8.989889,10.042558],[8.990104,10.042135],[8.990299,10.042225],[8.990512,10.041799],[8.990073,10.041447],[8.990073,10.040913],[8.990335,10.041013],[8.990624,10.04119],[8.990753,10.041234],[8.990974,10.040934],[8.991505,10.041093],[8.991505,10.041092],[8.9912,10.040481],[8.991503,10.040355],[8.991566,10.040409],[8.991987,10.04115],[8.992017,10.041179],[8.992052,10.041166],[8.9924,10.041058],[8.992458,10.041051],[8.992428,10.040983],[8.992319,10.040754],[8.992208,10.040131],[8.992417,10.039566],[8.993424,10.03985],[8.993743,10.039995],[8.993758,10.039979],[8.996167,10.03784],[8.996665,10.037436],[8.996963,10.03718],[8.997234,10.037262],[8.997582,10.037215],[8.997647,10.037173],[8.99769,10.037167],[8.997818,10.037106],[8.998623,10.036978],[8.999117,10.036667],[9.004998,10.036666],[9.004999,10.0325],[9.00693,10.0325],[9.007163,10.032751],[9.007192,10.032775],[9.007591,10.036637],[9.007307,10.03776],[9.006736,10.038744],[9.006927,10.039867],[9.006973,10.041458],[9.007022,10.042628],[9.007578,10.0433],[9.012221,10.049999],[9.011666,10.049999],[9.011665,10.049742],[9.010356,10.049678],[9.010355,10.054166],[9.006666,10.054166],[9.006665,10.053334],[9.004999,10.053334],[9.004998,10.054999],[9.004166,10.055],[9.004165,10.053334],[9.000833,10.053334],[9.000832,10.056911],[8.99879,10.056765],[8.998515,10.056616],[8.998269,10.056565],[8.998192,10.056577],[8.998184,10.05653],[8.99681,10.056767],[8.996667,10.056655],[8.996666,10.056656],[8.996665,10.056716],[8.995935,10.056258],[8.994654,10.056047],[8.994862,10.05912],[8.992964,10.058466],[8.991553,10.058264],[8.991453,10.05821],[8.991399,10.058081],[8.991338,10.057531],[8.991315,10.057514],[8.991312,10.057499],[8.99081,10.057168],[8.990539,10.057208],[8.990261,10.057233],[8.989998,10.057476],[8.990018,10.05751],[8.989413,10.058619],[8.989336,10.059552],[8.989331,10.059564],[8.987337,10.06043],[8.986859,10.060678],[8.986778,10.061],[8.986072,10.061666],[8.984537,10.062738],[8.984167,10.062462],[8.984166,10.062462],[8.984165,10.065834],[8.983333,10.065833],[8.983332,10.064167],[8.982499,10.064167],[8.982498,10.065833],[8.979999,10.065833],[8.979998,10.061667],[8.975833,10.061666],[8.975833,10.0575]]]},"properties":{"Name":"Lah Tah Zan Hospital","Site Location":[8.994383,10.043642],"Admin 0":["Nigeria"],"Admin 1":["Bauchi"],"Admin 2":["Toro"],"Admin 3":["Tilde"],"Total population - WorldPop (2026)":15376,"Total population - WorldPop UN (2026)":13641,"Total population - Kontur (2023-10-31)":13628,"Total population - Meta (2023-04-21)":13157,"Total women - Meta (2023-04-21)":6578,"Total men - Meta (2023-04-21)":6578,"Children under 5 - Meta (2023-04-21)":1880,"People 15 to 24 - Meta (2023-04-21)":1880,"Women 15 to 49 - Meta (2023-04-21)":3759,"People 60 and older - Meta (2023-04-21)":0,"OpenStreetMap Buildings (2026-02-20)":5073,"Google Buildings 60+% Confidence (2023-05)":5057,"Google Buildings 70+% Confidence (2023-05)":4476,"Google Buildings 80+% Confidence (2023-05)":2827,"Average Building Footprint (m²) (2023-05)":"79.63","Overture Buildings (2026-02-20)":5399,"status":"active","lga":"Toro","location_id":"dd3404af-9770-4b29-8755-57bd3aa7ad69","facility_level_text":"Primary Health Clinic","ownership_code":"private","country":"Nigeria","lga_location_id":"nga-ba-5018","nhfr_code":"05/18/1/2/2/0002","state":"Bauchi","grid3_globalid":"dd3404af-9770-4b29-8755-57bd3aa7ad69","ownership_text":"For Profit","facility_level_code":"secondary","organization_id":"org-dd3404af-9770-4b29-8755-57bd3aa7ad69","nhfr_uid":"74656510"},"id":65},{"type":"Feature","geometry":{"type":"Polygon","coordinates":[[[9.097499,10.240833],[9.097499,10.24],[9.097731,10.239999],[9.097726,10.239454],[9.097951,10.238895],[9.099114,10.239375],[9.09971,10.239913],[9.100253,10.239168],[9.100253,10.239167],[9.099166,10.239166],[9.099166,10.2375],[9.099998,10.237499],[9.099999,10.236667],[9.103332,10.236667],[9.103333,10.237217],[9.103369,10.237211],[9.104211,10.237438],[9.104998,10.237502],[9.104998,10.235834],[9.104166,10.235833],[9.104165,10.233334],[9.102499,10.233334],[9.102498,10.234166],[9.100833,10.234166],[9.100833,10.2325],[9.104998,10.232499],[9.104998,10.230834],[9.102499,10.230833],[9.102499,10.229485],[9.10333,10.225834],[9.104998,10.225834],[9.104999,10.227499],[9.108332,10.2275],[9.108333,10.226739],[9.109018,10.225829],[9.109591,10.225486],[9.109998,10.225887],[9.109999,10.226666],[9.111665,10.226667],[9.111666,10.228333],[9.113332,10.228333],[9.113333,10.215834],[9.117498,10.215834],[9.117499,10.219521],[9.118502,10.219557],[9.118861,10.217509],[9.119418,10.215803],[9.120461,10.214167],[9.120832,10.214167],[9.120833,10.214999],[9.121665,10.215],[9.121666,10.215833],[9.125832,10.215833],[9.125833,10.213334],[9.128332,10.213333],[9.128333,10.2125],[9.129165,10.212499],[9.129166,10.211667],[9.134165,10.211667],[9.134166,10.215833],[9.146665,10.215833],[9.146666,10.211667],[9.150832,10.211666],[9.150833,10.2075],[9.154998,10.2075],[9.154999,10.211666],[9.159165,10.211666],[9.159166,10.2075],[9.167498,10.207499],[9.167499,10.203334],[9.171665,10.203334],[9.171666,10.207499],[9.173525,10.2075],[9.167211,10.217059],[9.16725,10.233055],[9.160882,10.24348],[9.167499,10.261666],[9.169575,10.267369],[9.169685,10.26754],[9.166469,10.289721],[9.151118,10.286896],[9.149219,10.286874],[9.147962,10.287462],[9.136857,10.272381],[9.128094,10.257326],[9.12407,10.249185],[9.106702,10.248994],[9.100833,10.248304],[9.100832,10.241667],[9.099166,10.241666],[9.099165,10.240834],[9.097499,10.240833]]]},"properties":{"Name":"Lame Health Post","Site Location":[9.14667,10.26785],"Admin 0":["Nigeria"],"Admin 1":["Bauchi"],"Admin 2":["Toro"],"Admin 3":["Wonu South"],"Total population - WorldPop (2026)":2213,"Total population - WorldPop UN (2026)":1806,"Total population - Kontur (2023-10-31)":2112,"Total population - Meta (2023-04-21)":1819,"Total women - Meta (2023-04-21)":910,"Total men - Meta (2023-04-21)":910,"Children under 5 - Meta (2023-04-21)":260,"People 15 to 24 - Meta (2023-04-21)":260,"Women 15 to 49 - Meta (2023-04-21)":520,"People 60 and older - Meta (2023-04-21)":0,"OpenStreetMap Buildings (2026-02-20)":749,"Google Buildings 60+% Confidence (2023-05)":1030,"Google Buildings 70+% Confidence (2023-05)":856,"Google Buildings 80+% Confidence (2023-05)":355,"Average Building Footprint (m²) (2023-05)":"24.16","Overture Buildings (2026-02-20)":1091,"lga":"Toro","status":"active","country":"Nigeria","nhfr_uid":"","facility_level_text":"Health Post","facility_level_code":"primary","ownership_code":"public","ownership_text":"Unknown","location_id":"d50a5b67-80f6-4b52-bb82-ddf8e1c661c3","grid3_globalid":"d50a5b67-80f6-4b52-bb82-ddf8e1c661c3","state":"Bauchi","lga_location_id":"nga-ba-5018","organization_id":"org-d50a5b67-80f6-4b52-bb82-ddf8e1c661c3","nhfr_code":""},"id":66},{"type":"Feature","geometry":{"type":"Polygon","coordinates":[[[9.187499,10.441667],[9.190832,10.441667],[9.190833,10.442499],[9.191665,10.442499],[9.191666,10.438334],[9.192498,10.438333],[9.192498,10.436667],[9.188333,10.436666],[9.188333,10.435834],[9.190832,10.435833],[9.190833,10.433334],[9.191665,10.433333],[9.191666,10.4325],[9.192498,10.432499],[9.192499,10.428334],[9.196665,10.428333],[9.196666,10.4275],[9.197498,10.427499],[9.197499,10.426667],[9.199165,10.426666],[9.199166,10.425],[9.200832,10.424999],[9.200833,10.424167],[9.206665,10.424166],[9.206666,10.423334],[9.209165,10.423333],[9.209166,10.420849],[9.212152,10.421879],[9.213332,10.424062],[9.213333,10.42],[9.225832,10.419999],[9.225833,10.4175],[9.227498,10.417499],[9.227499,10.416667],[9.229165,10.416666],[9.229166,10.415834],[9.229998,10.415833],[9.229999,10.411667],[9.238332,10.411667],[9.238333,10.415833],[9.242498,10.415834],[9.242499,10.411667],[9.254998,10.411667],[9.254998,10.415833],[9.250833,10.415834],[9.250833,10.420833],[9.251665,10.420834],[9.251666,10.421666],[9.252498,10.421667],[9.252499,10.423333],[9.254998,10.423333],[9.254999,10.4225],[9.256665,10.4225],[9.256665,10.425833],[9.255833,10.425834],[9.255832,10.428333],[9.254999,10.428333],[9.254998,10.4275],[9.252499,10.4275],[9.252499,10.428333],[9.253332,10.428334],[9.253333,10.429166],[9.254165,10.429167],[9.254166,10.431666],[9.254998,10.431667],[9.254999,10.436666],[9.257498,10.436666],[9.257499,10.435834],[9.260832,10.435834],[9.260832,10.438333],[9.259166,10.438334],[9.259166,10.439999],[9.259999,10.44],[9.259998,10.442499],[9.259166,10.442501],[9.259166,10.449166],[9.263332,10.449167],[9.263332,10.451666],[9.262499,10.451667],[9.262499,10.452425],[9.262852,10.452938],[9.262906,10.453829],[9.2628,10.455733],[9.263056,10.456171],[9.263119,10.456666],[9.263332,10.456667],[9.263333,10.457499],[9.266665,10.4575],[9.266665,10.459999],[9.264999,10.46],[9.264999,10.461666],[9.265832,10.461666],[9.265833,10.460834],[9.267498,10.460834],[9.267499,10.462499],[9.269998,10.4625],[9.269999,10.465833],[9.271665,10.465834],[9.271666,10.478333],[9.275832,10.478334],[9.275833,10.490833],[9.279998,10.490834],[9.279998,10.494999],[9.275833,10.495],[9.275833,10.507499],[9.279998,10.5075],[9.279999,10.511666],[9.284165,10.511667],[9.284166,10.532499],[9.288332,10.5325],[9.288333,10.553333],[9.292499,10.553334],[9.292498,10.561666],[9.288333,10.561667],[9.288333,10.565833],[9.292498,10.565834],[9.292499,10.569999],[9.296665,10.57],[9.296666,10.594999],[9.300833,10.595],[9.300832,10.603333],[9.296666,10.603334],[9.296666,10.606254],[9.300832,10.607124],[9.300833,10.607499],[9.296666,10.6075],[9.296665,10.615833],[9.292499,10.615833],[9.292498,10.611667],[9.288333,10.611666],[9.288332,10.6075],[9.284166,10.607499],[9.284165,10.599167],[9.275833,10.599166],[9.275832,10.595],[9.271666,10.594999],[9.271665,10.5825],[9.259166,10.582499],[9.259165,10.574167],[9.250833,10.574166],[9.250832,10.565],[9.248333,10.565],[9.248332,10.565833],[9.242499,10.565833],[9.242498,10.5575],[9.238333,10.557499],[9.238332,10.553334],[9.234166,10.553333],[9.234165,10.549167],[9.229999,10.549166],[9.229998,10.540834],[9.225833,10.540833],[9.225832,10.536667],[9.221666,10.536666],[9.221665,10.5325],[9.217499,10.532499],[9.217498,10.524167],[9.213333,10.524166],[9.213332,10.52],[9.209166,10.519999],[9.209165,10.499167],[9.204999,10.499166],[9.204998,10.490834],[9.200833,10.490833],[9.200833,10.473334],[9.199999,10.473333],[9.199999,10.47],[9.200832,10.469999],[9.200833,10.465834],[9.199999,10.465833],[9.199999,10.465],[9.200832,10.464999],[9.200832,10.461667],[9.196666,10.461666],[9.196665,10.453334],[9.192499,10.453333],[9.192499,10.450834],[9.193332,10.450833],[9.193333,10.449167],[9.192499,10.449166],[9.192498,10.445834],[9.190833,10.445833],[9.190832,10.445],[9.189999,10.444999],[9.189998,10.444167],[9.188333,10.444166],[9.188332,10.4425],[9.187499,10.442499],[9.187499,10.441667]]]},"properties":{"Name":"Lame Primary Health Care Center","Site Location":[9.244171,10.445172],"Admin 0":["Nigeria"],"Admin 1":["Bauchi"],"Admin 2":["Toro"],"Admin 3":["Lame"],"Total population - WorldPop (2026)":3306,"Total population - WorldPop UN (2026)":3579,"Total population - Kontur (2023-10-31)":2917,"Total population - Meta (2023-04-21)":2785,"Total women - Meta (2023-04-21)":1393,"Total men - Meta (2023-04-21)":1393,"Children under 5 - Meta (2023-04-21)":398,"People 15 to 24 - Meta (2023-04-21)":398,"Women 15 to 49 - Meta (2023-04-21)":796,"People 60 and older - Meta (2023-04-21)":0,"OpenStreetMap Buildings (2026-02-20)":1,"Google Buildings 60+% Confidence (2023-05)":2104,"Google Buildings 70+% Confidence (2023-05)":1620,"Google Buildings 80+% Confidence (2023-05)":486,"Average Building Footprint (m²) (2023-05)":"26.01","Overture Buildings (2026-02-20)":1787,"organization_id":"org-7ebda04b-36eb-474d-8505-f82fbebaec40","country":"Nigeria","facility_level_code":"primary","ownership_code":"public","status":"active","location_id":"7ebda04b-36eb-474d-8505-f82fbebaec40","ownership_text":"Local Government","facility_level_text":"Primary Health Clinic","grid3_globalid":"7ebda04b-36eb-474d-8505-f82fbebaec40","lga":"Toro","nhfr_code":"05/18/1/1/1/0036","nhfr_uid":"55503933","state":"Bauchi","lga_location_id":"nga-ba-5018"},"id":67},{"type":"Feature","geometry":{"type":"Polygon","coordinates":[[[8.929904,10.224166],[8.930326,10.21505],[8.938284,10.20961],[8.942219,10.207859],[8.946155,10.206099],[8.951067,10.203114],[8.960059,10.19707],[8.965916,10.195399],[8.967929,10.193559],[8.973875,10.18996],[8.975915,10.184661],[8.984773,10.192718],[8.997073,10.202798],[9.006282,10.2123],[9.012522,10.218148],[9.018535,10.224612],[9.02838,10.233868],[9.031429,10.231511],[9.034513,10.228114],[9.038899,10.222507],[9.042932,10.224166],[9.042499,10.224167],[9.042498,10.228333],[9.038333,10.228334],[9.038332,10.229166],[9.036666,10.229167],[9.036666,10.229999],[9.037498,10.23],[9.037498,10.232499],[9.036666,10.2325],[9.036665,10.233333],[9.034166,10.233334],[9.034165,10.236666],[9.029999,10.236667],[9.029999,10.239999],[9.030832,10.24],[9.030832,10.240833],[9.024999,10.240834],[9.024998,10.241273],[9.022839,10.241143],[9.021514,10.240859],[9.021192,10.241197],[9.016268,10.246321],[9.016111,10.246086],[9.016031,10.24594],[9.015337,10.244392],[9.014694,10.243487],[9.013911,10.242567],[9.010774,10.240651],[9.008421,10.240045],[9.008109,10.239703],[9.010599,10.244303],[9.012047,10.246353],[9.013789,10.248812],[9.01361,10.248674],[9.0113,10.248],[9.009723,10.247958],[9.009497,10.247832],[9.009442,10.247862],[9.009166,10.247856],[9.009166,10.2475],[9.009998,10.247499],[9.009998,10.246667],[9.008333,10.246666],[9.008332,10.245834],[9.006666,10.245834],[9.006665,10.246666],[9.004999,10.246667],[9.004998,10.249166],[8.996666,10.249166],[8.996665,10.245834],[8.995833,10.245833],[8.995832,10.245],[8.984167,10.245],[8.984165,10.249166],[8.976666,10.249167],[8.976665,10.248334],[8.975833,10.248333],[8.975832,10.245],[8.967499,10.244999],[8.967498,10.236667],[8.954999,10.236666],[8.954998,10.228334],[8.946666,10.228334],[8.946665,10.232499],[8.938333,10.232499],[8.938332,10.228334],[8.929999,10.228333],[8.929999,10.224167],[8.929904,10.224166]]]},"properties":{"Name":"Lau Primary Health Clinic","Site Location":[9.00904,10.2361],"Admin 0":["Nigeria"],"Admin 1":["Bauchi"],"Admin 2":["Toro"],"Admin 3":["Wonu North"],"Total population - WorldPop (2026)":3454,"Total population - WorldPop UN (2026)":4113,"Total population - Kontur (2023-10-31)":5104,"Total population - Meta (2023-04-21)":4910,"Total women - Meta (2023-04-21)":2455,"Total men - Meta (2023-04-21)":2455,"Children under 5 - Meta (2023-04-21)":702,"People 15 to 24 - Meta (2023-04-21)":702,"Women 15 to 49 - Meta (2023-04-21)":1401,"People 60 and older - Meta (2023-04-21)":0,"OpenStreetMap Buildings (2026-02-20)":1477,"Google Buildings 60+% Confidence (2023-05)":1736,"Google Buildings 70+% Confidence (2023-05)":1407,"Google Buildings 80+% Confidence (2023-05)":666,"Average Building Footprint (m²) (2023-05)":"33.11","Overture Buildings (2026-02-20)":1707,"lga":"Toro","grid3_globalid":"878f91e1-8bc4-4042-8df5-41fde2c9ae7d","location_id":"878f91e1-8bc4-4042-8df5-41fde2c9ae7d","facility_level_code":"primary","nhfr_code":"05/18/1/1/1/0037","ownership_text":"Local Government","ownership_code":"public","state":"Bauchi","lga_location_id":"nga-ba-5018","facility_level_text":"Primary Health Clinic","status":"active","country":"Nigeria","organization_id":"org-878f91e1-8bc4-4042-8df5-41fde2c9ae7d","nhfr_uid":"24748015"},"id":68},{"type":"Feature","geometry":{"type":"Polygon","coordinates":[[[9.006736,10.038744],[9.007307,10.03776],[9.007591,10.036637],[9.007193,10.032775],[9.01168,10.029943],[9.017193,10.025497],[9.020142,10.023296],[9.022804,10.021938],[9.027223,10.020909],[9.030885,10.018007],[9.034409,10.016667],[9.035832,10.016667],[9.035833,10.019166],[9.034166,10.019167],[9.034166,10.019999],[9.038332,10.02],[9.038332,10.023333],[9.036666,10.023334],[9.036666,10.025039],[9.037171,10.024987],[9.03839,10.025409],[9.038426,10.025913],[9.038223,10.026666],[9.037499,10.026667],[9.037498,10.028333],[9.034166,10.028334],[9.034165,10.031666],[9.031666,10.031667],[9.031665,10.032499],[9.030833,10.0325],[9.030833,10.034166],[9.031665,10.034167],[9.031666,10.037499],[9.033332,10.0375],[9.033333,10.039166],[9.034165,10.039167],[9.034165,10.042499],[9.033333,10.0425],[9.033332,10.044999],[9.029999,10.044999],[9.029998,10.044167],[9.0275,10.044167],[9.027498,10.044999],[9.025833,10.045],[9.025832,10.045413],[9.025681,10.045282],[9.023896,10.045334],[9.024351,10.045963],[9.024913,10.04751],[9.025178,10.047861],[9.025718,10.049221],[9.026147,10.049603],[9.026421,10.050237],[9.026244,10.051187],[9.025761,10.052535],[9.021666,10.051484],[9.021665,10.053333],[9.017499,10.053334],[9.017498,10.059999],[9.014999,10.06],[9.014998,10.061666],[9.014957,10.061666],[9.014045,10.059363],[9.014709,10.053589],[9.007578,10.0433],[9.007022,10.042628],[9.006973,10.041458],[9.006927,10.039867],[9.006736,10.038744]]]},"properties":{"Name":"Loro Health Post","Site Location":[9.01824124137,10.037545662],"Admin 0":["Nigeria"],"Admin 1":["Bauchi"],"Admin 2":["Toro"],"Admin 3":["Toro"],"Total population - WorldPop (2026)":2184,"Total population - WorldPop UN (2026)":2839,"Total population - Kontur (2023-10-31)":3106,"Total population - Meta (2023-04-21)":2662,"Total women - Meta (2023-04-21)":1331,"Total men - Meta (2023-04-21)":1331,"Children under 5 - Meta (2023-04-21)":380,"People 15 to 24 - Meta (2023-04-21)":380,"Women 15 to 49 - Meta (2023-04-21)":761,"People 60 and older - Meta (2023-04-21)":0,"OpenStreetMap Buildings (2026-02-20)":555,"Google Buildings 60+% Confidence (2023-05)":662,"Google Buildings 70+% Confidence (2023-05)":546,"Google Buildings 80+% Confidence (2023-05)":263,"Average Building Footprint (m²) (2023-05)":"56.37","Overture Buildings (2026-02-20)":632,"nhfr_uid":"60092776","grid3_globalid":"1a6d5ea9-a9b6-4a4b-94ed-76c63327e423","country":"Nigeria","status":"active","nhfr_code":"05/18/1/1/1/0038","state":"Bauchi","ownership_code":"public","lga_location_id":"nga-ba-5018","organization_id":"org-1a6d5ea9-a9b6-4a4b-94ed-76c63327e423","facility_level_text":"Health Post","location_id":"1a6d5ea9-a9b6-4a4b-94ed-76c63327e423","facility_level_code":"primary","ownership_text":"Local Government","lga":"Toro"},"id":69},{"type":"Feature","geometry":{"type":"MultiPolygon","coordinates":[[[[9.135074,10.0775],[9.136665,10.0775],[9.136665,10.078028],[9.13646,10.077951],[9.135263,10.077559],[9.135074,10.0775]]],[[[9.119064,10.070778],[9.119099,10.070557],[9.119125,10.070368],[9.119146,10.070123],[9.119222,10.069895],[9.119688,10.069946],[9.119696,10.069736],[9.119756,10.06947],[9.119821,10.069307],[9.119899,10.069069],[9.119998,10.068823],[9.119999,10.069319],[9.120619,10.069483],[9.120621,10.069482],[9.120626,10.069449],[9.120679,10.069045],[9.120685,10.069025],[9.120688,10.069004],[9.12123,10.0691],[9.122006,10.06923],[9.121994,10.069283],[9.12286,10.069455],[9.12362,10.069593],[9.123752,10.069075],[9.123824,10.068765],[9.12393,10.068474],[9.123936,10.068474],[9.123954,10.068387],[9.124009,10.068034],[9.124968,10.068241],[9.124958,10.068298],[9.124965,10.068301],[9.124894,10.068629],[9.124885,10.068674],[9.124828,10.069113],[9.124827,10.069161],[9.125766,10.069198],[9.126552,10.069351],[9.126505,10.06953],[9.126484,10.069675],[9.1264,10.070047],[9.12711,10.070274],[9.127149,10.070283],[9.127143,10.070334],[9.127071,10.070775],[9.127064,10.070808],[9.127792,10.071063],[9.127418,10.071986],[9.127189,10.072329],[9.127633,10.072465],[9.127681,10.072512],[9.128057,10.072676],[9.128495,10.072815],[9.128501,10.072805],[9.128539,10.072815],[9.128672,10.07241],[9.128743,10.071971],[9.129026,10.07197],[9.129257,10.071896],[9.129344,10.071506],[9.129868,10.071643],[9.130383,10.071775],[9.130748,10.071845],[9.130669,10.072224],[9.130582,10.072463],[9.130465,10.072896],[9.131917,10.073065],[9.132353,10.073292],[9.132862,10.073523],[9.13313,10.071802],[9.133354,10.070914],[9.133366,10.070917],[9.133351,10.070999],[9.133175,10.071632],[9.133188,10.071789],[9.133459,10.071876],[9.133829,10.071936],[9.134378,10.072139],[9.134375,10.072163],[9.134358,10.072172],[9.134311,10.072614],[9.134302,10.073254],[9.134275,10.073529],[9.134286,10.073814],[9.134699,10.074152],[9.134938,10.073959],[9.135399,10.075028],[9.135474,10.075229],[9.13547,10.075467],[9.135399,10.075838],[9.135281,10.077109],[9.135032,10.077487],[9.134349,10.077277],[9.132658,10.076735],[9.131383,10.076247],[9.130223,10.075873],[9.129197,10.075574],[9.128343,10.075277],[9.127844,10.074997],[9.127125,10.074499],[9.126312,10.073762],[9.125712,10.073417],[9.124884,10.072727],[9.124983,10.072494],[9.124868,10.072396],[9.124612,10.072108],[9.124334,10.071912],[9.123956,10.071673],[9.123188,10.071291],[9.122745,10.071105],[9.122374,10.071077],[9.121981,10.071027],[9.121561,10.070993],[9.12131,10.070978],[9.12091,10.070974],[9.120313,10.070916],[9.119913,10.070859],[9.119443,10.070801],[9.119064,10.070778]]]]},"properties":{"Name":"Magama Clinic","Site Location":[9.12619045,10.06950343],"Admin 0":["Nigeria"],"Admin 1":["Bauchi"],"Admin 2":["Toro"],"Admin 3":["Toro"],"Total population - WorldPop (2026)":4270,"Total population - WorldPop UN (2026)":2613,"Total population - Kontur (2023-10-31)":2106,"Total population - Meta (2023-04-21)":2381,"Total women - Meta (2023-04-21)":1190,"Total men - Meta (2023-04-21)":1190,"Children under 5 - Meta (2023-04-21)":340,"People 15 to 24 - Meta (2023-04-21)":340,"Women 15 to 49 - Meta (2023-04-21)":680,"People 60 and older - Meta (2023-04-21)":0,"OpenStreetMap Buildings (2026-02-20)":1192,"Google Buildings 60+% Confidence (2023-05)":1719,"Google Buildings 70+% Confidence (2023-05)":1503,"Google Buildings 80+% Confidence (2023-05)":951,"Average Building Footprint (m²) (2023-05)":"58.30","Overture Buildings (2026-02-20)":1563,"organization_id":"org-11011e2e-9e19-444b-a51e-489fc86793c5","facility_level_code":"primary","facility_level_text":"Primary Health Center","country":"Nigeria","ownership_code":"public","ownership_text":"Unknown","state":"Bauchi","location_id":"11011e2e-9e19-444b-a51e-489fc86793c5","status":"active","lga":"Toro","grid3_globalid":"11011e2e-9e19-444b-a51e-489fc86793c5","nhfr_code":"","lga_location_id":"nga-ba-5018","nhfr_uid":""},"id":70},{"type":"Feature","geometry":{"type":"Polygon","coordinates":[[[9.149766,10.082467],[9.152614,10.072191],[9.160628,10.071275],[9.167283,10.072034],[9.168115,10.063201],[9.1681,10.061667],[9.171665,10.061667],[9.171666,10.065833],[9.174165,10.065834],[9.174166,10.064167],[9.175832,10.064166],[9.175833,10.061667],[9.179998,10.061667],[9.179999,10.063333],[9.180832,10.063334],[9.180833,10.064166],[9.182498,10.064167],[9.182499,10.063334],[9.183332,10.063333],[9.183333,10.061667],[9.184165,10.061667],[9.184166,10.065833],[9.192498,10.065834],[9.192499,10.069999],[9.196665,10.069999],[9.196666,10.065834],[9.204998,10.065834],[9.204998,10.069999],[9.200833,10.07],[9.200832,10.082499],[9.196666,10.0825],[9.196665,10.094166],[9.195833,10.094167],[9.195832,10.094999],[9.194999,10.095],[9.194998,10.098333],[9.193347,10.098334],[9.192275,10.098023],[9.191711,10.097496],[9.191412,10.096911],[9.191027,10.096356],[9.190433,10.095567],[9.189957,10.094981],[9.189303,10.094865],[9.188472,10.094893],[9.187788,10.094718],[9.187076,10.094894],[9.18654,10.095244],[9.185947,10.095273],[9.18556,10.094805],[9.184962,10.094042],[9.184194,10.093051],[9.183273,10.092232],[9.18253,10.092231],[9.181877,10.092026],[9.181281,10.091471],[9.180331,10.090622],[9.179796,10.090302],[9.178905,10.090184],[9.178132,10.089803],[9.177153,10.089219],[9.176231,10.088605],[9.175548,10.088399],[9.174709,10.087473],[9.174423,10.087716],[9.173092,10.08837],[9.171971,10.088352],[9.170697,10.08809],[9.16984,10.088146],[9.168777,10.088053],[9.16813,10.088052],[9.167711,10.087902],[9.166837,10.08766],[9.165923,10.08749],[9.164886,10.087229],[9.164429,10.087621],[9.163935,10.087791],[9.163839,10.088109],[9.163497,10.088632],[9.163118,10.088838],[9.163117,10.089119],[9.162837,10.089173],[9.161216,10.088802],[9.160608,10.088969],[9.160171,10.089156],[9.159808,10.088839],[9.159315,10.088782],[9.158953,10.088427],[9.158497,10.088445],[9.158136,10.088333],[9.158003,10.087884],[9.157869,10.087453],[9.157565,10.08721],[9.157128,10.087061],[9.156729,10.086985],[9.156538,10.086499],[9.156254,10.086386],[9.155968,10.086068],[9.155835,10.085601],[9.155796,10.085206],[9.155663,10.084777],[9.155246,10.084607],[9.154942,10.084309],[9.153381,10.084289],[9.152754,10.084064],[9.151842,10.083654],[9.149804,10.08246],[9.149803,10.082461],[9.149816,10.082496],[9.149766,10.082467]]]},"properties":{"Name":"Magama Gari Health Post","Site Location":[9.164204,10.082232],"Admin 0":["Nigeria"],"Admin 1":["Bauchi"],"Admin 2":["Toro"],"Admin 3":["Tulai"],"Total population - WorldPop (2026)":1873,"Total population - WorldPop UN (2026)":1616,"Total population - Kontur (2023-10-31)":1483,"Total population - Meta (2023-04-21)":1498,"Total women - Meta (2023-04-21)":749,"Total men - Meta (2023-04-21)":749,"Children under 5 - Meta (2023-04-21)":214,"People 15 to 24 - Meta (2023-04-21)":214,"Women 15 to 49 - Meta (2023-04-21)":428,"People 60 and older - Meta (2023-04-21)":0,"OpenStreetMap Buildings (2026-02-20)":629,"Google Buildings 60+% Confidence (2023-05)":827,"Google Buildings 70+% Confidence (2023-05)":696,"Google Buildings 80+% Confidence (2023-05)":322,"Average Building Footprint (m²) (2023-05)":"38.74","Overture Buildings (2026-02-20)":843,"nhfr_uid":"81170916","ownership_code":"public","facility_level_text":"Health Post","facility_level_code":"primary","country":"Nigeria","ownership_text":"Local Government","lga_location_id":"nga-ba-5018","lga":"Toro","status":"active","state":"Bauchi","nhfr_code":"05/18/1/1/1/0039","organization_id":"org-b791e589-aa51-4d71-9786-daf96b8da2e5","location_id":"b791e589-aa51-4d71-9786-daf96b8da2e5","grid3_globalid":"b791e589-aa51-4d71-9786-daf96b8da2e5"},"id":71},{"type":"Feature","geometry":{"type":"Polygon","coordinates":[[[9.1264,10.070047],[9.126484,10.069675],[9.126505,10.06953],[9.126565,10.069309],[9.126814,10.068185],[9.126855,10.067968],[9.127006,10.067326],[9.127708,10.067485],[9.12767,10.068216],[9.127662,10.068256],[9.127935,10.068296],[9.12841,10.068369],[9.129065,10.068522],[9.12952,10.06866],[9.129343,10.069362],[9.129338,10.069933],[9.129407,10.07038],[9.129442,10.070775],[9.129418,10.070889],[9.129344,10.071505],[9.129258,10.071896],[9.129026,10.07197],[9.128743,10.071971],[9.128673,10.072409],[9.128538,10.072815],[9.128501,10.072805],[9.128495,10.072815],[9.128058,10.072677],[9.127681,10.072512],[9.127633,10.072465],[9.127189,10.072329],[9.127418,10.071986],[9.127792,10.071063],[9.127064,10.070808],[9.127071,10.070775],[9.127143,10.070334],[9.127149,10.070282],[9.12711,10.070274],[9.1264,10.070047]]]},"properties":{"Name":"Magaman Gumau Primary Health Care Center","Site Location":[9.12775,10.06949],"Admin 0":["Nigeria"],"Admin 1":["Bauchi"],"Admin 2":["Toro"],"Admin 3":["Toro"],"Total population - WorldPop (2026)":1110,"Total population - WorldPop UN (2026)":942,"Total population - Kontur (2023-10-31)":530,"Total population - Meta (2023-04-21)":851,"Total women - Meta (2023-04-21)":426,"Total men - Meta (2023-04-21)":426,"Children under 5 - Meta (2023-04-21)":122,"People 15 to 24 - Meta (2023-04-21)":122,"Women 15 to 49 - Meta (2023-04-21)":243,"People 60 and older - Meta (2023-04-21)":0,"OpenStreetMap Buildings (2026-02-20)":399,"Google Buildings 60+% Confidence (2023-05)":585,"Google Buildings 70+% Confidence (2023-05)":482,"Google Buildings 80+% Confidence (2023-05)":286,"Average Building Footprint (m²) (2023-05)":"67.05","Overture Buildings (2026-02-20)":500,"status":"active","country":"Nigeria","ownership_text":"Local Government","state":"Bauchi","lga":"Toro","ownership_code":"public","grid3_globalid":"b10b143f-601c-44a0-a372-342182562d92","lga_location_id":"nga-ba-5018","organization_id":"org-b10b143f-601c-44a0-a372-342182562d92","facility_level_text":"Primary Health Center","facility_level_code":"primary","location_id":"b10b143f-601c-44a0-a372-342182562d92","nhfr_code":"05/18/1/1/1/0040","nhfr_uid":"21617589"},"id":72},{"type":"Feature","geometry":{"type":"Polygon","coordinates":[[[9.193348,10.098334],[9.194998,10.098333],[9.194999,10.095],[9.195832,10.094999],[9.195833,10.094167],[9.196665,10.094166],[9.196666,10.0825],[9.200832,10.082499],[9.200833,10.07],[9.204998,10.069999],[9.204999,10.065834],[9.209165,10.065833],[9.209166,10.061667],[9.213332,10.061666],[9.213333,10.0575],[9.221665,10.057499],[9.221666,10.053334],[9.225832,10.053334],[9.225833,10.057499],[9.229998,10.0575],[9.229999,10.061666],[9.232498,10.061667],[9.232499,10.063333],[9.233332,10.063334],[9.233333,10.064166],[9.234165,10.064167],[9.234166,10.065833],[9.238332,10.065834],[9.238333,10.074166],[9.239999,10.074167],[9.239998,10.075833],[9.238333,10.075835],[9.238333,10.085833],[9.239998,10.085834],[9.239998,10.088333],[9.238333,10.088334],[9.238333,10.089999],[9.240833,10.09],[9.240884,10.090833],[9.240926,10.090834],[9.240956,10.09126],[9.241037,10.091369],[9.241052,10.091418],[9.24213,10.092818],[9.242042,10.093333],[9.241666,10.093334],[9.241666,10.094166],[9.243154,10.094167],[9.242383,10.094998],[9.242384,10.095],[9.242499,10.095],[9.242499,10.099166],[9.245832,10.099167],[9.245832,10.100833],[9.242499,10.100834],[9.242499,10.101666],[9.243157,10.101667],[9.242946,10.102731],[9.242993,10.104256],[9.243222,10.104999],[9.243332,10.105],[9.243333,10.105833],[9.245832,10.105834],[9.245833,10.106666],[9.246665,10.106667],[9.246666,10.107499],[9.249165,10.1075],[9.249166,10.108333],[9.250832,10.108334],[9.250833,10.109166],[9.251665,10.109167],[9.251665,10.112499],[9.249999,10.1125],[9.249999,10.113333],[9.252498,10.113334],[9.252499,10.114166],[9.253332,10.114167],[9.253333,10.114999],[9.255832,10.115],[9.255832,10.115794],[9.255042,10.11653],[9.2545,10.116709],[9.253256,10.116583],[9.252824,10.11709],[9.252499,10.116875],[9.252498,10.116667],[9.251964,10.116666],[9.248201,10.114252],[9.24428,10.11162],[9.242747,10.110708],[9.236422,10.110736],[9.229769,10.109373],[9.217222,10.105845],[9.20876,10.102662],[9.20087,10.10051],[9.193348,10.098334]]]},"properties":{"Name":"Mai Allo Health Post","Site Location":[9.223617,10.10229],"Admin 0":["Nigeria"],"Admin 1":["Bauchi"],"Admin 2":["Toro"],"Admin 3":["Tulai"],"Total population - WorldPop (2026)":3473,"Total population - WorldPop UN (2026)":1861,"Total population - Kontur (2023-10-31)":997,"Total population - Meta (2023-04-21)":847,"Total women - Meta (2023-04-21)":423,"Total men - Meta (2023-04-21)":423,"Children under 5 - Meta (2023-04-21)":121,"People 15 to 24 - Meta (2023-04-21)":121,"Women 15 to 49 - Meta (2023-04-21)":242,"People 60 and older - Meta (2023-04-21)":0,"OpenStreetMap Buildings (2026-02-20)":797,"Google Buildings 60+% Confidence (2023-05)":1250,"Google Buildings 70+% Confidence (2023-05)":980,"Google Buildings 80+% Confidence (2023-05)":298,"Average Building Footprint (m²) (2023-05)":"28.30","Overture Buildings (2026-02-20)":1265,"facility_level_text":"Health Post","status":"active","location_id":"e25eff86-d423-43c7-9ebe-3b0cd1032528","lga":"Toro","state":"Bauchi","country":"Nigeria","grid3_globalid":"e25eff86-d423-43c7-9ebe-3b0cd1032528","facility_level_code":"primary","nhfr_code":"","nhfr_uid":"","ownership_code":"public","organization_id":"org-e25eff86-d423-43c7-9ebe-3b0cd1032528","lga_location_id":"nga-ba-5018","ownership_text":"Unknown"},"id":73},{"type":"Feature","geometry":{"type":"Polygon","coordinates":[[[9.282356,10.136947],[9.282947,10.136144],[9.283004,10.135834],[9.283297,10.135834],[9.284961,10.136537],[9.285351,10.13673],[9.285781,10.136407],[9.286017,10.13596],[9.285833,10.135923],[9.286287,10.136013],[9.288159,10.13691],[9.290024,10.13795],[9.290627,10.138333],[9.289999,10.138333],[9.289998,10.137937],[9.289821,10.137838],[9.289339,10.13844],[9.289346,10.139166],[9.288714,10.138761],[9.288297,10.139301],[9.288027,10.139735],[9.287556,10.140399],[9.287492,10.140966],[9.286115,10.140532],[9.285843,10.140384],[9.285266,10.13997],[9.284407,10.139105],[9.283517,10.13816],[9.282356,10.136947]]]},"properties":{"Name":"Mai Nasara Health Clinic","Site Location":[9.282949,10.13628],"Admin 0":["Nigeria"],"Admin 1":["Bauchi"],"Admin 2":["Toro"],"Admin 3":["Mara"],"Total population - WorldPop (2026)":863,"Total population - WorldPop UN (2026)":550,"Total population - Kontur (2023-10-31)":687,"Total population - Meta (2023-04-21)":896,"Total women - Meta (2023-04-21)":448,"Total men - Meta (2023-04-21)":448,"Children under 5 - Meta (2023-04-21)":128,"People 15 to 24 - Meta (2023-04-21)":128,"Women 15 to 49 - Meta (2023-04-21)":256,"People 60 and older - Meta (2023-04-21)":0,"OpenStreetMap Buildings (2026-02-20)":283,"Google Buildings 60+% Confidence (2023-05)":440,"Google Buildings 70+% Confidence (2023-05)":364,"Google Buildings 80+% Confidence (2023-05)":153,"Average Building Footprint (m²) (2023-05)":"67.73","Overture Buildings (2026-02-20)":366,"lga":"Toro","location_id":"9aded4de-a8b9-464a-9f38-0a6de52c72bb","ownership_text":"For Profit","organization_id":"org-9aded4de-a8b9-464a-9f38-0a6de52c72bb","grid3_globalid":"9aded4de-a8b9-464a-9f38-0a6de52c72bb","ownership_code":"private","status":"active","country":"Nigeria","nhfr_code":"05/18/1/1/2/0012","lga_location_id":"nga-ba-5018","facility_level_code":"primary","nhfr_uid":"59638761","state":"Bauchi","facility_level_text":"Primary Health Clinic"},"id":74},{"type":"Feature","geometry":{"type":"Polygon","coordinates":[[[8.943968,10.499166],[8.944659,10.497824],[8.952692,10.494459],[8.959061,10.490252],[8.961438,10.486933],[8.962818,10.481838],[8.963054,10.477631],[8.96277,10.471367],[8.963495,10.464931],[8.984166,10.469956],[9.003364,10.47462],[9.009841,10.477749],[9.019122,10.487805],[9.019214,10.487926],[9.033847,10.483521],[9.060663,10.494999],[9.050833,10.495],[9.050832,10.499166],[9.046666,10.499167],[9.046665,10.503333],[9.042499,10.503334],[9.042498,10.507499],[9.038333,10.5075],[9.038332,10.515833],[9.017499,10.515834],[9.017498,10.519999],[9.013333,10.52],[9.013332,10.524167],[9.009166,10.524166],[9.009165,10.521667],[9.008333,10.521667],[9.008332,10.522499],[9.006666,10.522499],[9.006665,10.520834],[9.004999,10.520833],[9.004998,10.52],[8.996666,10.519999],[8.996665,10.515834],[8.992499,10.515833],[8.992498,10.511667],[8.984166,10.511667],[8.984165,10.514999],[8.980833,10.515],[8.980832,10.515833],[8.979999,10.515833],[8.979998,10.511667],[8.975833,10.511667],[8.975832,10.512499],[8.973333,10.512499],[8.973332,10.511667],[8.971666,10.511666],[8.971666,10.51],[8.972498,10.509999],[8.972498,10.508334],[8.968333,10.508333],[8.968332,10.506667],[8.967499,10.506666],[8.967498,10.505834],[8.965833,10.505834],[8.965832,10.506666],[8.964166,10.506667],[8.964165,10.507499],[8.963333,10.507499],[8.963332,10.504167],[8.960833,10.504167],[8.960832,10.506666],[8.959999,10.506666],[8.959998,10.505],[8.957499,10.504999],[8.957499,10.504167],[8.958332,10.504166],[8.958333,10.503335],[8.957499,10.503333],[8.957498,10.5025],[8.955833,10.5025],[8.955832,10.503333],[8.954166,10.503333],[8.954165,10.5025],[8.952499,10.502499],[8.952498,10.502475],[8.95132,10.501388],[8.950311,10.50106],[8.9494,10.500192],[8.949136,10.501683],[8.948927,10.501673],[8.948981,10.502179],[8.949023,10.504024],[8.949015,10.504166],[8.947499,10.504166],[8.947498,10.503334],[8.945833,10.503333],[8.945832,10.501667],[8.944166,10.501666],[8.944166,10.499168],[8.943968,10.499166]]]},"properties":{"Name":"Makama Health Clinic","Site Location":[8.99313,10.504539],"Admin 0":["Nigeria"],"Admin 1":["Bauchi"],"Admin 2":["Toro"],"Admin 3":["Tama #1"],"Total population - WorldPop (2026)":679,"Total population - WorldPop UN (2026)":911,"Total population - Kontur (2023-10-31)":445,"Total population - Meta (2023-04-21)":349,"Total women - Meta (2023-04-21)":175,"Total men - Meta (2023-04-21)":175,"Children under 5 - Meta (2023-04-21)":50,"People 15 to 24 - Meta (2023-04-21)":50,"Women 15 to 49 - Meta (2023-04-21)":100,"People 60 and older - Meta (2023-04-21)":0,"OpenStreetMap Buildings (2026-02-20)":1,"Google Buildings 60+% Confidence (2023-05)":264,"Google Buildings 70+% Confidence (2023-05)":184,"Google Buildings 80+% Confidence (2023-05)":33,"Average Building Footprint (m²) (2023-05)":"18.68","Overture Buildings (2026-02-20)":211,"ownership_text":"For Profit","lga":"Toro","organization_id":"org-01a3f03c-460f-4e83-bda7-bcd6fca6ca4c","country":"Nigeria","lga_location_id":"nga-ba-5018","ownership_code":"private","status":"active","facility_level_code":"primary","grid3_globalid":"01a3f03c-460f-4e83-bda7-bcd6fca6ca4c","nhfr_code":"05/18/1/1/2/0013","facility_level_text":"Primary Health Clinic","state":"Bauchi","nhfr_uid":"83115562","location_id":"01a3f03c-460f-4e83-bda7-bcd6fca6ca4c"},"id":75},{"type":"Feature","geometry":{"type":"Polygon","coordinates":[[[8.773012,10.510182],[8.77305,10.504462],[8.774161,10.501097],[8.776109,10.496256],[8.776475,10.486667],[8.779165,10.486666],[8.779166,10.485],[8.779998,10.484999],[8.779999,10.4825],[8.785832,10.482499],[8.785833,10.481667],[8.788332,10.481666],[8.788333,10.478334],[8.795832,10.478333],[8.795833,10.475834],[8.796665,10.475833],[8.796666,10.474167],[8.800832,10.474166],[8.800833,10.47],[8.804998,10.469999],[8.804998,10.469167],[8.802408,10.469166],[8.802891,10.468915],[8.803192,10.468831],[8.803369,10.468742],[8.804271,10.468243],[8.804353,10.468228],[8.804623,10.468206],[8.804903,10.468199],[8.805137,10.468258],[8.805218,10.46825],[8.805459,10.467842],[8.805542,10.467818],[8.805601,10.467806],[8.80619,10.467467],[8.806239,10.467457],[8.806949,10.467455],[8.807236,10.467237],[8.807935,10.467639],[8.809321,10.468247],[8.809444,10.468291],[8.809633,10.467981],[8.809717,10.46719],[8.809721,10.467187],[8.809807,10.467169],[8.809912,10.466908],[8.809913,10.466904],[8.809917,10.466897],[8.809956,10.46659],[8.809981,10.466371],[8.810004,10.466235],[8.809788,10.465985],[8.809339,10.465406],[8.809299,10.465379],[8.809198,10.465268],[8.808856,10.464913],[8.80867,10.464659],[8.808597,10.464529],[8.808559,10.464452],[8.80849,10.464282],[8.80847,10.464167],[8.809165,10.464167],[8.809166,10.464999],[8.810832,10.465],[8.810833,10.464167],[8.813332,10.464166],[8.813333,10.461667],[8.821665,10.461667],[8.821666,10.460834],[8.823332,10.460834],[8.823333,10.461666],[8.824998,10.461667],[8.824999,10.462342],[8.825,10.462343],[8.825642,10.461709],[8.826055,10.460877],[8.826013,10.460376],[8.82601,10.460288],[8.826129,10.459719],[8.826138,10.459694],[8.826232,10.459515],[8.826238,10.458962],[8.82658,10.458966],[8.826806,10.45874],[8.82744,10.459177],[8.827669,10.458424],[8.827434,10.458238],[8.827461,10.457812],[8.827575,10.45774],[8.827875,10.457418],[8.828155,10.456881],[8.828285,10.456673],[8.828321,10.456633],[8.82855,10.456499],[8.829356,10.456265],[8.829531,10.456182],[8.82971,10.455909],[8.829807,10.455795],[8.829926,10.45569],[8.830227,10.455569],[8.830812,10.455376],[8.831052,10.455168],[8.831544,10.454719],[8.831592,10.454683],[8.831601,10.454654],[8.831615,10.454222],[8.831612,10.454199],[8.831834,10.453894],[8.832368,10.453507],[8.832871,10.45342],[8.832882,10.453941],[8.833495,10.453992],[8.833496,10.453986],[8.833598,10.453766],[8.834139,10.453748],[8.834565,10.453743],[8.834998,10.453793],[8.834998,10.454999],[8.834166,10.455],[8.834165,10.455833],[8.833333,10.455834],[8.833332,10.456666],[8.830833,10.456667],[8.830833,10.458333],[8.833332,10.458334],[8.833333,10.461666],[8.834165,10.461667],[8.834166,10.465833],[8.837498,10.465834],[8.837498,10.469166],[8.836666,10.469167],[8.836666,10.470833],[8.837498,10.470834],[8.837499,10.474166],[8.845832,10.474167],[8.845833,10.476666],[8.846665,10.476667],[8.846666,10.479166],[8.847373,10.479167],[8.847379,10.479704],[8.84864,10.480036],[8.849792,10.480157],[8.850012,10.480073],[8.850243,10.480564],[8.850253,10.481089],[8.85028,10.481171],[8.850572,10.481858],[8.850695,10.482169],[8.850849,10.482499],[8.854998,10.4825],[8.854998,10.484166],[8.854166,10.484166],[8.854165,10.483334],[8.853333,10.483334],[8.853333,10.486666],[8.857634,10.486667],[8.857179,10.488896],[8.85349,10.49051],[8.848146,10.489173],[8.8401,10.490883],[8.833339,10.489697],[8.825349,10.499651],[8.824993,10.505082],[8.826118,10.523144],[8.835131,10.542181],[8.836046,10.545527],[8.838695,10.551055],[8.840832,10.553495],[8.841817,10.554622],[8.843195,10.557499],[8.838333,10.5575],[8.838332,10.559999],[8.837499,10.559999],[8.837498,10.559167],[8.836666,10.559167],[8.836665,10.559999],[8.834999,10.56],[8.834998,10.560833],[8.834166,10.560833],[8.834165,10.558334],[8.832499,10.558333],[8.832498,10.5575],[8.829999,10.5575],[8.829998,10.561666],[8.825833,10.561666],[8.825832,10.5575],[8.817499,10.557499],[8.817498,10.553334],[8.813333,10.553334],[8.813332,10.557499],[8.809166,10.557499],[8.809166,10.556667],[8.809998,10.556666],[8.809998,10.554078],[8.809196,10.554166],[8.808914,10.554246],[8.808782,10.554308],[8.807806,10.554212],[8.80722,10.554401],[8.806901,10.554572],[8.806666,10.554693],[8.806666,10.554167],[8.807498,10.554166],[8.807498,10.553334],[8.804999,10.553334],[8.804999,10.554166],[8.805832,10.554167],[8.805832,10.554891],[8.805813,10.554897],[8.805489,10.555047],[8.805115,10.555191],[8.804398,10.555474],[8.803865,10.55558],[8.803793,10.555617],[8.80328,10.555961],[8.803133,10.556151],[8.803251,10.555295],[8.803276,10.555],[8.801666,10.554999],[8.801666,10.553334],[8.804165,10.553333],[8.804165,10.551259],[8.804164,10.551258],[8.80303,10.551581],[8.802779,10.551629],[8.801874,10.552031],[8.802363,10.550835],[8.802362,10.550834],[8.800833,10.550834],[8.800832,10.552499],[8.799166,10.5525],[8.799165,10.553333],[8.795833,10.553334],[8.795832,10.554166],[8.791666,10.554166],[8.791665,10.553334],[8.789166,10.553334],[8.789165,10.554166],[8.788605,10.554166],[8.784285,10.543264],[8.781909,10.526674],[8.782134,10.525883],[8.775269,10.519114],[8.774613,10.517221],[8.773663,10.513786],[8.773012,10.510182]]]},"properties":{"Name":"Makana Health Post","Site Location":[8.808319,10.508446],"Admin 0":["Nigeria"],"Admin 1":["Bauchi"],"Admin 2":["Toro"],"Admin 3":["Rahama #1"],"Total population - WorldPop (2026)":6597,"Total population - WorldPop UN (2026)":6322,"Total population - Kontur (2023-10-31)":6858,"Total population - Meta (2023-04-21)":6969,"Total women - Meta (2023-04-21)":3485,"Total men - Meta (2023-04-21)":3485,"Children under 5 - Meta (2023-04-21)":996,"People 15 to 24 - Meta (2023-04-21)":996,"Women 15 to 49 - Meta (2023-04-21)":1991,"People 60 and older - Meta (2023-04-21)":0,"OpenStreetMap Buildings (2026-02-20)":2590,"Google Buildings 60+% Confidence (2023-05)":4081,"Google Buildings 70+% Confidence (2023-05)":3511,"Google Buildings 80+% Confidence (2023-05)":1606,"Average Building Footprint (m²) (2023-05)":"42.22","Overture Buildings (2026-02-20)":3771,"country":"Nigeria","grid3_globalid":"accc5e48-d86f-458d-a371-43f547cbc70b","lga":"Toro","organization_id":"org-accc5e48-d86f-458d-a371-43f547cbc70b","ownership_text":"Unknown","ownership_code":"public","nhfr_uid":"","nhfr_code":"","state":"Bauchi","lga_location_id":"nga-ba-5018","location_id":"accc5e48-d86f-458d-a371-43f547cbc70b","facility_level_text":"Health Post","facility_level_code":"primary","status":"active"},"id":76},{"type":"Feature","geometry":{"type":"Polygon","coordinates":[[[9.500833,10.403333],[9.500833,10.399167],[9.504998,10.399166],[9.504999,10.389167],[9.50553,10.389167],[9.505531,10.389165],[9.503882,10.387996],[9.504204,10.387937],[9.504601,10.387611],[9.505474,10.387495],[9.507314,10.387379],[9.507733,10.387525],[9.508332,10.386884],[9.508332,10.386667],[9.504999,10.386666],[9.504999,10.385],[9.507498,10.384999],[9.507499,10.384167],[9.508332,10.384166],[9.508333,10.3825],[9.509166,10.382499],[9.509165,10.378334],[9.504999,10.378333],[9.504999,10.3775],[9.508332,10.377499],[9.508333,10.374167],[9.509166,10.374166],[9.509165,10.370657],[9.507844,10.370127],[9.507418,10.369877],[9.505448,10.368696],[9.50523,10.3675],[9.504999,10.367499],[9.504999,10.365834],[9.509165,10.365833],[9.509166,10.357501],[9.504999,10.357499],[9.504999,10.351667],[9.507498,10.351666],[9.507499,10.348334],[9.505833,10.348333],[9.505832,10.3475],[9.504999,10.347499],[9.504999,10.344167],[9.505832,10.344166],[9.505833,10.341667],[9.508332,10.341666],[9.508333,10.339167],[9.504999,10.339166],[9.504999,10.336667],[9.509165,10.336667],[9.509166,10.338333],[9.510832,10.338334],[9.510833,10.336667],[9.513332,10.336667],[9.513333,10.340833],[9.514998,10.340833],[9.514999,10.34],[9.517498,10.34],[9.517499,10.340833],[9.521665,10.340834],[9.521666,10.344999],[9.534165,10.344999],[9.534166,10.344167],[9.535832,10.344166],[9.535833,10.343334],[9.536665,10.343333],[9.536666,10.340834],[9.542498,10.340834],[9.542499,10.344999],[9.546665,10.345],[9.546667,10.346667],[9.547498,10.346666],[9.547499,10.345834],[9.548332,10.345833],[9.548333,10.344167],[9.549165,10.344166],[9.549165,10.341667],[9.548333,10.341666],[9.548332,10.340834],[9.547593,10.340833],[9.547677,10.340709],[9.547966,10.340329],[9.548069,10.33986],[9.548615,10.339776],[9.548674,10.339775],[9.548938,10.339628],[9.549393,10.339563],[9.549612,10.339352],[9.550013,10.339845],[9.550265,10.340219],[9.550792,10.341014],[9.551319,10.341753],[9.552863,10.342914],[9.553788,10.343912],[9.55433,10.344357],[9.554678,10.344634],[9.554349,10.344883],[9.553865,10.345003],[9.553865,10.347499],[9.557498,10.3475],[9.557499,10.348333],[9.559998,10.348333],[9.559998,10.345834],[9.559166,10.345833],[9.559166,10.345],[9.563332,10.345],[9.563333,10.349166],[9.570832,10.349167],[9.570834,10.351667],[9.571644,10.351666],[9.572343,10.350373],[9.572976,10.35005],[9.573871,10.349606],[9.574708,10.349401],[9.575668,10.349259],[9.575609,10.34965],[9.574821,10.350883],[9.574825,10.351671],[9.574596,10.352498],[9.574597,10.3525],[9.575832,10.352499],[9.575833,10.351667],[9.577498,10.351666],[9.577499,10.35],[9.579165,10.349999],[9.579166,10.349167],[9.579998,10.349167],[9.579999,10.353333],[9.584165,10.353334],[9.584166,10.357499],[9.59036,10.3575],[9.59157,10.360092],[9.577096,10.360338],[9.568528,10.363529],[9.561373,10.368931],[9.54898,10.376693],[9.54321,10.382881],[9.5397,10.390101],[9.539757,10.391947],[9.540233,10.393242],[9.540613,10.393717],[9.541165,10.393908],[9.541585,10.394535],[9.543146,10.39427],[9.543583,10.39446],[9.543869,10.39505],[9.544306,10.395792],[9.544668,10.396058],[9.545467,10.39604],[9.546057,10.395907],[9.546362,10.396116],[9.546534,10.39661],[9.546933,10.396725],[9.547524,10.396478],[9.548171,10.396687],[9.54897,10.396915],[9.549427,10.396915],[9.549753,10.396449],[9.550436,10.39623],[9.551159,10.395755],[9.552377,10.396648],[9.552854,10.396878],[9.553424,10.397163],[9.554396,10.399377],[9.555251,10.400329],[9.55587,10.401447],[9.555442,10.401994],[9.554658,10.402089],[9.553634,10.401851],[9.551421,10.40033],[9.547098,10.400321],[9.544903,10.401416],[9.541729,10.402195],[9.53597,10.401911],[9.532272,10.403124],[9.529103,10.413007],[9.529878,10.423432],[9.530733,10.433529],[9.531097,10.436666],[9.525833,10.436666],[9.525832,10.4325],[9.521666,10.432499],[9.521665,10.428334],[9.519999,10.428333],[9.519998,10.425834],[9.517499,10.425833],[9.517498,10.424167],[9.513333,10.424166],[9.513333,10.423334],[9.514998,10.423333],[9.514999,10.420001],[9.513333,10.419999],[9.513332,10.415834],[9.512499,10.415834],[9.512498,10.416666],[9.508333,10.416667],[9.508332,10.415834],[9.504999,10.415833],[9.504999,10.411667],[9.509165,10.411666],[9.509165,10.4075],[9.508333,10.407499],[9.508332,10.406667],[9.507499,10.406666],[9.507498,10.405834],[9.504999,10.405833],[9.504998,10.403334],[9.500833,10.403333]]]},"properties":{"Name":"Makera Primary Health Clinic","Site Location":[9.52306416372,10.3755338667],"Admin 0":["Nigeria"],"Admin 1":["Bauchi"],"Admin 2":["Toro"],"Admin 3":["Zaranda"],"Total population - WorldPop (2026)":2143,"Total population - WorldPop UN (2026)":1850,"Total population - Kontur (2023-10-31)":2044,"Total population - Meta (2023-04-21)":1669,"Total women - Meta (2023-04-21)":835,"Total men - Meta (2023-04-21)":835,"Children under 5 - Meta (2023-04-21)":238,"People 15 to 24 - Meta (2023-04-21)":238,"Women 15 to 49 - Meta (2023-04-21)":477,"People 60 and older - Meta (2023-04-21)":0,"OpenStreetMap Buildings (2026-02-20)":1069,"Google Buildings 60+% Confidence (2023-05)":1138,"Google Buildings 70+% Confidence (2023-05)":939,"Google Buildings 80+% Confidence (2023-05)":323,"Average Building Footprint (m²) (2023-05)":"27.99","Overture Buildings (2026-02-20)":1375,"facility_level_text":"Primary Health Clinic","grid3_globalid":"2d14d838-685c-4723-9f73-06392f7ff353","country":"Nigeria","facility_level_code":"primary","status":"active","state":"Bauchi","ownership_code":"public","lga":"Toro","lga_location_id":"nga-ba-5018","nhfr_uid":"86505768","location_id":"2d14d838-685c-4723-9f73-06392f7ff353","nhfr_code":"05/18/1/1/1/0042","organization_id":"org-2d14d838-685c-4723-9f73-06392f7ff353","ownership_text":"Local Government"},"id":77},{"type":"Feature","geometry":{"type":"Polygon","coordinates":[[[9.229744,10.278333],[9.229689,10.278009],[9.230614,10.274167],[9.238332,10.274167],[9.238334,10.278334],[9.242498,10.278333],[9.242499,10.274167],[9.259165,10.274167],[9.259166,10.278333],[9.263332,10.278334],[9.263333,10.282499],[9.271665,10.2825],[9.271666,10.28],[9.272498,10.279999],[9.272499,10.279167],[9.273332,10.279166],[9.273333,10.278334],[9.274998,10.278333],[9.274999,10.2775],[9.275655,10.2775],[9.275677,10.277516],[9.27624,10.277805],[9.276561,10.27798],[9.276572,10.277975],[9.276608,10.277994],[9.277014,10.278146],[9.277219,10.278254],[9.277248,10.278263],[9.277826,10.278385],[9.277881,10.278384],[9.278444,10.278318],[9.27879,10.278259],[9.280216,10.278361],[9.280646,10.278268],[9.280694,10.278273],[9.28073,10.278263],[9.280832,10.278276],[9.280833,10.274167],[9.284165,10.274167],[9.284166,10.278333],[9.304998,10.278334],[9.304999,10.2725],[9.305832,10.2725],[9.305833,10.273333],[9.307498,10.273333],[9.307499,10.27],[9.309165,10.27],[9.309166,10.272499],[9.312498,10.2725],[9.312499,10.274166],[9.321665,10.274167],[9.321666,10.27],[9.334165,10.27],[9.334166,10.274166],[9.338332,10.274167],[9.338333,10.275833],[9.339165,10.275834],[9.339166,10.276666],[9.339998,10.276666],[9.339999,10.275834],[9.340538,10.275834],[9.339864,10.277824],[9.339436,10.279508],[9.340077,10.281474],[9.340007,10.283157],[9.340362,10.28491],[9.341717,10.286244],[9.342217,10.287718],[9.342929,10.28919],[9.344213,10.289892],[9.345211,10.290804],[9.345567,10.291295],[9.344285,10.291856],[9.344285,10.292698],[9.34571,10.293259],[9.346668,10.29375],[9.346852,10.294522],[9.347707,10.294944],[9.347921,10.296135],[9.348134,10.297258],[9.348063,10.298451],[9.346067,10.299855],[9.345931,10.299999],[9.344428,10.301608],[9.343928,10.303151],[9.342859,10.304344],[9.340862,10.305676],[9.339009,10.306939],[9.337296,10.305888],[9.335443,10.306939],[9.335086,10.307992],[9.332804,10.307642],[9.33202,10.308694],[9.331807,10.310447],[9.33202,10.31206],[9.331164,10.312902],[9.329668,10.313042],[9.329998,10.31187],[9.330023,10.311782],[9.330022,10.311781],[9.328098,10.312061],[9.322537,10.312902],[9.314668,10.315833],[9.304999,10.315833],[9.304998,10.311667],[9.299166,10.311666],[9.299165,10.3075],[9.296666,10.3075],[9.296665,10.309166],[9.294999,10.309167],[9.294998,10.31],[9.293333,10.309999],[9.293332,10.3075],[9.288333,10.3075],[9.288332,10.311321],[9.286156,10.308026],[9.285823,10.307709],[9.284831,10.30849],[9.284556,10.309166],[9.284166,10.309167],[9.284165,10.311666],[9.282499,10.311666],[9.282499,10.310834],[9.283332,10.310833],[9.283332,10.309167],[9.280833,10.309166],[9.280832,10.308334],[9.279999,10.308333],[9.279998,10.3075],[9.275833,10.307499],[9.275832,10.303334],[9.254999,10.303333],[9.254998,10.3025],[9.254166,10.302499],[9.254165,10.301667],[9.253333,10.301666],[9.253333,10.3],[9.254998,10.299999],[9.254998,10.299167],[9.250833,10.299167],[9.250832,10.307499],[9.246666,10.3075],[9.246665,10.308019],[9.241863,10.304534],[9.231583,10.289054],[9.229744,10.278333]],[[9.238332,10.278334],[9.237499,10.278334],[9.237499,10.279166],[9.238332,10.279166],[9.238332,10.278334]]]},"properties":{"Name":"Mara Health Post","Site Location":[9.28379561,10.30413988],"Admin 0":["Nigeria"],"Admin 1":["Bauchi"],"Admin 2":["Toro"],"Admin 3":["Mara"],"Total population - WorldPop (2026)":1310,"Total population - WorldPop UN (2026)":1038,"Total population - Kontur (2023-10-31)":622,"Total population - Meta (2023-04-21)":594,"Total women - Meta (2023-04-21)":297,"Total men - Meta (2023-04-21)":297,"Children under 5 - Meta (2023-04-21)":85,"People 15 to 24 - Meta (2023-04-21)":85,"Women 15 to 49 - Meta (2023-04-21)":170,"People 60 and older - Meta (2023-04-21)":0,"OpenStreetMap Buildings (2026-02-20)":220,"Google Buildings 60+% Confidence (2023-05)":604,"Google Buildings 70+% Confidence (2023-05)":474,"Google Buildings 80+% Confidence (2023-05)":93,"Average Building Footprint (m²) (2023-05)":"26.12","Overture Buildings (2026-02-20)":646,"country":"Nigeria","ownership_code":"public","lga":"Toro","nhfr_uid":"72185797","nhfr_code":"05/18/1/1/1/0043","state":"Bauchi","lga_location_id":"nga-ba-5018","grid3_globalid":"24cca78f-8f13-4c98-b693-cd2ba86dc3f0","status":"active","facility_level_text":"Health Post","location_id":"24cca78f-8f13-4c98-b693-cd2ba86dc3f0","ownership_text":"Local Government","organization_id":"org-24cca78f-8f13-4c98-b693-cd2ba86dc3f0","facility_level_code":"primary"},"id":78},{"type":"Feature","geometry":{"type":"Polygon","coordinates":[[[8.906027,10.356442],[8.907376,10.356114],[8.912286,10.355179],[8.918143,10.35351],[8.925835,10.353849],[8.92977,10.352089],[8.935715,10.3485],[8.937904,10.3428],[8.938797,10.340834],[8.946665,10.340833],[8.946666,10.336667],[8.950832,10.336667],[8.950833,10.340833],[8.963332,10.340834],[8.963333,10.34],[8.965832,10.34],[8.965833,10.340833],[8.966665,10.340833],[8.966666,10.34],[8.968332,10.339999],[8.968332,10.339167],[8.965928,10.339166],[8.966367,10.338805],[8.967252,10.338462],[8.969141,10.339],[8.971023,10.340319],[8.970895,10.340757],[8.970943,10.340762],[8.971147,10.34072],[8.971211,10.340725],[8.971423,10.340456],[8.973648,10.341138],[8.974373,10.341666],[8.974166,10.341667],[8.974165,10.342499],[8.973333,10.3425],[8.973333,10.343333],[8.974165,10.343334],[8.974166,10.344999],[8.975832,10.345],[8.975833,10.349166],[8.984165,10.349167],[8.984166,10.353333],[8.984998,10.353333],[8.984999,10.351667],[8.988332,10.351667],[8.988333,10.357499],[8.992498,10.3575],[8.992499,10.361666],[8.996665,10.361667],[8.996665,10.365833],[8.992499,10.365834],[8.992498,10.369999],[8.988333,10.37],[8.988332,10.374166],[8.986666,10.374166],[8.986665,10.373334],[8.984166,10.373334],[8.984165,10.378333],[8.975833,10.378334],[8.975832,10.382499],[8.971666,10.3825],[8.971665,10.386666],[8.967499,10.386667],[8.967498,10.390833],[8.950833,10.390834],[8.950832,10.399166],[8.946666,10.399167],[8.946665,10.403333],[8.942499,10.403334],[8.942498,10.407499],[8.938333,10.4075],[8.938332,10.411666],[8.934166,10.411667],[8.934166,10.415833],[8.933792,10.415833],[8.930942,10.409262],[8.920816,10.392009],[8.913081,10.373802],[8.907863,10.359481],[8.906027,10.356442]]]},"properties":{"Name":"Motto Health Post","Site Location":[8.97154580125,10.3408389186],"Admin 0":["Nigeria"],"Admin 1":["Bauchi"],"Admin 2":["Toro"],"Admin 3":["Zalau"],"Total population - WorldPop (2026)":785,"Total population - WorldPop UN (2026)":832,"Total population - Kontur (2023-10-31)":857,"Total population - Meta (2023-04-21)":1002,"Total women - Meta (2023-04-21)":501,"Total men - Meta (2023-04-21)":501,"Children under 5 - Meta (2023-04-21)":143,"People 15 to 24 - Meta (2023-04-21)":143,"Women 15 to 49 - Meta (2023-04-21)":286,"People 60 and older - Meta (2023-04-21)":0,"OpenStreetMap Buildings (2026-02-20)":1,"Google Buildings 60+% Confidence (2023-05)":610,"Google Buildings 70+% Confidence (2023-05)":530,"Google Buildings 80+% Confidence (2023-05)":223,"Average Building Footprint (m²) (2023-05)":"36.60","Overture Buildings (2026-02-20)":525,"organization_id":"org-e046d04b-098d-4c50-9539-9961d713a325","ownership_code":"public","nhfr_uid":"","lga":"Toro","nhfr_code":"","location_id":"e046d04b-098d-4c50-9539-9961d713a325","status":"active","ownership_text":"Unknown","facility_level_code":"primary","country":"Nigeria","facility_level_text":"Health Post","grid3_globalid":"e046d04b-098d-4c50-9539-9961d713a325","state":"Bauchi","lga_location_id":"nga-ba-5018"},"id":79},{"type":"Feature","geometry":{"type":"Polygon","coordinates":[[[8.938797,10.340833],[8.942201,10.333333],[8.946309,10.327729],[8.948677,10.31818],[8.9504,10.315835],[8.950617,10.315834],[8.951443,10.317351],[8.95265,10.318534],[8.953139,10.319252],[8.954361,10.320956],[8.955267,10.321737],[8.955612,10.321885],[8.95626,10.322412],[8.956513,10.322993],[8.95686,10.323333],[8.957498,10.323333],[8.957499,10.32],[8.959165,10.32],[8.959166,10.323333],[8.960832,10.323334],[8.960833,10.324166],[8.961665,10.324166],[8.961666,10.323334],[8.964998,10.323333],[8.964999,10.320896],[8.965734,10.321256],[8.96686,10.321416],[8.967037,10.321542],[8.967059,10.321695],[8.967305,10.322682],[8.966838,10.32522],[8.966334,10.326148],[8.964999,10.326965],[8.964999,10.327499],[8.968332,10.327499],[8.968333,10.326667],[8.969165,10.326666],[8.969166,10.325],[8.970832,10.325],[8.970833,10.325833],[8.971665,10.325834],[8.971666,10.328333],[8.975832,10.328334],[8.975833,10.332499],[8.980832,10.3325],[8.980833,10.333333],[8.981665,10.333334],[8.981667,10.334167],[8.984165,10.334166],[8.984166,10.333334],[8.984998,10.333333],[8.984999,10.3325],[8.988332,10.3325],[8.988333,10.336666],[8.989998,10.336667],[8.989998,10.337499],[8.988333,10.3375],[8.988332,10.339166],[8.987499,10.339167],[8.987499,10.340479],[8.990343,10.340479],[8.990356,10.340408],[8.990341,10.338604],[8.991412,10.336667],[8.992498,10.336667],[8.992498,10.340833],[8.991666,10.340834],[8.991666,10.341666],[8.992498,10.341667],[8.992499,10.342499],[8.993332,10.3425],[8.993333,10.349166],[8.994998,10.349167],[8.994998,10.349999],[8.994166,10.35],[8.994166,10.353333],[8.996665,10.353334],[8.996665,10.361666],[8.992499,10.361666],[8.992498,10.3575],[8.988333,10.357499],[8.988332,10.351667],[8.984999,10.351667],[8.984998,10.353333],[8.984166,10.353333],[8.984165,10.349167],[8.975833,10.349166],[8.975832,10.345],[8.974166,10.344999],[8.974165,10.343334],[8.973333,10.343333],[8.973333,10.3425],[8.974165,10.342499],[8.974166,10.341667],[8.97437,10.341667],[8.974371,10.341665],[8.973647,10.341138],[8.971423,10.340456],[8.97121,10.340725],[8.971147,10.34072],[8.970943,10.340762],[8.970895,10.340756],[8.971023,10.340318],[8.96914,10.338999],[8.967252,10.338462],[8.966366,10.338805],[8.96593,10.339165],[8.96593,10.339166],[8.968332,10.339167],[8.968332,10.339999],[8.966666,10.34],[8.966665,10.340833],[8.965833,10.340833],[8.965832,10.34],[8.963334,10.34],[8.963332,10.340834],[8.950833,10.340833],[8.950832,10.336667],[8.946667,10.336667],[8.946665,10.340833],[8.938797,10.340833]]]},"properties":{"Name":"Motto Primary Health Clinic","Site Location":[8.97166238485,10.3395272736],"Admin 0":["Nigeria"],"Admin 1":["Bauchi"],"Admin 2":["Toro"],"Admin 3":["Zalau"],"Total population - WorldPop (2026)":1516,"Total population - WorldPop UN (2026)":1648,"Total population - Kontur (2023-10-31)":2251,"Total population - Meta (2023-04-21)":2049,"Total women - Meta (2023-04-21)":1025,"Total men - Meta (2023-04-21)":1025,"Children under 5 - Meta (2023-04-21)":293,"People 15 to 24 - Meta (2023-04-21)":293,"Women 15 to 49 - Meta (2023-04-21)":585,"People 60 and older - Meta (2023-04-21)":0,"OpenStreetMap Buildings (2026-02-20)":0,"Google Buildings 60+% Confidence (2023-05)":1263,"Google Buildings 70+% Confidence (2023-05)":1091,"Google Buildings 80+% Confidence (2023-05)":415,"Average Building Footprint (m²) (2023-05)":"31.02","Overture Buildings (2026-02-20)":1083,"ownership_code":"public","organization_id":"org-b0e5c1b5-ce80-4f19-b112-b25186f2c1e6","lga":"Toro","nhfr_uid":"13143773","country":"Nigeria","lga_location_id":"nga-ba-5018","facility_level_text":"Primary Health Clinic","state":"Bauchi","grid3_globalid":"b0e5c1b5-ce80-4f19-b112-b25186f2c1e6","facility_level_code":"primary","location_id":"b0e5c1b5-ce80-4f19-b112-b25186f2c1e6","ownership_text":"Local Government","nhfr_code":"05/18/1/1/1/0102","status":"active"},"id":80},{"type":"Feature","geometry":{"type":"Polygon","coordinates":[[[9.323727,10.536666],[9.323705,10.535991],[9.330525,10.499518],[9.332187,10.482982],[9.338331,10.468628],[9.338459,10.468333],[9.338472,10.4683],[9.346662,10.449167],[9.346665,10.449166],[9.346666,10.449159],[9.351318,10.43829],[9.353205,10.42369],[9.352089,10.415776],[9.344733,10.390599],[9.337647,10.380453],[9.34583,10.365833],[9.356762,10.346294],[9.346353,10.338929],[9.341836,10.335834],[9.342498,10.335833],[9.342499,10.335],[9.344998,10.334999],[9.344999,10.334167],[9.345832,10.334166],[9.345833,10.3325],[9.352498,10.332499],[9.352499,10.331667],[9.353332,10.331667],[9.353333,10.3325],[9.367498,10.332499],[9.367499,10.329167],[9.370832,10.329166],[9.370833,10.328334],[9.371665,10.328334],[9.371666,10.336666],[9.375832,10.336666],[9.375833,10.3325],[9.379998,10.3325],[9.379998,10.333333],[9.379166,10.333334],[9.379165,10.334999],[9.377499,10.335],[9.377499,10.337499],[9.380832,10.3375],[9.380833,10.338333],[9.382498,10.338334],[9.382499,10.339999],[9.384031,10.339999],[9.383638,10.339184],[9.383864,10.338435],[9.384271,10.338641],[9.384898,10.339374],[9.385386,10.33881],[9.385832,10.33782],[9.385832,10.3375],[9.384999,10.337499],[9.384999,10.336667],[9.387435,10.336667],[9.388277,10.338047],[9.388331,10.338096],[9.388333,10.338095],[9.388333,10.336667],[9.389165,10.336667],[9.389166,10.336588],[9.391217,10.337036],[9.392285,10.337499],[9.393332,10.3375],[9.393333,10.34067],[9.393814,10.340984],[9.393906,10.341875],[9.39471,10.34224],[9.39429,10.343333],[9.395832,10.343333],[9.395833,10.3425],[9.398042,10.3425],[9.39739,10.345033],[9.399127,10.349166],[9.400832,10.349167],[9.400833,10.3522],[9.401505,10.353333],[9.403332,10.353334],[9.403333,10.355833],[9.404998,10.355834],[9.404999,10.357499],[9.409165,10.3575],[9.409166,10.361666],[9.417498,10.361667],[9.417499,10.362499],[9.419165,10.3625],[9.419165,10.364999],[9.417499,10.365],[9.417499,10.365834],[9.422498,10.365833],[9.422499,10.363334],[9.424998,10.363333],[9.424999,10.362702],[9.425346,10.363481],[9.425336,10.363945],[9.425668,10.364462],[9.425808,10.365327],[9.426523,10.366666],[9.425833,10.366667],[9.425832,10.368333],[9.424166,10.368334],[9.424166,10.369999],[9.424998,10.37],[9.424998,10.371666],[9.423333,10.371667],[9.423333,10.373584],[9.426861,10.373585],[9.425963,10.376403],[9.423754,10.378935],[9.42186,10.380138],[9.421667,10.38025],[9.421778,10.380477],[9.421784,10.380682],[9.421425,10.381099],[9.421924,10.381421],[9.422374,10.381806],[9.422499,10.382245],[9.422498,10.383333],[9.421666,10.383334],[9.421665,10.384166],[9.420833,10.384167],[9.420833,10.385833],[9.421665,10.385834],[9.421666,10.390833],[9.426448,10.390834],[9.426291,10.391547],[9.426446,10.392871],[9.425833,10.392985],[9.425833,10.394999],[9.429998,10.395],[9.429998,10.396843],[9.429766,10.396924],[9.429016,10.397388],[9.429434,10.397709],[9.431665,10.39783],[9.431665,10.398333],[9.429999,10.398334],[9.429999,10.403333],[9.434165,10.403334],[9.434165,10.404999],[9.432499,10.405],[9.432499,10.406666],[9.433332,10.406667],[9.433333,10.407499],[9.434165,10.4075],[9.434166,10.414166],[9.434999,10.414167],[9.434998,10.414999],[9.434166,10.415],[9.434166,10.418333],[9.437498,10.418334],[9.437499,10.419999],[9.438332,10.42],[9.438333,10.421666],[9.439998,10.421667],[9.439998,10.424166],[9.438333,10.424167],[9.438333,10.428333],[9.442498,10.428334],[9.442499,10.441666],[9.443332,10.441667],[9.443333,10.442499],[9.444998,10.4425],[9.444999,10.444999],[9.446665,10.445],[9.446666,10.457499],[9.450832,10.4575],[9.450833,10.459999],[9.451665,10.459999],[9.451666,10.459167],[9.454165,10.459167],[9.454165,10.461666],[9.453333,10.461667],[9.453332,10.462499],[9.450833,10.4625],[9.450833,10.465833],[9.453332,10.465834],[9.453333,10.467499],[9.454998,10.4675],[9.454998,10.469999],[9.453333,10.469999],[9.453332,10.468334],[9.452499,10.468334],[9.452498,10.469999],[9.450833,10.47],[9.450832,10.474166],[9.449166,10.474166],[9.449165,10.473334],[9.446667,10.473334],[9.446665,10.474167],[9.434218,10.474167],[9.434319,10.47473],[9.435194,10.476666],[9.434999,10.476667],[9.434998,10.478333],[9.429999,10.478334],[9.429998,10.482499],[9.421666,10.4825],[9.421665,10.486666],[9.417499,10.486667],[9.417498,10.490833],[9.413333,10.490834],[9.413332,10.494999],[9.409166,10.495],[9.409165,10.499166],[9.396666,10.499167],[9.396665,10.503333],[9.388333,10.503334],[9.388332,10.507499],[9.379999,10.5075],[9.379998,10.511666],[9.375833,10.511667],[9.375832,10.519999],[9.371666,10.52],[9.371665,10.524166],[9.359166,10.524167],[9.359165,10.528334],[9.354999,10.528333],[9.354998,10.524167],[9.350833,10.524167],[9.350832,10.528333],[9.338333,10.528334],[9.338332,10.532499],[9.334166,10.5325],[9.334165,10.536666],[9.329999,10.536667],[9.329998,10.540833],[9.325833,10.540834],[9.325832,10.544999],[9.324008,10.544999],[9.323727,10.536666]]]},"properties":{"Name":"Mundu Health Post","Site Location":[9.41294728316,10.435790945],"Admin 0":["Nigeria"],"Admin 1":["Bauchi"],"Admin 2":["Toro"],"Admin 3":["Zaranda"],"Total population - WorldPop (2026)":7954,"Total population - WorldPop UN (2026)":4339,"Total population - Kontur (2023-10-31)":2240,"Total population - Meta (2023-04-21)":1721,"Total women - Meta (2023-04-21)":861,"Total men - Meta (2023-04-21)":861,"Children under 5 - Meta (2023-04-21)":246,"People 15 to 24 - Meta (2023-04-21)":246,"Women 15 to 49 - Meta (2023-04-21)":492,"People 60 and older - Meta (2023-04-21)":0,"OpenStreetMap Buildings (2026-02-20)":2890,"Google Buildings 60+% Confidence (2023-05)":3764,"Google Buildings 70+% Confidence (2023-05)":2764,"Google Buildings 80+% Confidence (2023-05)":439,"Average Building Footprint (m²) (2023-05)":"18.23","Overture Buildings (2026-02-20)":4252,"facility_level_code":"primary","nhfr_uid":"52135556","facility_level_text":"Health Post","nhfr_code":"05/18/1/1/1/0047","lga":"Toro","lga_location_id":"nga-ba-5018","grid3_globalid":"5aeec461-2261-48cb-a5d5-c6a9ef54f925","location_id":"5aeec461-2261-48cb-a5d5-c6a9ef54f925","country":"Nigeria","ownership_text":"Local Government","state":"Bauchi","organization_id":"org-5aeec461-2261-48cb-a5d5-c6a9ef54f925","ownership_code":"public","status":"active"},"id":81},{"type":"Feature","geometry":{"type":"Polygon","coordinates":[[[9.335485,10.222694],[9.341723,10.201576],[9.343619,10.202457],[9.345001,10.202789],[9.346221,10.202823],[9.349063,10.203254],[9.351725,10.203745],[9.354999,10.204166],[9.356455,10.204353],[9.361065,10.204984],[9.367459,10.205943],[9.371523,10.207534],[9.374424,10.20847],[9.3763,10.209124],[9.378416,10.209896],[9.380057,10.210949],[9.385763,10.210372],[9.389003,10.209943],[9.391973,10.209501],[9.393995,10.209942],[9.397773,10.209803],[9.403548,10.211467],[9.404998,10.211592],[9.404998,10.212499],[9.403333,10.2125],[9.403332,10.213333],[9.403189,10.213334],[9.402906,10.214688],[9.401906,10.218259],[9.40189,10.218872],[9.401869,10.219235],[9.402192,10.21922],[9.402749,10.219262],[9.402643,10.219521],[9.402134,10.220422],[9.401653,10.220107],[9.401521,10.220438],[9.402123,10.220655],[9.402515,10.221088],[9.402514,10.22109],[9.402701,10.221501],[9.402621,10.221946],[9.401168,10.221199],[9.401087,10.221295],[9.400635,10.221808],[9.399367,10.221521],[9.399361,10.221526],[9.399337,10.221519],[9.399096,10.221811],[9.39907,10.221787],[9.398035,10.2212],[9.398034,10.221198],[9.396666,10.220448],[9.396665,10.223392],[9.395437,10.224166],[9.388333,10.224167],[9.388332,10.225834],[9.387499,10.225833],[9.387498,10.225],[9.386666,10.224999],[9.386665,10.224167],[9.384166,10.224167],[9.384165,10.228333],[9.375833,10.228334],[9.375832,10.229999],[9.373333,10.23],[9.373332,10.232499],[9.371169,10.232499],[9.371155,10.232332],[9.370893,10.231631],[9.37175,10.229788],[9.371723,10.228659],[9.370657,10.228839],[9.370269,10.229055],[9.368902,10.229303],[9.368688,10.229571],[9.368537,10.229752],[9.36791,10.23031],[9.367783,10.230833],[9.369165,10.230834],[9.369165,10.233333],[9.365833,10.233334],[9.365833,10.235833],[9.367498,10.235834],[9.367498,10.236666],[9.363333,10.236667],[9.363332,10.240833],[9.354999,10.240834],[9.354998,10.244999],[9.350833,10.245],[9.350832,10.249166],[9.344268,10.249166],[9.346608,10.239776],[9.345322,10.236443],[9.335485,10.222694]]]},"properties":{"Name":"Nabardo Primary Health Center","Site Location":[9.399053,10.22046],"Admin 0":["Nigeria"],"Admin 1":["Bauchi"],"Admin 2":["Toro"],"Admin 3":["Zaranda"],"Total population - WorldPop (2026)":4812,"Total population - WorldPop UN (2026)":5433,"Total population - Kontur (2023-10-31)":1422,"Total population - Meta (2023-04-21)":988,"Total women - Meta (2023-04-21)":494,"Total men - Meta (2023-04-21)":494,"Children under 5 - Meta (2023-04-21)":141,"People 15 to 24 - Meta (2023-04-21)":141,"Women 15 to 49 - Meta (2023-04-21)":282,"People 60 and older - Meta (2023-04-21)":0,"OpenStreetMap Buildings (2026-02-20)":2043,"Google Buildings 60+% Confidence (2023-05)":2440,"Google Buildings 70+% Confidence (2023-05)":1954,"Google Buildings 80+% Confidence (2023-05)":828,"Average Building Footprint (m²) (2023-05)":"48.06","Overture Buildings (2026-02-20)":2404,"lga_location_id":"nga-ba-5018","nhfr_uid":"37889893","country":"Nigeria","organization_id":"org-8fd645b0-666a-4237-9211-3d5bc4bea352","nhfr_code":"05/18/1/1/1/0053","state":"Bauchi","grid3_globalid":"8fd645b0-666a-4237-9211-3d5bc4bea352","location_id":"8fd645b0-666a-4237-9211-3d5bc4bea352","ownership_code":"public","facility_level_code":"primary","facility_level_text":"Primary Health Clinic","status":"active","lga":"Toro","ownership_text":"Local Government"},"id":82},{"type":"Feature","geometry":{"type":"MultiPolygon","coordinates":[[[[9.57397,10.476667],[9.574165,10.476666],[9.574166,10.475],[9.575832,10.474999],[9.575833,10.47],[9.577498,10.469999],[9.577499,10.468334],[9.579998,10.468333],[9.579999,10.466667],[9.58137,10.466666],[9.581539,10.464225],[9.58162,10.463577],[9.581661,10.463598],[9.581757,10.463663],[9.582165,10.463923],[9.582333,10.463523],[9.582389,10.463328],[9.582598,10.463348],[9.582711,10.463582],[9.583042,10.463664],[9.583002,10.464025],[9.583532,10.464022],[9.5847,10.464536],[9.584701,10.464534],[9.584492,10.464009],[9.584343,10.462523],[9.584998,10.462043],[9.584999,10.464166],[9.588332,10.464166],[9.588333,10.4575],[9.592498,10.457499],[9.592499,10.45],[9.593332,10.449999],[9.593332,10.449167],[9.592499,10.449166],[9.592498,10.444167],[9.591666,10.444166],[9.591665,10.443334],[9.589999,10.443333],[9.589999,10.440834],[9.591665,10.440834],[9.591667,10.441667],[9.592498,10.441666],[9.592499,10.440834],[9.594171,10.440834],[9.594776,10.441542],[9.595259,10.442102],[9.596079,10.443626],[9.596375,10.443805],[9.597098,10.443754],[9.598761,10.444291],[9.599201,10.444186],[9.59933,10.4425],[9.599998,10.4425],[9.599999,10.443333],[9.600832,10.443333],[9.600833,10.440834],[9.604165,10.440833],[9.604166,10.439167],[9.604998,10.439166],[9.604999,10.436667],[9.610832,10.436666],[9.610833,10.434167],[9.611665,10.434166],[9.611666,10.429167],[9.613332,10.429166],[9.613333,10.428334],[9.617498,10.428333],[9.617499,10.424167],[9.621665,10.424166],[9.621666,10.42],[9.624165,10.419999],[9.624166,10.419167],[9.626665,10.419167],[9.626666,10.419999],[9.632498,10.42],[9.632499,10.420833],[9.634998,10.420834],[9.634999,10.42],[9.636665,10.42],[9.636666,10.420833],[9.638332,10.420834],[9.638333,10.424166],[9.642498,10.424167],[9.642499,10.421667],[9.643332,10.421666],[9.643333,10.420834],[9.644998,10.420833],[9.644999,10.42],[9.650832,10.42],[9.650833,10.420833],[9.651665,10.420834],[9.651666,10.420926],[9.651703,10.420934],[9.652177,10.42083],[9.652829,10.420856],[9.653317,10.421135],[9.653538,10.421341],[9.654069,10.421342],[9.654278,10.421414],[9.655432,10.421199],[9.655832,10.421262],[9.655832,10.422499],[9.654999,10.4225],[9.654999,10.424166],[9.659165,10.424167],[9.659166,10.4225],[9.659999,10.422499],[9.659998,10.420834],[9.659166,10.420833],[9.659166,10.42],[9.667498,10.42],[9.667499,10.424166],[9.675832,10.424167],[9.675833,10.42],[9.679998,10.42],[9.679999,10.424166],[9.688332,10.424167],[9.688334,10.425],[9.689165,10.424999],[9.689166,10.424257],[9.689833,10.425625],[9.690166,10.426238],[9.690306,10.427819],[9.690993,10.427367],[9.691665,10.427216],[9.691665,10.427499],[9.690833,10.4275],[9.690833,10.428333],[9.69423,10.428334],[9.694297,10.429214],[9.694399,10.430152],[9.694206,10.432729],[9.692311,10.434586],[9.689454,10.435885],[9.687136,10.436996],[9.686483,10.438807],[9.686067,10.441202],[9.685353,10.443365],[9.683748,10.444826],[9.683492,10.44701],[9.677373,10.450319],[9.674485,10.450949],[9.672594,10.450767],[9.669316,10.451896],[9.666641,10.453298],[9.66411,10.453615],[9.661619,10.454292],[9.659547,10.454982],[9.656482,10.455578],[9.654503,10.457067],[9.652024,10.457927],[9.649208,10.459295],[9.647069,10.461013],[9.645783,10.462925],[9.641685,10.462555],[9.640367,10.465044],[9.640949,10.469563],[9.641626,10.473962],[9.641199,10.477608],[9.642149,10.480928],[9.643765,10.485275],[9.642719,10.488734],[9.640627,10.49238],[9.637206,10.497427],[9.632926,10.500092],[9.632261,10.502616],[9.631454,10.50799],[9.630922,10.51187],[9.629793,10.514499],[9.626095,10.519194],[9.625789,10.524201],[9.62605,10.528694],[9.628085,10.532058],[9.628724,10.535179],[9.627892,10.53699],[9.625932,10.53851],[9.623852,10.542949],[9.623793,10.547388],[9.626584,10.549375],[9.626941,10.551536],[9.625574,10.551829],[9.622604,10.553054],[9.622603,10.555449],[9.621427,10.557499],[9.617499,10.557499],[9.617499,10.556667],[9.619998,10.556666],[9.619999,10.555834],[9.621032,10.555833],[9.62102,10.554916],[9.62124,10.55418],[9.621376,10.553812],[9.621243,10.5536],[9.620925,10.553541],[9.620376,10.552333],[9.620804,10.552109],[9.621375,10.551398],[9.621342,10.550834],[9.619166,10.550833],[9.619166,10.549167],[9.621665,10.549166],[9.621665,10.545],[9.617499,10.544999],[9.617499,10.544167],[9.618332,10.544166],[9.618333,10.5425],[9.619165,10.542499],[9.619165,10.54],[9.616666,10.54],[9.616665,10.540833],[9.615833,10.540834],[9.615832,10.541666],[9.614999,10.541666],[9.614999,10.538334],[9.617292,10.538333],[9.617751,10.537918],[9.618037,10.537127],[9.618332,10.536877],[9.618333,10.536667],[9.618554,10.536666],[9.61867,10.535946],[9.619366,10.534638],[9.619255,10.534176],[9.61738,10.53396],[9.615816,10.534566],[9.614942,10.535183],[9.613638,10.537387],[9.613333,10.53863],[9.613332,10.5325],[9.609166,10.532499],[9.609165,10.528476],[9.60882,10.528661],[9.608358,10.528647],[9.607833,10.529178],[9.607114,10.529563],[9.606396,10.529564],[9.605817,10.52988],[9.606488,10.528334],[9.604999,10.528333],[9.604999,10.526279],[9.605634,10.526209],[9.606665,10.525806],[9.606665,10.525],[9.604999,10.525],[9.604998,10.525833],[9.603333,10.525834],[9.603332,10.525],[9.600833,10.524999],[9.600833,10.52],[9.604998,10.519999],[9.604998,10.515834],[9.600833,10.515833],[9.600832,10.511667],[9.596666,10.511666],[9.596665,10.503334],[9.594166,10.503333],[9.594165,10.501667],[9.592499,10.501666],[9.592498,10.498334],[9.590833,10.498333],[9.590832,10.495834],[9.589999,10.495834],[9.589998,10.498333],[9.585833,10.498333],[9.585832,10.4975],[9.584999,10.497499],[9.584999,10.495834],[9.585832,10.495833],[9.585832,10.495],[9.584999,10.494999],[9.584998,10.494167],[9.584166,10.494166],[9.584165,10.490834],[9.579999,10.490833],[9.579999,10.488334],[9.581665,10.488333],[9.581666,10.485835],[9.579999,10.485833],[9.579998,10.4825],[9.575833,10.482499],[9.575832,10.4775],[9.574437,10.477499],[9.57397,10.476667]]],[[[9.612709,10.539881],[9.613323,10.538664],[9.61327,10.538884],[9.612709,10.539881]]]]},"properties":{"Name":"Nahuta Primary Health Care Center","Site Location":[9.62127430133,10.4950947296],"Admin 0":["Nigeria"],"Admin 1":["Bauchi"],"Admin 2":["Toro"],"Admin 3":["Rauta Geji"],"Total population - WorldPop (2026)":5233,"Total population - WorldPop UN (2026)":5632,"Total population - Kontur (2023-10-31)":6066,"Total population - Meta (2023-04-21)":5673,"Total women - Meta (2023-04-21)":2837,"Total men - Meta (2023-04-21)":2837,"Children under 5 - Meta (2023-04-21)":831,"People 15 to 24 - Meta (2023-04-21)":831,"Women 15 to 49 - Meta (2023-04-21)":1518,"People 60 and older - Meta (2023-04-21)":0,"OpenStreetMap Buildings (2026-02-20)":3808,"Google Buildings 60+% Confidence (2023-05)":3628,"Google Buildings 70+% Confidence (2023-05)":3001,"Google Buildings 80+% Confidence (2023-05)":1100,"Average Building Footprint (m²) (2023-05)":"26.50","Overture Buildings (2026-02-20)":4554,"ownership_text":"Local Government","status":"active","grid3_globalid":"8c52254a-112e-4ca5-a34a-566e9a4c3dbf","lga_location_id":"nga-ba-5018","organization_id":"org-8c52254a-112e-4ca5-a34a-566e9a4c3dbf","ownership_code":"public","nhfr_uid":"53736046","nhfr_code":"05/18/1/1/1/0049","lga":"Toro","country":"Nigeria","facility_level_code":"primary","state":"Bauchi","location_id":"8c52254a-112e-4ca5-a34a-566e9a4c3dbf","facility_level_text":"Primary Health Center"},"id":83},{"type":"Feature","geometry":{"type":"Polygon","coordinates":[[[9.228317,9.894999],[9.232136,9.861649],[9.242499,9.851178],[9.243333,9.850337],[9.243665,9.85],[9.244309,9.849351],[9.245718,9.847927],[9.272069,9.846145],[9.287657,9.849851],[9.287957,9.853011],[9.281955,9.86612],[9.298653,9.878475],[9.295329,9.887499],[9.294166,9.887499],[9.294165,9.886667],[9.292499,9.886667],[9.292498,9.890833],[9.279999,9.890834],[9.279998,9.899166],[9.271666,9.899167],[9.271666,9.903333],[9.274998,9.903334],[9.274999,9.904166],[9.275832,9.904167],[9.275832,9.906666],[9.274999,9.906667],[9.274999,9.908333],[9.275832,9.908334],[9.275832,9.910833],[9.274166,9.910834],[9.274166,9.913333],[9.275832,9.913334],[9.275832,9.915557],[9.275571,9.915833],[9.275222,9.915833],[9.27455,9.915345],[9.274183,9.915264],[9.273333,9.914471],[9.273332,9.914167],[9.272967,9.914166],[9.272225,9.913011],[9.27192,9.912016],[9.270353,9.910363],[9.270127,9.910074],[9.269632,9.909421],[9.268638,9.908716],[9.267343,9.907818],[9.265643,9.909284],[9.265835,9.909999],[9.265833,9.910001],[9.265833,9.911666],[9.265906,9.911667],[9.265872,9.912364],[9.265502,9.912418],[9.264709,9.913084],[9.264994,9.914294],[9.2651,9.915509],[9.264982,9.915968],[9.264178,9.916212],[9.263111,9.917025],[9.26266,9.917279],[9.262097,9.917312],[9.261666,9.917845],[9.261666,9.916667],[9.262498,9.916666],[9.262498,9.915834],[9.259999,9.915833],[9.259999,9.914167],[9.260832,9.914166],[9.260833,9.913334],[9.261665,9.913333],[9.261665,9.911667],[9.259999,9.911666],[9.259998,9.910834],[9.259166,9.910833],[9.259165,9.91],[9.258333,9.909999],[9.258332,9.9075],[9.254999,9.907499],[9.254998,9.906667],[9.254166,9.906667],[9.254165,9.907499],[9.246666,9.907499],[9.246665,9.900834],[9.244166,9.900834],[9.244165,9.901666],[9.243333,9.901666],[9.243332,9.9],[9.242499,9.899999],[9.242498,9.899167],[9.236339,9.899167],[9.236302,9.899279],[9.236236,9.899816],[9.234166,9.899817],[9.234165,9.899167],[9.232499,9.899167],[9.232499,9.899999],[9.233332,9.9],[9.233332,9.901666],[9.230833,9.901666],[9.230832,9.900834],[9.229999,9.900833],[9.229998,9.895],[9.228317,9.894999]]]},"properties":{"Name":"Nakwang B Primary Health Center","Site Location":[9.241516113,9.885070801],"Admin 0":["Nigeria"],"Admin 1":["Bauchi"],"Admin 2":["Toro"],"Admin 3":["Palama"],"Total population - WorldPop (2026)":5558,"Total population - WorldPop UN (2026)":4399,"Total population - Kontur (2023-10-31)":5048,"Total population - Meta (2023-04-21)":4349,"Total women - Meta (2023-04-21)":2175,"Total men - Meta (2023-04-21)":2175,"Children under 5 - Meta (2023-04-21)":621,"People 15 to 24 - Meta (2023-04-21)":621,"Women 15 to 49 - Meta (2023-04-21)":1243,"People 60 and older - Meta (2023-04-21)":0,"OpenStreetMap Buildings (2026-02-20)":1311,"Google Buildings 60+% Confidence (2023-05)":1827,"Google Buildings 70+% Confidence (2023-05)":1442,"Google Buildings 80+% Confidence (2023-05)":625,"Average Building Footprint (m²) (2023-05)":"32.03","Overture Buildings (2026-02-20)":2208,"facility_level_text":"Primary Health Center","ownership_code":"public","grid3_globalid":"f805a22f-93cf-4078-94c2-5e39f7dc98b9","state":"Bauchi","facility_level_code":"primary","location_id":"f805a22f-93cf-4078-94c2-5e39f7dc98b9","ownership_text":"Unknown","country":"Nigeria","nhfr_code":"","lga":"Toro","lga_location_id":"nga-ba-5018","status":"active","organization_id":"org-f805a22f-93cf-4078-94c2-5e39f7dc98b9","nhfr_uid":""},"id":84},{"type":"Feature","geometry":{"type":"Polygon","coordinates":[[[8.781905,10.601013],[8.793079,10.565463],[8.788605,10.554167],[8.789165,10.554166],[8.789166,10.553334],[8.791665,10.553334],[8.791666,10.554166],[8.795832,10.554166],[8.795833,10.553334],[8.799165,10.553333],[8.799166,10.5525],[8.800832,10.552499],[8.800833,10.550834],[8.802363,10.550834],[8.801874,10.552029],[8.801875,10.552031],[8.802779,10.551629],[8.80303,10.551581],[8.804165,10.551258],[8.804165,10.553333],[8.801666,10.553334],[8.801666,10.554999],[8.803276,10.555],[8.803251,10.555295],[8.803134,10.556149],[8.80328,10.555961],[8.803793,10.555617],[8.803865,10.55558],[8.804398,10.555474],[8.805116,10.55519],[8.805489,10.555047],[8.805813,10.554897],[8.805832,10.554891],[8.805832,10.554167],[8.804999,10.554166],[8.804999,10.553334],[8.807498,10.553334],[8.807498,10.554166],[8.806666,10.554167],[8.806666,10.554693],[8.806901,10.554572],[8.80722,10.554401],[8.807806,10.554212],[8.808782,10.554308],[8.808914,10.554246],[8.809196,10.554166],[8.809998,10.554078],[8.809998,10.556666],[8.809166,10.556667],[8.809166,10.557499],[8.813332,10.5575],[8.813333,10.553334],[8.817498,10.553334],[8.817499,10.557499],[8.825832,10.5575],[8.825833,10.561667],[8.829998,10.561666],[8.829999,10.5575],[8.832498,10.5575],[8.832499,10.558333],[8.834165,10.558334],[8.834166,10.560833],[8.834998,10.560834],[8.834999,10.56],[8.836665,10.559999],[8.836666,10.559167],[8.837498,10.559167],[8.837499,10.559999],[8.838332,10.559999],[8.838333,10.5575],[8.843195,10.5575],[8.843842,10.558853],[8.842915,10.564326],[8.84224,10.566566],[8.843083,10.568805],[8.843064,10.568886],[8.842722,10.568937],[8.840716,10.568505],[8.839402,10.568057],[8.838893,10.567724],[8.8385,10.567212],[8.837121,10.566591],[8.835491,10.566654],[8.835137,10.566818],[8.834702,10.567039],[8.83377,10.567339],[8.833785,10.56803],[8.833418,10.569166],[8.834998,10.569167],[8.834999,10.569999],[8.834166,10.57],[8.834165,10.574166],[8.833333,10.574167],[8.833332,10.576666],[8.832499,10.576667],[8.832498,10.577499],[8.829999,10.5775],[8.829998,10.578333],[8.825833,10.578334],[8.825832,10.582499],[8.823333,10.5825],[8.823333,10.585833],[8.823809,10.585834],[8.823809,10.585843],[8.823796,10.585927],[8.823147,10.585963],[8.822616,10.586024],[8.82203,10.586122],[8.8218,10.586183],[8.820833,10.58613],[8.820832,10.586666],[8.817499,10.586667],[8.817498,10.589166],[8.816666,10.589167],[8.816665,10.590833],[8.813333,10.590834],[8.813332,10.594999],[8.812499,10.594999],[8.812498,10.593334],[8.809999,10.593334],[8.809998,10.594999],[8.809166,10.595],[8.809165,10.599166],[8.804999,10.599167],[8.804998,10.603333],[8.800833,10.603334],[8.800832,10.606666],[8.799999,10.606668],[8.799999,10.609166],[8.800832,10.609167],[8.800832,10.611666],[8.794166,10.611667],[8.794166,10.613333],[8.794998,10.613334],[8.794998,10.614166],[8.794166,10.614167],[8.794165,10.614999],[8.793333,10.615],[8.793333,10.615833],[8.796665,10.615834],[8.796666,10.619999],[8.793804,10.62],[8.793652,10.620415],[8.793543,10.620923],[8.793574,10.621013],[8.794129,10.621351],[8.794524,10.621883],[8.79459,10.621936],[8.794432,10.622087],[8.794206,10.622193],[8.794166,10.622192],[8.794165,10.622499],[8.793959,10.622499],[8.790831,10.616926],[8.781905,10.601013]]]},"properties":{"Name":"Nasarawan Samanja Maternity","Site Location":[8.795783,10.60073],"Admin 0":["Nigeria"],"Admin 1":["Bauchi"],"Admin 2":["Toro"],"Admin 3":["Rahama #1"],"Total population - WorldPop (2026)":2008,"Total population - WorldPop UN (2026)":1688,"Total population - Kontur (2023-10-31)":2858,"Total population - Meta (2023-04-21)":2778,"Total women - Meta (2023-04-21)":1389,"Total men - Meta (2023-04-21)":1389,"Children under 5 - Meta (2023-04-21)":400,"People 15 to 24 - Meta (2023-04-21)":400,"Women 15 to 49 - Meta (2023-04-21)":790,"People 60 and older - Meta (2023-04-21)":0,"OpenStreetMap Buildings (2026-02-20)":506,"Google Buildings 60+% Confidence (2023-05)":979,"Google Buildings 70+% Confidence (2023-05)":847,"Google Buildings 80+% Confidence (2023-05)":410,"Average Building Footprint (m²) (2023-05)":"43.36","Overture Buildings (2026-02-20)":1030,"state":"Bauchi","lga_location_id":"nga-ba-5018","organization_id":"org-1b1693c3-2bbc-42e8-926d-50fc217c9131","ownership_code":"public","country":"Nigeria","lga":"Toro","nhfr_code":"05/18/1/1/1/0050","facility_level_text":"Primary Health Clinic","facility_level_code":"primary","location_id":"1b1693c3-2bbc-42e8-926d-50fc217c9131","nhfr_uid":"34006922","grid3_globalid":"1b1693c3-2bbc-42e8-926d-50fc217c9131","status":"active","ownership_text":"Local Government"},"id":85},{"type":"Feature","geometry":{"type":"Polygon","coordinates":[[[9.496666,10.609999],[9.496666,10.6075],[9.502498,10.607499],[9.502499,10.604167],[9.503332,10.604166],[9.503333,10.601667],[9.504165,10.601666],[9.504166,10.600834],[9.504998,10.600833],[9.504999,10.599167],[9.505832,10.599166],[9.505833,10.596667],[9.506665,10.596667],[9.506666,10.597499],[9.508332,10.5975],[9.508333,10.599166],[9.510832,10.599167],[9.510833,10.599999],[9.512498,10.599999],[9.512499,10.599167],[9.516665,10.599166],[9.516666,10.598334],[9.517498,10.598333],[9.517499,10.595834],[9.518332,10.595834],[9.518333,10.598333],[9.519165,10.598334],[9.519166,10.599166],[9.529998,10.599166],[9.529999,10.595],[9.534165,10.594999],[9.534166,10.594167],[9.534998,10.594166],[9.534999,10.591667],[9.538332,10.591667],[9.538333,10.594999],[9.539165,10.594999],[9.539166,10.5925],[9.539998,10.592499],[9.539999,10.590834],[9.546665,10.590833],[9.546666,10.589167],[9.550832,10.589166],[9.550833,10.5875],[9.553332,10.587499],[9.553333,10.586667],[9.559165,10.586666],[9.559166,10.5825],[9.559998,10.582499],[9.559999,10.579628],[9.561023,10.579722],[9.56267,10.580649],[9.563229,10.579167],[9.564998,10.579166],[9.564998,10.578334],[9.563154,10.578334],[9.563153,10.578314],[9.564316,10.578128],[9.56503,10.577765],[9.566665,10.576416],[9.566666,10.576666],[9.569165,10.576667],[9.569166,10.578333],[9.574998,10.578333],[9.574999,10.576667],[9.575832,10.576666],[9.575833,10.575],[9.579998,10.575],[9.579999,10.576666],[9.580832,10.576666],[9.580833,10.575834],[9.582498,10.575833],[9.582499,10.575],[9.584165,10.574999],[9.584166,10.574167],[9.586665,10.574166],[9.586666,10.5725],[9.588332,10.5725],[9.588334,10.574167],[9.591665,10.574166],[9.591666,10.571667],[9.592498,10.571667],[9.592499,10.572499],[9.593332,10.5725],[9.593333,10.573333],[9.596665,10.573333],[9.596666,10.570045],[9.597416,10.570002],[9.599274,10.569713],[9.600832,10.569781],[9.601111,10.569758],[9.601726,10.569898],[9.603056,10.570354],[9.604248,10.571153],[9.604249,10.571152],[9.60399,10.570356],[9.603981,10.568788],[9.603782,10.56768],[9.603523,10.567324],[9.603631,10.567306],[9.604643,10.567051],[9.60574,10.56716],[9.605773,10.567158],[9.606459,10.567545],[9.607731,10.56753],[9.609165,10.56803],[9.609165,10.5675],[9.608333,10.567499],[9.608332,10.563334],[9.607499,10.563333],[9.607499,10.5625],[9.609165,10.5625],[9.609167,10.565834],[9.614998,10.565833],[9.614999,10.564167],[9.615832,10.564166],[9.615833,10.563334],[9.616608,10.563333],[9.617298,10.562532],[9.615908,10.564922],[9.61577,10.56516],[9.620488,10.56771],[9.635426,10.575802],[9.637103,10.586601],[9.645685,10.597144],[9.64775,10.599687],[9.649847,10.601209],[9.66124,10.611528],[9.661175,10.612187],[9.647206,10.626575],[9.63872,10.636917],[9.632954,10.640833],[9.625833,10.640834],[9.625832,10.636667],[9.613333,10.636666],[9.613332,10.6325],[9.609166,10.632499],[9.609165,10.630136],[9.608964,10.630398],[9.608617,10.630515],[9.608316,10.630756],[9.608048,10.631141],[9.607801,10.631364],[9.607725,10.631564],[9.607586,10.631853],[9.607324,10.631907],[9.607002,10.632122],[9.606781,10.632487],[9.60673,10.6325],[9.600833,10.632499],[9.600832,10.628334],[9.595833,10.628333],[9.595832,10.6275],[9.592499,10.627499],[9.592498,10.624167],[9.584166,10.624167],[9.584165,10.624574],[9.583114,10.623096],[9.582256,10.62298],[9.581666,10.623193],[9.581665,10.624166],[9.575833,10.624166],[9.575832,10.623334],[9.573334,10.623334],[9.573332,10.624166],[9.571666,10.624166],[9.571665,10.621667],[9.569999,10.621666],[9.569998,10.62],[9.559166,10.619999],[9.559165,10.618652],[9.559102,10.618688],[9.55892,10.618692],[9.558333,10.61877],[9.558332,10.619166],[9.556666,10.619167],[9.556665,10.619999],[9.554999,10.62],[9.554998,10.622499],[9.552499,10.622499],[9.552498,10.620834],[9.551666,10.620833],[9.551665,10.62],[9.542499,10.619999],[9.542498,10.6175],[9.540833,10.617499],[9.540833,10.616667],[9.541665,10.616666],[9.541665,10.615834],[9.534999,10.615834],[9.534999,10.616666],[9.535832,10.616667],[9.535832,10.618476],[9.534667,10.61784],[9.533333,10.617571],[9.533332,10.6175],[9.532499,10.617499],[9.532498,10.616667],[9.530833,10.616667],[9.530832,10.617499],[9.529999,10.617499],[9.529998,10.616667],[9.529166,10.616666],[9.529165,10.615834],[9.513333,10.615834],[9.513332,10.615273],[9.511151,10.615056],[9.509847,10.615],[9.509166,10.615],[9.509165,10.615833],[9.504999,10.615833],[9.504998,10.611667],[9.500833,10.611666],[9.500832,10.610834],[9.499999,10.610833],[9.499998,10.61],[9.496666,10.609999]]]},"properties":{"Name":"Nastin Health Post","Site Location":[9.616653,10.618429],"Admin 0":["Nigeria"],"Admin 1":["Bauchi"],"Admin 2":["Toro"],"Admin 3":["Rauta Geji"],"Total population - WorldPop (2026)":4995,"Total population - WorldPop UN (2026)":3846,"Total population - Kontur (2023-10-31)":4704,"Total population - Meta (2023-04-21)":4342,"Total women - Meta (2023-04-21)":2171,"Total men - Meta (2023-04-21)":2171,"Children under 5 - Meta (2023-04-21)":1011,"People 15 to 24 - Meta (2023-04-21)":555,"Women 15 to 49 - Meta (2023-04-21)":1110,"People 60 and older - Meta (2023-04-21)":0,"OpenStreetMap Buildings (2026-02-20)":1,"Google Buildings 60+% Confidence (2023-05)":3752,"Google Buildings 70+% Confidence (2023-05)":2747,"Google Buildings 80+% Confidence (2023-05)":522,"Average Building Footprint (m²) (2023-05)":"19.19","Overture Buildings (2026-02-20)":3229,"country":"Nigeria","facility_level_text":"Health Post","nhfr_code":"","location_id":"e0578fdb-b6b6-4f33-bf9b-43578b3aec7b","status":"active","state":"Bauchi","facility_level_code":"primary","nhfr_uid":"","ownership_code":"public","ownership_text":"Unknown","grid3_globalid":"e0578fdb-b6b6-4f33-bf9b-43578b3aec7b","lga":"Toro","lga_location_id":"nga-ba-5018","organization_id":"org-e0578fdb-b6b6-4f33-bf9b-43578b3aec7b"},"id":86},{"type":"Feature","geometry":{"type":"Polygon","coordinates":[[[9.309917,10.317603],[9.322537,10.312902],[9.328099,10.31206],[9.330023,10.311781],[9.329668,10.313042],[9.331165,10.312902],[9.33202,10.31206],[9.331807,10.310447],[9.33202,10.308694],[9.332805,10.307642],[9.335086,10.307992],[9.335443,10.30694],[9.337296,10.305888],[9.338575,10.306674],[9.339009,10.306939],[9.340862,10.305676],[9.342859,10.304344],[9.343928,10.303151],[9.344428,10.301608],[9.345152,10.300832],[9.346068,10.299854],[9.348063,10.298451],[9.348134,10.297258],[9.347921,10.296135],[9.347707,10.294944],[9.346852,10.294522],[9.346668,10.293749],[9.34571,10.293259],[9.344285,10.292698],[9.344285,10.291857],[9.345567,10.291296],[9.345568,10.291295],[9.345211,10.290804],[9.344213,10.289891],[9.34293,10.28919],[9.342217,10.287718],[9.341717,10.286244],[9.340363,10.28491],[9.340007,10.283157],[9.340077,10.281474],[9.339436,10.279508],[9.339864,10.277824],[9.340648,10.27551],[9.341289,10.273335],[9.341362,10.270949],[9.342217,10.269266],[9.3435,10.268002],[9.343358,10.265758],[9.344498,10.265055],[9.344569,10.263372],[9.343642,10.262038],[9.342146,10.260355],[9.340292,10.259793],[9.339859,10.257962],[9.342472,10.256368],[9.344268,10.249167],[9.350832,10.249166],[9.350833,10.245],[9.354998,10.244999],[9.354999,10.240834],[9.363332,10.240833],[9.363333,10.236667],[9.367498,10.236666],[9.367498,10.235834],[9.365833,10.235833],[9.365833,10.233334],[9.369165,10.233333],[9.369165,10.230834],[9.367783,10.230833],[9.36791,10.230311],[9.368537,10.229752],[9.368688,10.229571],[9.368902,10.229303],[9.370269,10.229055],[9.370657,10.228839],[9.371723,10.228659],[9.37175,10.229788],[9.370893,10.23163],[9.371155,10.232332],[9.371169,10.232499],[9.373332,10.232499],[9.373333,10.23],[9.375832,10.229999],[9.375833,10.228334],[9.384165,10.228333],[9.384166,10.224167],[9.386665,10.224167],[9.386666,10.224999],[9.387498,10.225],[9.387499,10.225833],[9.388332,10.225834],[9.388333,10.224167],[9.395438,10.224166],[9.396665,10.223392],[9.396666,10.220448],[9.398035,10.221198],[9.398036,10.2212],[9.39907,10.221787],[9.399096,10.221811],[9.399337,10.221519],[9.399361,10.221526],[9.399367,10.221521],[9.400635,10.221808],[9.401087,10.221295],[9.401168,10.221199],[9.402621,10.221946],[9.402701,10.221501],[9.402514,10.221089],[9.402515,10.221087],[9.402123,10.220654],[9.401521,10.220438],[9.401653,10.220107],[9.402135,10.220422],[9.402643,10.219522],[9.402749,10.219263],[9.402748,10.219261],[9.402192,10.21922],[9.401869,10.219235],[9.40189,10.218872],[9.401906,10.218259],[9.402906,10.214688],[9.403189,10.213334],[9.403332,10.213333],[9.403333,10.2125],[9.404998,10.212499],[9.404999,10.211593],[9.409015,10.211935],[9.409274,10.211907],[9.414126,10.21135],[9.415832,10.21099],[9.422088,10.209662],[9.424014,10.210363],[9.426437,10.210224],[9.428862,10.209031],[9.430832,10.208364],[9.430832,10.209166],[9.430563,10.209167],[9.430562,10.209168],[9.431052,10.209636],[9.431229,10.209874],[9.431901,10.2101],[9.432833,10.210455],[9.433033,10.210766],[9.433869,10.211369],[9.434079,10.211675],[9.434373,10.212397],[9.434968,10.212794],[9.435365,10.213285],[9.435362,10.213465],[9.435563,10.214166],[9.434166,10.214167],[9.434165,10.215833],[9.429999,10.215834],[9.429999,10.218333],[9.430832,10.218334],[9.430833,10.219166],[9.431665,10.219166],[9.431666,10.218334],[9.433332,10.218334],[9.433332,10.220699],[9.430833,10.2207],[9.430833,10.221112],[9.430893,10.221195],[9.431082,10.221699],[9.431162,10.221916],[9.431435,10.222231],[9.43196,10.222882],[9.432117,10.223183],[9.432181,10.223237],[9.432877,10.223928],[9.432405,10.224076],[9.430833,10.225422],[9.430833,10.225833],[9.433332,10.225834],[9.433333,10.227499],[9.434165,10.2275],[9.434165,10.228333],[9.429999,10.228334],[9.429999,10.233333],[9.430832,10.233334],[9.430833,10.234166],[9.432498,10.234167],[9.432499,10.234999],[9.433332,10.235],[9.433332,10.23821],[9.43313,10.237822],[9.432573,10.237484],[9.432075,10.236717],[9.432073,10.236716],[9.431854,10.237263],[9.431838,10.237881],[9.43174,10.238177],[9.43181,10.238333],[9.431666,10.238334],[9.431666,10.239166],[9.433332,10.239167],[9.433332,10.241666],[9.431666,10.241667],[9.431665,10.242499],[9.429999,10.2425],[9.429999,10.244999],[9.430832,10.245],[9.430832,10.246666],[9.429999,10.246666],[9.429998,10.245],[9.425833,10.245],[9.425832,10.256666],[9.423333,10.256666],[9.423332,10.255834],[9.420833,10.255834],[9.420833,10.257499],[9.420788,10.2575],[9.420787,10.257501],[9.420887,10.2577],[9.42121,10.258578],[9.421665,10.259257],[9.421665,10.261666],[9.415833,10.261667],[9.415832,10.264166],[9.414166,10.264167],[9.414166,10.269999],[9.413333,10.27],[9.413332,10.274166],[9.409166,10.274167],[9.409165,10.282499],[9.406666,10.282499],[9.406665,10.280834],[9.405854,10.280834],[9.405853,10.280835],[9.406219,10.282499],[9.404999,10.2825],[9.404998,10.290833],[9.400833,10.290834],[9.400832,10.294999],[9.393333,10.295],[9.393333,10.296666],[9.394165,10.296667],[9.394165,10.297499],[9.393333,10.2975],[9.393332,10.298333],[9.392499,10.298334],[9.392498,10.301666],[9.389999,10.301667],[9.389998,10.303333],[9.389166,10.303334],[9.389165,10.304166],[9.384999,10.304166],[9.384998,10.303334],[9.381666,10.303333],[9.381665,10.3025],[9.381108,10.3025],[9.380762,10.302748],[9.380666,10.303756],[9.38028,10.305022],[9.380199,10.306157],[9.380007,10.306659],[9.380011,10.308094],[9.379166,10.310286],[9.379165,10.311666],[9.374166,10.311667],[9.374166,10.313333],[9.374998,10.313334],[9.374999,10.314166],[9.375832,10.314167],[9.375833,10.319999],[9.373333,10.32],[9.373333,10.321666],[9.374165,10.321666],[9.374166,10.320834],[9.376665,10.320834],[9.376666,10.321666],[9.377498,10.321667],[9.377499,10.322499],[9.378332,10.3225],[9.378332,10.324166],[9.375833,10.324166],[9.375832,10.323334],[9.374999,10.323334],[9.374998,10.324166],[9.373333,10.324167],[9.373332,10.324999],[9.371666,10.325],[9.371665,10.328333],[9.370833,10.328334],[9.370832,10.329166],[9.367499,10.329167],[9.367498,10.332499],[9.353333,10.3325],[9.353332,10.331667],[9.3525,10.331667],[9.352498,10.332499],[9.345833,10.3325],[9.345832,10.334166],[9.344999,10.334167],[9.344998,10.334999],[9.342499,10.335],[9.342498,10.335833],[9.341836,10.335834],[9.338366,10.333456],[9.322965,10.323566],[9.309917,10.317603]]]},"properties":{"Name":"Nobordo Primary Health Center","Site Location":[9.39837141,10.22267589],"Admin 0":["Nigeria"],"Admin 1":["Bauchi"],"Admin 2":["Toro"],"Admin 3":["Zaranda"],"Total population - WorldPop (2026)":11258,"Total population - WorldPop UN (2026)":7846,"Total population - Kontur (2023-10-31)":3394,"Total population - Meta (2023-04-21)":2015,"Total women - Meta (2023-04-21)":1007,"Total men - Meta (2023-04-21)":1007,"Children under 5 - Meta (2023-04-21)":288,"People 15 to 24 - Meta (2023-04-21)":288,"Women 15 to 49 - Meta (2023-04-21)":576,"People 60 and older - Meta (2023-04-21)":0,"OpenStreetMap Buildings (2026-02-20)":5358,"Google Buildings 60+% Confidence (2023-05)":5677,"Google Buildings 70+% Confidence (2023-05)":4515,"Google Buildings 80+% Confidence (2023-05)":1411,"Average Building Footprint (m²) (2023-05)":"36.23","Overture Buildings (2026-02-20)":6249,"country":"Nigeria","ownership_code":"public","ownership_text":"Unknown","status":"active","nhfr_uid":"","lga":"Toro","organization_id":"org-dddb5568-beb8-4ba6-b5d0-78beff36592f","location_id":"dddb5568-beb8-4ba6-b5d0-78beff36592f","nhfr_code":"","facility_level_text":"Primary Health Center","grid3_globalid":"dddb5568-beb8-4ba6-b5d0-78beff36592f","state":"Bauchi","lga_location_id":"nga-ba-5018","facility_level_code":"primary"},"id":87},{"type":"Feature","geometry":{"type":"Polygon","coordinates":[[[8.984166,10.253333],[8.984166,10.245],[8.995832,10.245],[8.995833,10.245833],[8.996665,10.245834],[8.996666,10.249166],[9.004998,10.249167],[9.004999,10.253333],[9.009165,10.253334],[9.009166,10.253704],[9.009846,10.253575],[9.0111,10.253669],[9.011846,10.253818],[9.010833,10.255048],[9.010495,10.255949],[9.011341,10.256299],[9.010881,10.257459],[9.010869,10.257499],[9.010866,10.2575],[9.010693,10.258103],[9.011009,10.258099],[9.011176,10.258177],[9.011364,10.257904],[9.012342,10.258129],[9.012286,10.258726],[9.012249,10.260437],[9.011745,10.261666],[9.004999,10.261666],[9.004998,10.25848],[9.004293,10.259001],[9.003409,10.25907],[9.002002,10.259724],[9.001305,10.259528],[8.999653,10.258563],[8.998125,10.259692],[8.997499,10.259806],[8.997498,10.261666],[8.996666,10.261667],[8.996665,10.263333],[8.994999,10.263334],[8.994999,10.264999],[8.995832,10.265],[8.995832,10.26535],[8.99438,10.265821],[8.994792,10.264638],[8.994675,10.263825],[8.994783,10.262612],[8.995586,10.261414],[8.995802,10.260834],[8.994166,10.260834],[8.994165,10.262499],[8.992499,10.2625],[8.992498,10.263333],[8.990833,10.263333],[8.990833,10.2625],[8.991665,10.262499],[8.991665,10.26],[8.989166,10.259999],[8.989165,10.259167],[8.988333,10.259166],[8.988332,10.2575],[8.984999,10.257499],[8.984999,10.256667],[8.985832,10.256666],[8.985832,10.253334],[8.984166,10.253333]]]},"properties":{"Name":"Nurayni Health Clinic","Site Location":[9.01218,10.25825],"Admin 0":["Nigeria"],"Admin 1":["Bauchi"],"Admin 2":["Toro"],"Admin 3":["Wonu North"],"Total population - WorldPop (2026)":985,"Total population - WorldPop UN (2026)":1203,"Total population - Kontur (2023-10-31)":1686,"Total population - Meta (2023-04-21)":1389,"Total women - Meta (2023-04-21)":694,"Total men - Meta (2023-04-21)":694,"Children under 5 - Meta (2023-04-21)":198,"People 15 to 24 - Meta (2023-04-21)":198,"Women 15 to 49 - Meta (2023-04-21)":397,"People 60 and older - Meta (2023-04-21)":0,"OpenStreetMap Buildings (2026-02-20)":389,"Google Buildings 60+% Confidence (2023-05)":404,"Google Buildings 70+% Confidence (2023-05)":348,"Google Buildings 80+% Confidence (2023-05)":206,"Average Building Footprint (m²) (2023-05)":"61.47","Overture Buildings (2026-02-20)":430,"status":"active","facility_level_text":"Primary Health Clinic","country":"Nigeria","location_id":"b43f17e8-8a8f-4111-a6cb-b99b294603da","organization_id":"org-b43f17e8-8a8f-4111-a6cb-b99b294603da","ownership_code":"private","grid3_globalid":"b43f17e8-8a8f-4111-a6cb-b99b294603da","ownership_text":"For Profit","nhfr_uid":"46984206","facility_level_code":"primary","nhfr_code":"05/18/1/1/2/0015","state":"Bauchi","lga_location_id":"nga-ba-5018","lga":"Toro"},"id":88},{"type":"Feature","geometry":{"type":"Polygon","coordinates":[[[9.285727,10.053981],[9.287134,10.050746],[9.286285,10.049167],[9.288332,10.049166],[9.288333,10.044167],[9.289998,10.044166],[9.289998,10.039754],[9.28894,10.039222],[9.288619,10.038557],[9.288511,10.038441],[9.289126,10.038124],[9.289126,10.038123],[9.288388,10.037702],[9.287792,10.037991],[9.28798,10.036613],[9.288344,10.036258],[9.288801,10.035256],[9.289492,10.034585],[9.289814,10.034267],[9.290625,10.032513],[9.291649,10.030169],[9.292555,10.02888],[9.292785,10.028334],[9.294643,10.028333],[9.295185,10.027458],[9.296665,10.026067],[9.296666,10.0125],[9.297498,10.012499],[9.297499,10.011667],[9.300832,10.011666],[9.300833,10.0075],[9.301665,10.007499],[9.301666,10.006667],[9.302498,10.006666],[9.302499,10.003334],[9.304998,10.003333],[9.304999,9.999167],[9.308485,9.999166],[9.308484,9.999165],[9.306871,9.999052],[9.306472,9.998591],[9.306594,9.997481],[9.306433,9.997012],[9.306127,9.996708],[9.305233,9.996829],[9.304999,9.996821],[9.304999,9.995834],[9.305832,9.995833],[9.305833,9.995],[9.308332,9.994999],[9.308332,9.994167],[9.307499,9.994166],[9.307499,9.990834],[9.308332,9.990833],[9.308333,9.989167],[9.310832,9.989167],[9.310833,9.990833],[9.317498,9.990834],[9.317499,9.986667],[9.325832,9.986667],[9.325833,9.988333],[9.327498,9.988334],[9.327499,9.989166],[9.328332,9.989167],[9.328333,9.988334],[9.329165,9.988333],[9.329166,9.986667],[9.334165,9.986667],[9.334166,9.990833],[9.338332,9.990833],[9.338332,9.988334],[9.337499,9.988333],[9.337499,9.985],[9.339998,9.985],[9.339999,9.986666],[9.342498,9.986667],[9.342499,9.987499],[9.344998,9.987499],[9.344999,9.986667],[9.346665,9.986667],[9.346666,9.990833],[9.350832,9.990833],[9.350833,9.986667],[9.353332,9.986666],[9.353333,9.985],[9.354998,9.984999],[9.354999,9.984167],[9.357498,9.984167],[9.357499,9.985833],[9.358332,9.985833],[9.358333,9.984167],[9.358646,9.984167],[9.358531,9.984981],[9.358484,9.98608],[9.358673,9.987344],[9.358579,9.988304],[9.358888,9.989124],[9.359101,9.990551],[9.359126,9.991487],[9.359363,9.992073],[9.359506,9.992893],[9.360004,9.993548],[9.360218,9.994507],[9.360456,9.995162],[9.360859,9.995754],[9.361192,9.996046],[9.360521,9.996178],[9.359261,9.996939],[9.35919,9.998167],[9.359403,9.998835],[9.359368,9.999536],[9.358798,10.000176],[9.358762,10.000772],[9.35894,10.001265],[9.358833,10.001755],[9.358513,10.002106],[9.35837,10.002352],[9.358405,10.002773],[9.358407,10.002774],[9.358833,10.002669],[9.35926,10.00295],[9.35919,10.003722],[9.359368,10.004213],[9.359795,10.004635],[9.359938,10.005512],[9.360187,10.006074],[9.36058,10.006565],[9.360936,10.006637],[9.360937,10.007584],[9.361044,10.008461],[9.361472,10.008778],[9.361899,10.009269],[9.362362,10.00941],[9.362612,10.009725],[9.361864,10.010604],[9.362149,10.01127],[9.362612,10.011692],[9.362256,10.012184],[9.362683,10.012605],[9.362826,10.013166],[9.362327,10.014185],[9.36222,10.014887],[9.361934,10.015694],[9.355166,10.014],[9.354767,10.014935],[9.354555,10.015668],[9.354315,10.016097],[9.354286,10.017176],[9.354324,10.017969],[9.354148,10.018723],[9.353452,10.020306],[9.352166,10.020949],[9.351022,10.021424],[9.349681,10.02168],[9.348699,10.02167],[9.347853,10.021881],[9.346432,10.021996],[9.346371,10.025378],[9.346442,10.027625],[9.348438,10.027625],[9.350008,10.026993],[9.351149,10.026502],[9.352361,10.026783],[9.353857,10.027344],[9.355284,10.027063],[9.357265,10.026613],[9.358393,10.026831],[9.359367,10.02728],[9.359403,10.028719],[9.35951,10.029772],[9.35944,10.030825],[9.359617,10.031808],[9.359219,10.033501],[9.360071,10.035562],[9.360284,10.038972],[9.360853,10.041957],[9.361949,10.04495],[9.36533,10.04807],[9.366396,10.052759],[9.366326,10.058517],[9.367322,10.062202],[9.368812,10.067896],[9.369604,10.076704],[9.367703,10.078833],[9.351663,10.081652],[9.348116,10.083638],[9.346048,10.086445],[9.342197,10.089042],[9.333991,10.090331],[9.328008,10.092903],[9.315461,10.090328],[9.304796,10.084978],[9.303306,10.084184],[9.302829,10.077604],[9.30408,10.075879],[9.304619,10.066955],[9.305222,10.065822],[9.301702,10.0582],[9.300832,10.058309],[9.290974,10.059552],[9.285727,10.053981]],[[9.292552,10.028896],[9.292323,10.029953],[9.292323,10.029955],[9.292499,10.029479],[9.292554,10.028896],[9.292552,10.028896]]]},"properties":{"Name":"Palama Primary Health Clinic","Site Location":[9.334929,10.026783],"Admin 0":["Nigeria"],"Admin 1":["Bauchi"],"Admin 2":["Toro"],"Admin 3":["Palama"],"Total population - WorldPop (2026)":7853,"Total population - WorldPop UN (2026)":7157,"Total population - Kontur (2023-10-31)":6243,"Total population - Meta (2023-04-21)":5671,"Total women - Meta (2023-04-21)":2821,"Total men - Meta (2023-04-21)":2850,"Children under 5 - Meta (2023-04-21)":823,"People 15 to 24 - Meta (2023-04-21)":823,"Women 15 to 49 - Meta (2023-04-21)":1587,"People 60 and older - Meta (2023-04-21)":0,"OpenStreetMap Buildings (2026-02-20)":2281,"Google Buildings 60+% Confidence (2023-05)":2737,"Google Buildings 70+% Confidence (2023-05)":2199,"Google Buildings 80+% Confidence (2023-05)":772,"Average Building Footprint (m²) (2023-05)":"31.94","Overture Buildings (2026-02-20)":3185,"nhfr_code":"05/18/1/1/1/0054","facility_level_text":"Primary Health Clinic","facility_level_code":"primary","ownership_text":"Local Government","lga_location_id":"nga-ba-5018","state":"Bauchi","lga":"Toro","organization_id":"org-bb5ca1e2-a18b-4596-bb4e-311dc855cf53","location_id":"bb5ca1e2-a18b-4596-bb4e-311dc855cf53","nhfr_uid":"38253203","country":"Nigeria","ownership_code":"public","grid3_globalid":"bb5ca1e2-a18b-4596-bb4e-311dc855cf53","status":"active"},"id":89},{"type":"Feature","geometry":{"type":"Polygon","coordinates":[[[8.900833,10.607499],[8.900833,10.595],[8.901665,10.594999],[8.901666,10.593334],[8.904165,10.593334],[8.904166,10.594999],[8.904998,10.594999],[8.904999,10.589386],[8.917499,10.594478],[8.931757,10.600283],[8.942619,10.590728],[8.95191,10.576572],[8.952126,10.576272],[8.950627,10.565834],[8.955832,10.565834],[8.955834,10.566667],[8.961665,10.566667],[8.961666,10.565],[8.962498,10.565],[8.962499,10.565834],[8.988332,10.565834],[8.988333,10.569999],[8.992498,10.57],[8.992498,10.571666],[8.989166,10.571667],[8.989166,10.573381],[8.989167,10.573382],[8.990384,10.573319],[8.992498,10.572842],[8.992499,10.579166],[8.993332,10.579167],[8.993333,10.579999],[8.994998,10.58],[8.994999,10.579963],[8.995034,10.579959],[8.995699,10.58038],[8.996385,10.580401],[8.998145,10.579917],[8.999748,10.579167],[8.999998,10.579167],[8.999998,10.581666],[8.998333,10.581667],[8.998332,10.582499],[8.996666,10.5825],[8.996666,10.586666],[8.997498,10.586667],[8.997499,10.5875],[8.998332,10.587499],[8.998333,10.586667],[9.000832,10.586667],[9.000833,10.594999],[9.004998,10.595],[9.004999,10.599166],[9.005833,10.599167],[9.005832,10.603333],[9.004999,10.603335],[9.004999,10.611666],[9.009165,10.611667],[9.009166,10.615833],[9.010832,10.615834],[9.010833,10.617499],[9.011665,10.6175],[9.011666,10.618333],[9.013332,10.618334],[9.013332,10.624166],[9.012499,10.624167],[9.012498,10.625833],[9.011666,10.625833],[9.011665,10.624167],[9.009166,10.624167],[9.009166,10.629999],[9.009998,10.63],[9.009999,10.632499],[9.011665,10.6325],[9.011665,10.634999],[9.010833,10.635],[9.010832,10.635833],[9.008333,10.635833],[9.008333,10.633334],[9.009165,10.633333],[9.009165,10.6325],[8.999572,10.6325],[8.999294,10.634336],[8.999239,10.635],[8.998828,10.635833],[8.998333,10.635834],[8.998332,10.636666],[8.988333,10.636667],[8.988332,10.640833],[8.984166,10.640834],[8.984165,10.644999],[8.979999,10.644999],[8.979999,10.644167],[8.980832,10.644166],[8.980832,10.642306],[8.980497,10.642219],[8.979826,10.642408],[8.97885,10.642435],[8.977975,10.642845],[8.97686,10.642867],[8.976248,10.643072],[8.975766,10.642993],[8.975411,10.643088],[8.975106,10.643108],[8.974999,10.643094],[8.974999,10.643333],[8.975832,10.643334],[8.975832,10.649166],[8.963333,10.649167],[8.963332,10.653334],[8.959166,10.653333],[8.959165,10.649167],[8.953333,10.649167],[8.953333,10.649999],[8.954165,10.65],[8.954165,10.653334],[8.951991,10.653333],[8.951314,10.652331],[8.951003,10.652161],[8.949148,10.651117],[8.948422,10.650316],[8.947709,10.6499],[8.946666,10.650014],[8.946665,10.653333],[8.944999,10.653334],[8.944998,10.654167],[8.944166,10.654166],[8.944165,10.653334],[8.938333,10.653334],[8.938332,10.656666],[8.934999,10.656667],[8.934998,10.657499],[8.934166,10.657499],[8.934165,10.649167],[8.929999,10.649166],[8.929998,10.636667],[8.925833,10.636666],[8.925832,10.6325],[8.917499,10.632499],[8.917498,10.628334],[8.913333,10.628333],[8.913332,10.624167],[8.909166,10.624166],[8.909165,10.621667],[8.908333,10.621666],[8.908333,10.62],[8.909166,10.619999],[8.909165,10.6075],[8.900833,10.607499]]]},"properties":{"Name":"Patira Health Post","Site Location":[8.97726,10.60093],"Admin 0":["Nigeria"],"Admin 1":["Bauchi"],"Admin 2":["Toro"],"Admin 3":["Tama #1"],"Total population - WorldPop (2026)":2423,"Total population - WorldPop UN (2026)":2164,"Total population - Kontur (2023-10-31)":2316,"Total population - Meta (2023-04-21)":2014,"Total women - Meta (2023-04-21)":1007,"Total men - Meta (2023-04-21)":1007,"Children under 5 - Meta (2023-04-21)":288,"People 15 to 24 - Meta (2023-04-21)":288,"Women 15 to 49 - Meta (2023-04-21)":576,"People 60 and older - Meta (2023-04-21)":0,"OpenStreetMap Buildings (2026-02-20)":0,"Google Buildings 60+% Confidence (2023-05)":1512,"Google Buildings 70+% Confidence (2023-05)":1182,"Google Buildings 80+% Confidence (2023-05)":389,"Average Building Footprint (m²) (2023-05)":"23.15","Overture Buildings (2026-02-20)":1247,"organization_id":"org-10100545-212e-46f9-bc67-97ba6575989e","facility_level_text":"Health Post","facility_level_code":"primary","ownership_code":"public","ownership_text":"Local Government","grid3_globalid":"10100545-212e-46f9-bc67-97ba6575989e","country":"Nigeria","lga_location_id":"nga-ba-5018","nhfr_code":"05/18/1/1/1/0055","nhfr_uid":"19067747","status":"active","state":"Bauchi","lga":"Toro","location_id":"10100545-212e-46f9-bc67-97ba6575989e"},"id":90},{"type":"Feature","geometry":{"type":"Polygon","coordinates":[[[8.975915,10.18466],[8.976066,10.184269],[8.978166,10.180499],[8.976689,10.17078],[8.976821,10.167927],[8.98737,10.166198],[8.9978,10.164869],[9.006475,10.16242],[9.013772,10.162903],[9.022303,10.16415],[9.031231,10.164955],[9.043435,10.166132],[9.051665,10.166177],[9.051665,10.166666],[9.050833,10.166667],[9.050833,10.169999],[9.054998,10.17],[9.054999,10.174166],[9.061665,10.174167],[9.061666,10.175833],[9.062498,10.175834],[9.062499,10.177499],[9.063332,10.1775],[9.063333,10.178333],[9.066665,10.178334],[9.066665,10.179999],[9.065833,10.18],[9.065833,10.186666],[9.067498,10.186667],[9.067499,10.188333],[9.065833,10.188334],[9.065833,10.190833],[9.069998,10.190833],[9.069999,10.19],[9.070832,10.189999],[9.070833,10.189167],[9.071665,10.189166],[9.071666,10.18836],[9.071978,10.188874],[9.072008,10.188878],[9.072019,10.188952],[9.072517,10.189695],[9.072705,10.190112],[9.072792,10.190367],[9.073178,10.190916],[9.073612,10.191601],[9.073799,10.191928],[9.074577,10.19222],[9.075033,10.192605],[9.075929,10.194166],[9.074999,10.194168],[9.074999,10.194999],[9.075832,10.195],[9.075832,10.195528],[9.074176,10.195529],[9.074234,10.195814],[9.074314,10.196],[9.074764,10.197551],[9.077498,10.197552],[9.077499,10.199166],[9.079998,10.199167],[9.079999,10.203333],[9.083332,10.203334],[9.083333,10.204999],[9.084165,10.205],[9.084165,10.207499],[9.082056,10.2075],[9.082055,10.207501],[9.082495,10.208496],[9.082595,10.209166],[9.083332,10.209167],[9.083333,10.209999],[9.084165,10.21],[9.084166,10.215833],[9.088332,10.215834],[9.088332,10.219999],[9.084166,10.219999],[9.084165,10.217921],[9.083179,10.217656],[9.082499,10.217506],[9.082498,10.2175],[9.082472,10.217499],[9.081386,10.217259],[9.079999,10.215958],[9.079998,10.215834],[9.07382,10.215833],[9.07382,10.21519],[9.073798,10.215],[9.072499,10.214999],[9.072498,10.213767],[9.067967,10.212118],[9.066124,10.212608],[9.065382,10.211667],[9.063333,10.211666],[9.063332,10.210117],[9.062286,10.209685],[9.060833,10.209398],[9.060832,10.209999],[9.059166,10.21],[9.059165,10.211666],[9.055833,10.211666],[9.055832,10.210834],[9.053334,10.210834],[9.053332,10.211666],[9.051666,10.211666],[9.051666,10.21],[9.052498,10.209999],[9.052498,10.208334],[9.050833,10.208333],[9.050832,10.207034],[9.048876,10.206789],[9.047967,10.2071],[9.047382,10.207041],[9.047018,10.208333],[9.049165,10.208334],[9.049165,10.209166],[9.044166,10.209167],[9.044165,10.209999],[9.043333,10.21],[9.043332,10.210833],[9.042499,10.210834],[9.042498,10.211666],[9.032499,10.211666],[9.032498,10.21],[9.031666,10.21],[9.031665,10.210833],[9.030833,10.210834],[9.030832,10.214166],[9.029517,10.214166],[9.0298,10.213032],[9.029764,10.212751],[9.029967,10.211532],[9.029742,10.209757],[9.029961,10.207657],[9.029194,10.207752],[9.028333,10.208408],[9.028332,10.208334],[9.026666,10.208333],[9.026665,10.2075],[9.025833,10.207499],[9.025832,10.205],[9.024999,10.204999],[9.024998,10.203334],[9.024166,10.203334],[9.024165,10.204166],[9.023333,10.204166],[9.023332,10.203334],[9.022499,10.203333],[9.022498,10.2025],[9.018333,10.2025],[9.018332,10.203333],[9.013333,10.203334],[9.013332,10.204999],[9.010833,10.205],[9.010832,10.203334],[9.004999,10.203333],[9.004998,10.201667],[9.002499,10.201666],[9.002498,10.200834],[8.999999,10.200833],[8.999998,10.199167],[8.996666,10.199166],[8.996665,10.195],[8.987557,10.194999],[8.984772,10.192717],[8.975915,10.18466]],[[9.042499,10.210833],[9.042498,10.21],[9.040833,10.21],[9.040833,10.210833],[9.042499,10.210833]]]},"properties":{"Name":"Pingel Health Post","Site Location":[9.05090735881,10.2017220604],"Admin 0":["Nigeria"],"Admin 1":["Bauchi"],"Admin 2":["Toro"],"Admin 3":["Wonu South"],"Total population - WorldPop (2026)":4951,"Total population - WorldPop UN (2026)":3475,"Total population - Kontur (2023-10-31)":4771,"Total population - Meta (2023-04-21)":4461,"Total women - Meta (2023-04-21)":2231,"Total men - Meta (2023-04-21)":2231,"Children under 5 - Meta (2023-04-21)":637,"People 15 to 24 - Meta (2023-04-21)":637,"Women 15 to 49 - Meta (2023-04-21)":1275,"People 60 and older - Meta (2023-04-21)":0,"OpenStreetMap Buildings (2026-02-20)":1448,"Google Buildings 60+% Confidence (2023-05)":1862,"Google Buildings 70+% Confidence (2023-05)":1481,"Google Buildings 80+% Confidence (2023-05)":663,"Average Building Footprint (m²) (2023-05)":"26.51","Overture Buildings (2026-02-20)":1820,"facility_level_code":"primary","facility_level_text":"Health Post","nhfr_uid":"","nhfr_code":"","lga":"Toro","lga_location_id":"nga-ba-5018","status":"active","state":"Bauchi","ownership_code":"public","grid3_globalid":"4459b727-1da3-4688-84d9-951489232ca8","organization_id":"org-4459b727-1da3-4688-84d9-951489232ca8","ownership_text":"Unknown","location_id":"4459b727-1da3-4688-84d9-951489232ca8","country":"Nigeria"},"id":91},{"type":"Feature","geometry":{"type":"Polygon","coordinates":[[[9.035833,10.317535],[9.035833,10.316667],[9.036665,10.316666],[9.036666,10.314167],[9.036938,10.314167],[9.036963,10.314396],[9.037215,10.314391],[9.038882,10.314396],[9.039436,10.313674],[9.039998,10.31366],[9.039998,10.313334],[9.038333,10.313333],[9.038333,10.311667],[9.042498,10.311666],[9.042499,10.31],[9.044165,10.309999],[9.044166,10.3075],[9.046665,10.307499],[9.046666,10.303334],[9.050832,10.303334],[9.050833,10.307499],[9.056665,10.307499],[9.056666,10.305],[9.058332,10.304999],[9.058333,10.304241],[9.058785,10.303565],[9.059161,10.3025],[9.060832,10.302499],[9.060833,10.301041],[9.061461,10.302267],[9.061665,10.302699],[9.061666,10.304166],[9.062498,10.304167],[9.062498,10.306666],[9.059999,10.306667],[9.059999,10.307499],[9.063332,10.307499],[9.063333,10.303334],[9.068332,10.303333],[9.068333,10.302039],[9.070803,10.303824],[9.071634,10.304356],[9.072862,10.304934],[9.073129,10.305096],[9.073702,10.305452],[9.07422,10.306666],[9.074998,10.306666],[9.074999,10.305834],[9.075832,10.305834],[9.075833,10.307499],[9.079165,10.307499],[9.079166,10.305],[9.079998,10.304999],[9.079999,10.304167],[9.080832,10.304167],[9.080833,10.304118],[9.081957,10.304627],[9.082432,10.304289],[9.084165,10.304183],[9.084165,10.304167],[9.081666,10.304166],[9.081666,10.303334],[9.087865,10.303334],[9.088332,10.303277],[9.088333,10.301667],[9.089998,10.301666],[9.089999,10.300834],[9.092498,10.300833],[9.092499,10.299167],[9.095832,10.299167],[9.095833,10.300833],[9.098332,10.300834],[9.098333,10.301666],[9.100832,10.301667],[9.100833,10.303333],[9.107959,10.303333],[9.108074,10.30318],[9.109998,10.301252],[9.109999,10.300834],[9.112498,10.300833],[9.112499,10.3],[9.115832,10.3],[9.115833,10.301666],[9.117498,10.301667],[9.117499,10.303333],[9.134165,10.303334],[9.134165,10.307129],[9.125585,10.31683],[9.121666,10.318184],[9.121453,10.318259],[9.126896,10.341715],[9.126814,10.34191],[9.127257,10.35865],[9.125887,10.371002],[9.13535,10.379933],[9.138452,10.383131],[9.138742,10.390211],[9.134905,10.399636],[9.128704,10.413409],[9.101768,10.427257],[9.101566,10.427327],[9.091003,10.394888],[9.07452,10.381371],[9.074302,10.379867],[9.063333,10.361677],[9.063332,10.361667],[9.063326,10.361666],[9.060983,10.35778],[9.060406,10.354842],[9.056449,10.350449],[9.049819,10.346293],[9.046607,10.334146],[9.036355,10.318755],[9.035833,10.317535]],[[9.092499,10.300835],[9.092499,10.303333],[9.093332,10.303333],[9.093332,10.300834],[9.092499,10.300835]]]},"properties":{"Name":"Pingel Primary Health Clinic","Site Location":[9.08308099973,10.3396409995],"Admin 0":["Nigeria"],"Admin 1":["Bauchi"],"Admin 2":["Toro"],"Admin 3":["Wonu North"],"Total population - WorldPop (2026)":4453,"Total population - WorldPop UN (2026)":5064,"Total population - Kontur (2023-10-31)":6329,"Total population - Meta (2023-04-21)":6045,"Total women - Meta (2023-04-21)":3022,"Total men - Meta (2023-04-21)":3022,"Children under 5 - Meta (2023-04-21)":864,"People 15 to 24 - Meta (2023-04-21)":864,"Women 15 to 49 - Meta (2023-04-21)":1727,"People 60 and older - Meta (2023-04-21)":0,"OpenStreetMap Buildings (2026-02-20)":421,"Google Buildings 60+% Confidence (2023-05)":2275,"Google Buildings 70+% Confidence (2023-05)":1928,"Google Buildings 80+% Confidence (2023-05)":845,"Average Building Footprint (m²) (2023-05)":"32.20","Overture Buildings (2026-02-20)":2131,"status":"active","organization_id":"org-8c0511e9-9d93-46cf-a82a-2979bbbbe58b","facility_level_text":"Primary Health Clinic","nhfr_code":"05/18/1/1/1/0057","nhfr_uid":"33690101","facility_level_code":"primary","ownership_code":"public","location_id":"8c0511e9-9d93-46cf-a82a-2979bbbbe58b","grid3_globalid":"8c0511e9-9d93-46cf-a82a-2979bbbbe58b","country":"Nigeria","state":"Bauchi","ownership_text":"Local Government","lga":"Toro","lga_location_id":"nga-ba-5018"},"id":92},{"type":"Feature","geometry":{"type":"Polygon","coordinates":[[[9.290333,10.137237],[9.290827,10.136554],[9.29139,10.134969],[9.291829,10.134391],[9.292148,10.133581],[9.292897,10.132739],[9.29335,10.131367],[9.293951,10.13038],[9.295554,10.129546],[9.296629,10.128335],[9.296628,10.128334],[9.292499,10.128333],[9.292499,10.124167],[9.298798,10.124166],[9.298808,10.12379],[9.298905,10.123669],[9.298917,10.123665],[9.298929,10.123669],[9.298972,10.123648],[9.299526,10.122829],[9.299684,10.122672],[9.299738,10.12263],[9.299787,10.122625],[9.299911,10.122645],[9.300061,10.122635],[9.300226,10.12264],[9.299915,10.123875],[9.299916,10.123876],[9.300179,10.123696],[9.300708,10.123177],[9.301596,10.122494],[9.304165,10.121068],[9.304166,10.124166],[9.304998,10.124166],[9.304999,10.12],[9.306665,10.12],[9.306666,10.122499],[9.309165,10.1225],[9.309166,10.124166],[9.313332,10.124167],[9.313333,10.128333],[9.314998,10.128334],[9.314999,10.129166],[9.317498,10.129167],[9.317499,10.129999],[9.318332,10.13],[9.318332,10.132499],[9.317499,10.1325],[9.317498,10.134166],[9.314166,10.134167],[9.314165,10.134999],[9.313333,10.135],[9.313332,10.136666],[9.306666,10.136667],[9.306666,10.137499],[9.307498,10.1375],[9.307498,10.139166],[9.305833,10.139167],[9.305832,10.139999],[9.304999,10.14],[9.304998,10.141666],[9.304166,10.141667],[9.304165,10.143333],[9.302499,10.143334],[9.302498,10.143535],[9.301666,10.143215],[9.301665,10.141667],[9.300833,10.141666],[9.300832,10.140834],[9.299999,10.140833],[9.299999,10.139167],[9.300832,10.139166],[9.300832,10.138334],[9.297499,10.138333],[9.297498,10.136667],[9.295833,10.136667],[9.295832,10.138334],[9.293333,10.138333],[9.293332,10.1375],[9.292499,10.1375],[9.292498,10.138333],[9.291812,10.138333],[9.290333,10.137237]]]},"properties":{"Name":"Polchi Health Post","Site Location":[9.299059,10.124553],"Admin 0":["Nigeria"],"Admin 1":["Bauchi"],"Admin 2":["Toro"],"Admin 3":["Tulai"],"Total population - WorldPop (2026)":1253,"Total population - WorldPop UN (2026)":941,"Total population - Kontur (2023-10-31)":882,"Total population - Meta (2023-04-21)":923,"Total women - Meta (2023-04-21)":462,"Total men - Meta (2023-04-21)":462,"Children under 5 - Meta (2023-04-21)":132,"People 15 to 24 - Meta (2023-04-21)":132,"Women 15 to 49 - Meta (2023-04-21)":264,"People 60 and older - Meta (2023-04-21)":0,"OpenStreetMap Buildings (2026-02-20)":507,"Google Buildings 60+% Confidence (2023-05)":768,"Google Buildings 70+% Confidence (2023-05)":598,"Google Buildings 80+% Confidence (2023-05)":248,"Average Building Footprint (m²) (2023-05)":"41.98","Overture Buildings (2026-02-20)":713,"lga_location_id":"nga-ba-5018","ownership_code":"public","facility_level_text":"Health Post","grid3_globalid":"1dda576c-0dc1-465a-aeab-f6fc95b6de7c","nhfr_uid":"","nhfr_code":"","facility_level_code":"primary","ownership_text":"Unknown","state":"Bauchi","organization_id":"org-1dda576c-0dc1-465a-aeab-f6fc95b6de7c","location_id":"1dda576c-0dc1-465a-aeab-f6fc95b6de7c","status":"active","country":"Nigeria","lga":"Toro"},"id":93},{"type":"Feature","geometry":{"type":"Polygon","coordinates":[[[9.288333,10.119999],[9.288333,10.1125],[9.290832,10.112499],[9.290833,10.111667],[9.293332,10.111667],[9.293333,10.114166],[9.295832,10.114166],[9.295833,10.113334],[9.297706,10.113333],[9.297707,10.113332],[9.296671,10.110834],[9.296666,10.110833],[9.296666,10.108334],[9.297498,10.108333],[9.297499,10.1075],[9.298332,10.107499],[9.298333,10.106667],[9.299998,10.106666],[9.299999,10.105834],[9.300832,10.105834],[9.300833,10.111666],[9.304998,10.111667],[9.304998,10.115833],[9.304166,10.115834],[9.304165,10.116666],[9.303333,10.116667],[9.303333,10.118333],[9.304998,10.118334],[9.304998,10.124166],[9.304166,10.124166],[9.304165,10.121068],[9.301596,10.122494],[9.300708,10.123177],[9.300179,10.123696],[9.299915,10.123877],[9.300226,10.122641],[9.300225,10.122639],[9.300061,10.122635],[9.299911,10.122645],[9.299787,10.122625],[9.299738,10.12263],[9.299684,10.122672],[9.299526,10.122829],[9.298972,10.123648],[9.298928,10.123669],[9.298917,10.123665],[9.298904,10.123669],[9.298808,10.123789],[9.298798,10.124166],[9.292499,10.124166],[9.292498,10.121667],[9.291666,10.121666],[9.291665,10.12],[9.288333,10.119999]]]},"properties":{"Name":"Polchi Primary Health Clinic","Site Location":[9.301233,10.122455],"Admin 0":["Nigeria"],"Admin 1":["Bauchi"],"Admin 2":["Toro"],"Admin 3":["Tulai"],"Total population - WorldPop (2026)":299,"Total population - WorldPop UN (2026)":289,"Total population - Kontur (2023-10-31)":458,"Total population - Meta (2023-04-21)":382,"Total women - Meta (2023-04-21)":191,"Total men - Meta (2023-04-21)":191,"Children under 5 - Meta (2023-04-21)":55,"People 15 to 24 - Meta (2023-04-21)":55,"Women 15 to 49 - Meta (2023-04-21)":109,"People 60 and older - Meta (2023-04-21)":0,"OpenStreetMap Buildings (2026-02-20)":133,"Google Buildings 60+% Confidence (2023-05)":199,"Google Buildings 70+% Confidence (2023-05)":168,"Google Buildings 80+% Confidence (2023-05)":69,"Average Building Footprint (m²) (2023-05)":"48.16","Overture Buildings (2026-02-20)":171,"grid3_globalid":"a15efb54-319b-4cae-9585-6f125ca23321","country":"Nigeria","state":"Bauchi","lga":"Toro","facility_level_code":"primary","lga_location_id":"nga-ba-5018","organization_id":"org-a15efb54-319b-4cae-9585-6f125ca23321","nhfr_uid":"76990641","status":"active","facility_level_text":"Primary Health Clinic","location_id":"a15efb54-319b-4cae-9585-6f125ca23321","nhfr_code":"05/18/1/1/1/0058","ownership_code":"public","ownership_text":"Local Government"},"id":94},{"type":"Feature","geometry":{"type":"Polygon","coordinates":[[[8.74922,10.440698],[8.753616,10.439646],[8.75522,10.439119],[8.756974,10.435713],[8.757559,10.435002],[8.761548,10.432288],[8.764975,10.431725],[8.765025,10.430413],[8.767283,10.427725],[8.770195,10.428133],[8.775127,10.426672],[8.77654,10.425891],[8.778038,10.424219],[8.782256,10.424159],[8.788332,10.416619],[8.788333,10.424166],[8.796665,10.424167],[8.796666,10.436666],[8.799165,10.436667],[8.799166,10.437499],[8.800832,10.4375],[8.800833,10.439166],[8.804998,10.439167],[8.804999,10.444999],[8.809165,10.445],[8.809165,10.447499],[8.808422,10.4475],[8.808385,10.44761],[8.810396,10.448817],[8.811104,10.449545],[8.811138,10.449576],[8.811431,10.449737],[8.812142,10.450086],[8.812623,10.450163],[8.812699,10.450206],[8.812711,10.450259],[8.812662,10.450492],[8.812071,10.451065],[8.811727,10.451056],[8.811727,10.452499],[8.813332,10.4525],[8.813333,10.453333],[8.817498,10.453334],[8.817499,10.454999],[8.819165,10.455],[8.819166,10.455833],[8.819998,10.455834],[8.819999,10.456666],[8.820832,10.456667],[8.820832,10.459166],[8.819999,10.459167],[8.819998,10.460833],[8.817499,10.460834],[8.817498,10.461666],[8.813333,10.461667],[8.813332,10.464166],[8.810833,10.464167],[8.810832,10.465],[8.809166,10.464999],[8.809165,10.464167],[8.80847,10.464167],[8.80849,10.464282],[8.808559,10.464452],[8.808597,10.464529],[8.80867,10.464659],[8.808856,10.464913],[8.809198,10.465268],[8.809299,10.465379],[8.809339,10.465406],[8.809788,10.465985],[8.810004,10.466235],[8.809981,10.466371],[8.809956,10.46659],[8.809917,10.466897],[8.809913,10.466904],[8.809912,10.466908],[8.809806,10.467169],[8.809721,10.467187],[8.809716,10.46719],[8.809633,10.467981],[8.809443,10.468291],[8.809321,10.468247],[8.807935,10.467639],[8.807235,10.467237],[8.806949,10.467455],[8.806239,10.467457],[8.80619,10.467467],[8.805601,10.467806],[8.805542,10.467818],[8.805459,10.467842],[8.805218,10.468249],[8.805138,10.468258],[8.804903,10.468199],[8.804623,10.468206],[8.804353,10.468228],[8.804271,10.468243],[8.803369,10.468742],[8.803192,10.468831],[8.802891,10.468915],[8.802411,10.469165],[8.802412,10.469167],[8.804998,10.469167],[8.804998,10.469999],[8.800833,10.47],[8.800832,10.474166],[8.796666,10.474167],[8.796665,10.475833],[8.795833,10.475834],[8.795832,10.478333],[8.788333,10.478334],[8.788332,10.481666],[8.785833,10.481667],[8.785832,10.482499],[8.779999,10.4825],[8.779998,10.484999],[8.779166,10.485],[8.779165,10.486666],[8.776475,10.486666],[8.776748,10.479468],[8.771644,10.472662],[8.763944,10.46543],[8.761754,10.462704],[8.758336,10.457863],[8.752846,10.454557],[8.749398,10.445197],[8.74922,10.440698]]]},"properties":{"Name":"Rahama Model Primary Health Center","Site Location":[8.75960499994,10.4529480005],"Admin 0":["Nigeria"],"Admin 1":["Bauchi"],"Admin 2":["Toro"],"Admin 3":["Rahama #1"],"Total population - WorldPop (2026)":5121,"Total population - WorldPop UN (2026)":4680,"Total population - Kontur (2023-10-31)":7340,"Total population - Meta (2023-04-21)":6650,"Total women - Meta (2023-04-21)":3325,"Total men - Meta (2023-04-21)":3325,"Children under 5 - Meta (2023-04-21)":950,"People 15 to 24 - Meta (2023-04-21)":950,"Women 15 to 49 - Meta (2023-04-21)":1900,"People 60 and older - Meta (2023-04-21)":0,"OpenStreetMap Buildings (2026-02-20)":2129,"Google Buildings 60+% Confidence (2023-05)":3231,"Google Buildings 70+% Confidence (2023-05)":2881,"Google Buildings 80+% Confidence (2023-05)":1651,"Average Building Footprint (m²) (2023-05)":"47.36","Overture Buildings (2026-02-20)":2763,"ownership_text":"Local Government","nhfr_code":"05/18/1/1/1/0102","nhfr_uid":"39955021","state":"Bauchi","grid3_globalid":"f3d81b10-5e9c-472f-b31d-58d4972b52b1","location_id":"f3d81b10-5e9c-472f-b31d-58d4972b52b1","ownership_code":"public","lga":"Toro","facility_level_text":"Primary Health Center","organization_id":"org-f3d81b10-5e9c-472f-b31d-58d4972b52b1","status":"active","country":"Nigeria","facility_level_code":"primary","lga_location_id":"nga-ba-5018"},"id":95},{"type":"Feature","geometry":{"type":"Polygon","coordinates":[[[9.371666,10.336666],[9.371666,10.325],[9.373332,10.324999],[9.373333,10.324167],[9.374998,10.324166],[9.374999,10.323334],[9.375832,10.323334],[9.375833,10.324166],[9.378332,10.324166],[9.378332,10.3225],[9.377499,10.322499],[9.377498,10.321667],[9.376666,10.321666],[9.376665,10.320834],[9.374166,10.320834],[9.374165,10.321666],[9.373333,10.321666],[9.373333,10.32],[9.375833,10.319999],[9.375832,10.314167],[9.374999,10.314166],[9.374998,10.313334],[9.374166,10.313333],[9.374166,10.311667],[9.379165,10.311666],[9.379166,10.310286],[9.380011,10.308094],[9.380007,10.306659],[9.380199,10.306157],[9.38028,10.305022],[9.380666,10.303756],[9.380763,10.302748],[9.381108,10.3025],[9.381665,10.3025],[9.381666,10.303333],[9.384998,10.303334],[9.384999,10.304166],[9.389165,10.304166],[9.389166,10.303334],[9.389998,10.303333],[9.389999,10.301667],[9.392498,10.301666],[9.392499,10.298334],[9.393332,10.298333],[9.393333,10.2975],[9.394165,10.297499],[9.394165,10.296667],[9.393333,10.296666],[9.393333,10.295],[9.400832,10.294999],[9.400833,10.290834],[9.404998,10.290833],[9.404999,10.2825],[9.406219,10.282499],[9.405853,10.280834],[9.406665,10.280834],[9.406666,10.282499],[9.409165,10.282499],[9.409166,10.274167],[9.413332,10.274166],[9.413333,10.27],[9.414166,10.269999],[9.414166,10.264167],[9.415832,10.264166],[9.415833,10.261667],[9.421665,10.261666],[9.421665,10.259257],[9.42121,10.258578],[9.420887,10.2577],[9.420787,10.2575],[9.420833,10.257499],[9.420833,10.255834],[9.423332,10.255834],[9.423333,10.256666],[9.425832,10.256666],[9.425833,10.245],[9.429998,10.245],[9.429999,10.246666],[9.430832,10.246666],[9.430833,10.244167],[9.431665,10.244166],[9.431666,10.243334],[9.434165,10.243334],[9.434166,10.244166],[9.435832,10.244167],[9.435832,10.246666],[9.434999,10.246667],[9.434999,10.247499],[9.435832,10.2475],[9.435833,10.249166],[9.454998,10.249167],[9.454998,10.249999],[9.454166,10.25],[9.454165,10.250833],[9.454102,10.250834],[9.453606,10.252555],[9.452357,10.253991],[9.452425,10.254466],[9.452249,10.254604],[9.452173,10.25472],[9.451831,10.254999],[9.456665,10.255],[9.456666,10.253334],[9.457498,10.253333],[9.457499,10.251667],[9.458332,10.251666],[9.458333,10.249167],[9.459998,10.249167],[9.459999,10.250833],[9.462498,10.250833],[9.462499,10.249167],[9.464998,10.249166],[9.464999,10.248334],[9.465832,10.248334],[9.465833,10.249166],[9.466665,10.249167],[9.466666,10.250833],[9.467498,10.250833],[9.467499,10.249167],[9.469998,10.249166],[9.469999,10.245834],[9.471665,10.245833],[9.471666,10.244167],[9.474165,10.244167],[9.474165,10.245833],[9.473333,10.245834],[9.473333,10.248333],[9.474165,10.248334],[9.474166,10.249166],[9.479998,10.249167],[9.479999,10.253333],[9.484165,10.253333],[9.484166,10.249167],[9.488332,10.249167],[9.488333,10.261666],[9.489998,10.261667],[9.489999,10.263333],[9.490832,10.263334],[9.490834,10.264167],[9.492498,10.264166],[9.492499,10.261667],[9.494998,10.261667],[9.494999,10.264166],[9.496665,10.264167],[9.496666,10.264999],[9.497498,10.265],[9.497499,10.267499],[9.499998,10.267499],[9.499999,10.265834],[9.500832,10.265834],[9.500832,10.282499],[9.496666,10.2825],[9.496665,10.290833],[9.493333,10.290834],[9.493332,10.292499],[9.492499,10.2925],[9.492498,10.293897],[9.490581,10.293349],[9.489166,10.292512],[9.489165,10.294166],[9.488333,10.294167],[9.488332,10.294999],[9.487499,10.295],[9.487499,10.295833],[9.488332,10.295834],[9.488333,10.303333],[9.489998,10.303334],[9.489999,10.308333],[9.490832,10.308334],[9.490832,10.309999],[9.489999,10.31],[9.489998,10.310834],[9.489166,10.310833],[9.489165,10.31],[9.488333,10.31],[9.488332,10.310833],[9.487499,10.310834],[9.487498,10.311666],[9.484999,10.311667],[9.484998,10.312499],[9.484166,10.3125],[9.484165,10.315833],[9.481666,10.315834],[9.481665,10.317499],[9.479999,10.3175],[9.479998,10.319999],[9.475833,10.32],[9.475832,10.324166],[9.471666,10.324167],[9.471665,10.328333],[9.463333,10.328333],[9.463332,10.324167],[9.458333,10.324167],[9.458332,10.324999],[9.456666,10.325],[9.456665,10.324167],[9.454999,10.324167],[9.454998,10.328333],[9.450833,10.328334],[9.450832,10.329167],[9.449999,10.329166],[9.449998,10.328334],[9.447499,10.328334],[9.447498,10.329166],[9.445833,10.329167],[9.445832,10.329999],[9.442499,10.33],[9.442498,10.332499],[9.439166,10.3325],[9.439165,10.334166],[9.438333,10.334167],[9.438332,10.336666],[9.421667,10.336667],[9.421665,10.3375],[9.419166,10.337499],[9.419165,10.336667],[9.418333,10.336667],[9.418332,10.34],[9.415833,10.339999],[9.415832,10.339167],[9.414999,10.339166],[9.414998,10.338334],[9.414166,10.338333],[9.414165,10.336667],[9.410833,10.336667],[9.410832,10.338333],[9.408851,10.338333],[9.409317,10.33605],[9.409934,10.334271],[9.409998,10.334133],[9.409999,10.333334],[9.410381,10.333333],[9.410369,10.33206],[9.410098,10.330834],[9.407499,10.330834],[9.407498,10.334166],[9.404999,10.334167],[9.404998,10.334999],[9.404166,10.335],[9.404165,10.336666],[9.399166,10.336666],[9.399165,10.335834],[9.398333,10.335833],[9.398332,10.335],[9.394999,10.335],[9.394998,10.335833],[9.394166,10.335833],[9.394165,10.334167],[9.393238,10.334167],[9.393237,10.334168],[9.393991,10.336962],[9.394592,10.337807],[9.394747,10.338308],[9.393333,10.337855],[9.393332,10.3375],[9.392285,10.337499],[9.391217,10.337036],[9.389167,10.336588],[9.389166,10.336589],[9.389165,10.336667],[9.388333,10.336667],[9.388332,10.338097],[9.388277,10.338047],[9.387435,10.336667],[9.384999,10.336667],[9.384999,10.337499],[9.385832,10.3375],[9.385832,10.337819],[9.385387,10.338809],[9.384899,10.339374],[9.384271,10.338641],[9.383863,10.338435],[9.383638,10.339184],[9.384031,10.339999],[9.382499,10.339999],[9.382498,10.338334],[9.380833,10.338333],[9.380832,10.3375],[9.377499,10.337499],[9.377499,10.335],[9.379165,10.334999],[9.379166,10.333334],[9.379998,10.333333],[9.379998,10.3325],[9.375833,10.3325],[9.375832,10.336666],[9.371666,10.336666]]]},"properties":{"Name":"Rahama Primary Health Care","Site Location":[9.45578,10.27178],"Admin 0":["Nigeria"],"Admin 1":["Bauchi"],"Admin 2":["Toro"],"Admin 3":["Zaranda"],"Total population - WorldPop (2026)":6425,"Total population - WorldPop UN (2026)":3666,"Total population - Kontur (2023-10-31)":1516,"Total population - Meta (2023-04-21)":1253,"Total women - Meta (2023-04-21)":626,"Total men - Meta (2023-04-21)":626,"Children under 5 - Meta (2023-04-21)":179,"People 15 to 24 - Meta (2023-04-21)":179,"Women 15 to 49 - Meta (2023-04-21)":358,"People 60 and older - Meta (2023-04-21)":0,"OpenStreetMap Buildings (2026-02-20)":1949,"Google Buildings 60+% Confidence (2023-05)":2176,"Google Buildings 70+% Confidence (2023-05)":1606,"Google Buildings 80+% Confidence (2023-05)":205,"Average Building Footprint (m²) (2023-05)":"17.17","Overture Buildings (2026-02-20)":2640,"facility_level_text":"Primary Health Center","ownership_text":"Unknown","nhfr_code":"","status":"active","state":"Bauchi","ownership_code":"public","lga":"Toro","location_id":"d40f6ca9-ed0c-4945-af02-62c4a2de4282","nhfr_uid":"","facility_level_code":"primary","grid3_globalid":"d40f6ca9-ed0c-4945-af02-62c4a2de4282","country":"Nigeria","organization_id":"org-d40f6ca9-ed0c-4945-af02-62c4a2de4282","lga_location_id":"nga-ba-5018"},"id":96},{"type":"Feature","geometry":{"type":"Polygon","coordinates":[[[9.004999,10.253333],[9.004999,10.246667],[9.006665,10.246666],[9.006666,10.245834],[9.008332,10.245834],[9.008333,10.246666],[9.009998,10.246667],[9.009998,10.247499],[9.009166,10.2475],[9.009166,10.247856],[9.009442,10.247862],[9.009497,10.247832],[9.009723,10.247958],[9.0113,10.248],[9.01361,10.248674],[9.013784,10.248808],[9.013786,10.248808],[9.012046,10.246352],[9.010599,10.244303],[9.008105,10.239697],[9.008421,10.240045],[9.010775,10.240651],[9.013911,10.242566],[9.014695,10.243488],[9.015338,10.244393],[9.016031,10.24594],[9.016111,10.246086],[9.016267,10.246322],[9.016262,10.247033],[9.016597,10.248913],[9.016635,10.249624],[9.016618,10.250101],[9.016567,10.251221],[9.015924,10.251136],[9.01581,10.252059],[9.015515,10.252039],[9.015236,10.252703],[9.014748,10.252376],[9.014367,10.252324],[9.014153,10.252349],[9.013621,10.25234],[9.013177,10.252391],[9.013332,10.252894],[9.013332,10.253333],[9.004999,10.253333]]]},"properties":{"Name":"Ramadan Clinic","Site Location":[9.015964,10.249656],"Admin 0":["Nigeria"],"Admin 1":["Bauchi"],"Admin 2":["Toro"],"Admin 3":["Wonu North"],"Total population - WorldPop (2026)":2430,"Total population - WorldPop UN (2026)":2410,"Total population - Kontur (2023-10-31)":2915,"Total population - Meta (2023-04-21)":3285,"Total women - Meta (2023-04-21)":1642,"Total men - Meta (2023-04-21)":1642,"Children under 5 - Meta (2023-04-21)":469,"People 15 to 24 - Meta (2023-04-21)":469,"Women 15 to 49 - Meta (2023-04-21)":938,"People 60 and older - Meta (2023-04-21)":0,"OpenStreetMap Buildings (2026-02-20)":1149,"Google Buildings 60+% Confidence (2023-05)":1272,"Google Buildings 70+% Confidence (2023-05)":1119,"Google Buildings 80+% Confidence (2023-05)":596,"Average Building Footprint (m²) (2023-05)":"70.05","Overture Buildings (2026-02-20)":1261,"location_id":"4158a62c-19e7-4bf2-861a-6775a0fd9784","facility_level_code":"primary","nhfr_uid":"","ownership_text":"Unknown","country":"Nigeria","ownership_code":"private","state":"Bauchi","status":"active","lga":"Toro","facility_level_text":"Primary Health Center","grid3_globalid":"4158a62c-19e7-4bf2-861a-6775a0fd9784","organization_id":"org-4158a62c-19e7-4bf2-861a-6775a0fd9784","lga_location_id":"nga-ba-5018","nhfr_code":""},"id":97},{"type":"Feature","geometry":{"type":"Polygon","coordinates":[[[9.388333,10.611666],[9.388333,10.604006],[9.434165,10.58372],[9.463979,10.570518],[9.480904,10.563021],[9.49049,10.553333],[9.507618,10.536017],[9.511564,10.524496],[9.514015,10.509714],[9.51392,10.507872],[9.512791,10.505841],[9.509675,10.501812],[9.506487,10.499922],[9.504417,10.498208],[9.503667,10.494711],[9.505345,10.490785],[9.508164,10.489071],[9.513035,10.486252],[9.525062,10.474167],[9.525832,10.474167],[9.525833,10.477499],[9.526665,10.4775],[9.526666,10.478333],[9.528317,10.478333],[9.528906,10.477736],[9.528997,10.477398],[9.528563,10.476791],[9.528488,10.476048],[9.528541,10.475931],[9.528515,10.475404],[9.529331,10.473093],[9.529701,10.47254],[9.530687,10.471833],[9.530833,10.472013],[9.530833,10.474166],[9.536665,10.474167],[9.536667,10.475834],[9.538332,10.475833],[9.538333,10.474167],[9.542498,10.474167],[9.542499,10.474999],[9.545789,10.475],[9.546665,10.475664],[9.546666,10.478333],[9.551665,10.478334],[9.551666,10.479166],[9.552498,10.479167],[9.552499,10.479378],[9.553126,10.479155],[9.553884,10.479534],[9.554559,10.479562],[9.554998,10.479806],[9.554999,10.479167],[9.556665,10.479166],[9.556666,10.474167],[9.567498,10.474166],[9.567498,10.473334],[9.564617,10.473333],[9.566494,10.472862],[9.568018,10.472071],[9.56834,10.471964],[9.569289,10.471111],[9.569677,10.470834],[9.571665,10.470833],[9.571666,10.47],[9.575832,10.47],[9.575832,10.474999],[9.574166,10.475],[9.574165,10.476666],[9.57397,10.476667],[9.574437,10.477499],[9.575832,10.4775],[9.575833,10.482499],[9.579998,10.4825],[9.579999,10.485833],[9.581666,10.485834],[9.581665,10.488333],[9.579999,10.488334],[9.579999,10.490833],[9.584165,10.490834],[9.584166,10.494166],[9.584999,10.494167],[9.584998,10.495833],[9.584166,10.495834],[9.584165,10.499166],[9.579999,10.499167],[9.579998,10.503333],[9.575833,10.503334],[9.575833,10.504999],[9.576665,10.505],[9.576666,10.505833],[9.577498,10.505834],[9.577499,10.506666],[9.576666,10.506667],[9.576665,10.507499],[9.575833,10.5075],[9.575833,10.515833],[9.578332,10.515834],[9.578332,10.517499],[9.577499,10.517501],[9.577499,10.519166],[9.578332,10.519167],[9.578332,10.519675],[9.577146,10.519866],[9.575033,10.519778],[9.573682,10.520082],[9.573222,10.519953],[9.572677,10.519622],[9.572411,10.519456],[9.572115,10.519324],[9.571805,10.519264],[9.571629,10.519895],[9.571746,10.520138],[9.571377,10.520433],[9.571414,10.520576],[9.571231,10.520977],[9.571097,10.520978],[9.570931,10.521161],[9.569639,10.521093],[9.569054,10.521325],[9.568688,10.521568],[9.568388,10.522327],[9.565897,10.521321],[9.565526,10.521504],[9.565526,10.521505],[9.565826,10.521743],[9.566098,10.522517],[9.56628,10.523872],[9.566436,10.524166],[9.559166,10.524167],[9.559165,10.528333],[9.558333,10.528334],[9.558332,10.530833],[9.555833,10.530833],[9.555833,10.529167],[9.556665,10.529166],[9.556665,10.528334],[9.554999,10.528334],[9.554998,10.532499],[9.550833,10.5325],[9.550832,10.536666],[9.546666,10.536667],[9.546665,10.540833],[9.542499,10.540834],[9.542498,10.544999],[9.538333,10.545],[9.538332,10.553333],[9.532592,10.553334],[9.533187,10.554657],[9.532988,10.555252],[9.532452,10.555479],[9.532233,10.556153],[9.532498,10.55634],[9.532498,10.557732],[9.532409,10.557705],[9.531814,10.557747],[9.530735,10.558326],[9.529588,10.558427],[9.529166,10.55893],[9.529165,10.558334],[9.528333,10.558334],[9.528332,10.559999],[9.527499,10.559999],[9.527499,10.558334],[9.528332,10.558333],[9.528332,10.5575],[9.525833,10.5575],[9.525832,10.561666],[9.524999,10.561666],[9.524998,10.559167],[9.520833,10.559167],[9.520832,10.559999],[9.519999,10.56],[9.519998,10.561666],[9.517499,10.561667],[9.517498,10.565833],[9.513333,10.565834],[9.513332,10.569999],[9.512547,10.57],[9.512957,10.570636],[9.512995,10.571125],[9.510688,10.57023],[9.50991,10.570235],[9.508517,10.570414],[9.508339,10.570456],[9.508333,10.570455],[9.508332,10.57],[9.505833,10.57],[9.505832,10.572499],[9.504999,10.5725],[9.504998,10.573333],[9.503333,10.573334],[9.503332,10.574166],[9.502499,10.574167],[9.502498,10.575475],[9.502133,10.575951],[9.500498,10.576666],[9.499999,10.576667],[9.499998,10.577499],[9.498334,10.5775],[9.498332,10.577668],[9.49686,10.577754],[9.496307,10.577512],[9.496333,10.578392],[9.496376,10.579225],[9.496189,10.57961],[9.496262,10.579999],[9.494166,10.579999],[9.494165,10.579167],[9.493333,10.579167],[9.493332,10.579999],[9.492499,10.58],[9.492498,10.582499],[9.486666,10.5825],[9.486666,10.583333],[9.487498,10.583334],[9.487498,10.584167],[9.486666,10.584166],[9.486665,10.583334],[9.484999,10.583333],[9.484998,10.5825],[9.484166,10.5825],[9.484165,10.585833],[9.483333,10.585834],[9.483332,10.586666],[9.467499,10.586667],[9.467498,10.590833],[9.463333,10.590834],[9.463332,10.594999],[9.446666,10.595],[9.446665,10.599166],[9.438333,10.599167],[9.438332,10.603334],[9.425833,10.603333],[9.425832,10.600834],[9.423333,10.600833],[9.423332,10.599167],[9.413333,10.599167],[9.413332,10.603333],[9.404999,10.603334],[9.404998,10.607499],[9.396666,10.6075],[9.396665,10.611666],[9.388333,10.611666]]]},"properties":{"Name":"Rauta Health Post","Site Location":[9.569142,10.519574],"Admin 0":["Nigeria"],"Admin 1":["Bauchi"],"Admin 2":["Toro"],"Admin 3":["Rauta Geji"],"Total population - WorldPop (2026)":3670,"Total population - WorldPop UN (2026)":2954,"Total population - Kontur (2023-10-31)":1749,"Total population - Meta (2023-04-21)":2439,"Total women - Meta (2023-04-21)":1220,"Total men - Meta (2023-04-21)":1220,"Children under 5 - Meta (2023-04-21)":348,"People 15 to 24 - Meta (2023-04-21)":348,"Women 15 to 49 - Meta (2023-04-21)":697,"People 60 and older - Meta (2023-04-21)":0,"OpenStreetMap Buildings (2026-02-20)":1513,"Google Buildings 60+% Confidence (2023-05)":2647,"Google Buildings 70+% Confidence (2023-05)":2022,"Google Buildings 80+% Confidence (2023-05)":448,"Average Building Footprint (m²) (2023-05)":"22.66","Overture Buildings (2026-02-20)":2759,"ownership_text":"Local Government","facility_level_text":"Health Post","status":"active","country":"Nigeria","lga_location_id":"nga-ba-5018","lga":"Toro","organization_id":"org-efd37fa3-5d1c-411c-a97b-e4c469e4b21d","grid3_globalid":"efd37fa3-5d1c-411c-a97b-e4c469e4b21d","ownership_code":"public","location_id":"efd37fa3-5d1c-411c-a97b-e4c469e4b21d","nhfr_code":"05/18/1/1/1/0059","nhfr_uid":"16802497","state":"Bauchi","facility_level_code":"primary"},"id":98},{"type":"Feature","geometry":{"type":"Polygon","coordinates":[[[9.330636,10.629531],[9.361602,10.615834],[9.388332,10.604007],[9.388333,10.611666],[9.396665,10.611667],[9.396666,10.6075],[9.404998,10.607499],[9.404999,10.603334],[9.413332,10.603333],[9.413333,10.599167],[9.423332,10.599167],[9.423333,10.600833],[9.425832,10.600834],[9.425833,10.603333],[9.438332,10.603333],[9.438333,10.599167],[9.446665,10.599166],[9.446666,10.595],[9.463332,10.594999],[9.463333,10.590834],[9.467498,10.590833],[9.467499,10.586667],[9.483332,10.586666],[9.483333,10.585834],[9.484165,10.585833],[9.484166,10.5825],[9.484998,10.5825],[9.484999,10.583333],[9.486665,10.583334],[9.486666,10.5825],[9.492498,10.582499],[9.492499,10.58],[9.493332,10.579999],[9.493333,10.579167],[9.494165,10.579167],[9.494166,10.579999],[9.496262,10.579999],[9.496189,10.579611],[9.496376,10.579225],[9.496333,10.578392],[9.496307,10.577512],[9.49686,10.577754],[9.498332,10.577669],[9.498333,10.5775],[9.499998,10.577499],[9.499999,10.576667],[9.500498,10.576666],[9.502133,10.575951],[9.502498,10.575475],[9.502499,10.574167],[9.503332,10.574166],[9.503333,10.573334],[9.504998,10.573333],[9.504999,10.5725],[9.505832,10.572499],[9.505833,10.57],[9.508332,10.57],[9.508333,10.570455],[9.508339,10.570456],[9.508517,10.570414],[9.50991,10.570235],[9.510688,10.57023],[9.512995,10.571125],[9.512957,10.570635],[9.512547,10.57],[9.513332,10.569999],[9.513333,10.565834],[9.517498,10.565833],[9.517499,10.561667],[9.519998,10.561666],[9.519999,10.56],[9.520832,10.559999],[9.520833,10.559167],[9.524998,10.559167],[9.524999,10.561666],[9.525832,10.561666],[9.525833,10.5575],[9.528332,10.5575],[9.528333,10.558333],[9.529165,10.558334],[9.529166,10.558928],[9.529167,10.558929],[9.529588,10.558427],[9.530735,10.558326],[9.531814,10.557747],[9.532409,10.557705],[9.532498,10.557732],[9.532498,10.55634],[9.532233,10.556153],[9.532453,10.555479],[9.532988,10.555252],[9.533187,10.554657],[9.532592,10.553334],[9.538332,10.553333],[9.538333,10.545],[9.542498,10.544999],[9.542499,10.540834],[9.546665,10.540833],[9.546666,10.536667],[9.550832,10.536666],[9.550833,10.5325],[9.554998,10.532499],[9.554999,10.528334],[9.556665,10.528334],[9.556665,10.529166],[9.555833,10.529167],[9.555833,10.530833],[9.558332,10.530833],[9.558333,10.528334],[9.559165,10.528333],[9.559166,10.524167],[9.566435,10.524166],[9.566436,10.524165],[9.56628,10.523872],[9.566098,10.522517],[9.565827,10.521743],[9.565525,10.521505],[9.565897,10.521321],[9.568388,10.522327],[9.568689,10.521568],[9.569054,10.521325],[9.569639,10.521093],[9.570931,10.521161],[9.571098,10.520978],[9.571232,10.520977],[9.571414,10.520577],[9.571377,10.520434],[9.571746,10.520139],[9.571629,10.519895],[9.571805,10.519264],[9.572115,10.519324],[9.572411,10.519456],[9.572677,10.519622],[9.573222,10.519953],[9.573681,10.520082],[9.575033,10.519778],[9.577146,10.519866],[9.578332,10.519675],[9.578332,10.519167],[9.577499,10.519166],[9.577499,10.5175],[9.578332,10.517499],[9.578332,10.515834],[9.575833,10.515833],[9.575833,10.5075],[9.576665,10.507499],[9.576666,10.506667],[9.577498,10.506666],[9.577499,10.505835],[9.576666,10.505833],[9.576665,10.505],[9.575833,10.504999],[9.575833,10.503334],[9.579998,10.503333],[9.579999,10.499167],[9.584165,10.499166],[9.584166,10.495834],[9.584998,10.495833],[9.584999,10.495],[9.585832,10.495],[9.585832,10.495833],[9.584999,10.495834],[9.584999,10.497499],[9.585832,10.4975],[9.585833,10.498333],[9.589998,10.498333],[9.589999,10.495834],[9.590832,10.495834],[9.590833,10.498333],[9.592498,10.498334],[9.592499,10.501666],[9.594165,10.501667],[9.594166,10.503333],[9.596665,10.503334],[9.596666,10.511666],[9.600832,10.511667],[9.600833,10.515833],[9.604998,10.515834],[9.604998,10.519999],[9.600833,10.52],[9.600833,10.524999],[9.603332,10.525],[9.603333,10.525834],[9.604998,10.525833],[9.604999,10.525],[9.606665,10.525],[9.606665,10.525805],[9.605634,10.526209],[9.604999,10.526279],[9.604999,10.528333],[9.606488,10.528334],[9.605818,10.529878],[9.605819,10.529879],[9.606396,10.529564],[9.607115,10.529563],[9.607833,10.529178],[9.608359,10.528647],[9.60882,10.528661],[9.609165,10.528476],[9.609166,10.532499],[9.613332,10.5325],[9.613333,10.538623],[9.613334,10.538622],[9.613638,10.537387],[9.614942,10.535183],[9.615816,10.534566],[9.61738,10.53396],[9.619255,10.534176],[9.619366,10.534637],[9.61867,10.535946],[9.618553,10.536666],[9.618333,10.536667],[9.618332,10.536876],[9.618036,10.537127],[9.617751,10.537918],[9.617292,10.538333],[9.614999,10.538334],[9.614999,10.541666],[9.615832,10.541666],[9.615833,10.540834],[9.616665,10.540833],[9.616666,10.54],[9.619165,10.54],[9.619165,10.542499],[9.618333,10.5425],[9.618332,10.544166],[9.617499,10.544167],[9.617499,10.544999],[9.621665,10.545],[9.621665,10.549166],[9.619166,10.549168],[9.619166,10.550833],[9.621341,10.550834],[9.621375,10.551397],[9.620804,10.552109],[9.620376,10.552333],[9.620924,10.553541],[9.621243,10.5536],[9.621376,10.553813],[9.62124,10.55418],[9.62102,10.554916],[9.621032,10.555833],[9.619999,10.555834],[9.619998,10.556666],[9.617499,10.556667],[9.617499,10.557499],[9.621427,10.5575],[9.621296,10.557729],[9.617613,10.561992],[9.617298,10.562532],[9.616609,10.563333],[9.615833,10.563334],[9.615832,10.564166],[9.614999,10.564167],[9.614998,10.565833],[9.609166,10.565833],[9.609165,10.5625],[9.607499,10.5625],[9.607499,10.563333],[9.608332,10.563334],[9.608333,10.567499],[9.609165,10.5675],[9.609165,10.56803],[9.607731,10.56753],[9.60646,10.567545],[9.605773,10.567158],[9.60574,10.56716],[9.604643,10.567051],[9.603631,10.567306],[9.603524,10.567323],[9.603523,10.567325],[9.603782,10.56768],[9.603981,10.568788],[9.60399,10.570356],[9.604249,10.571154],[9.603056,10.570354],[9.601726,10.569898],[9.601111,10.569758],[9.600832,10.569781],[9.599274,10.569713],[9.597416,10.570002],[9.596666,10.570044],[9.596665,10.573333],[9.593333,10.573333],[9.593332,10.5725],[9.592499,10.572499],[9.592498,10.571667],[9.591666,10.571667],[9.591665,10.574166],[9.588333,10.574167],[9.588332,10.5725],[9.586666,10.5725],[9.586665,10.574166],[9.584166,10.574167],[9.584165,10.574999],[9.582499,10.575],[9.582498,10.575833],[9.580833,10.575834],[9.580832,10.576666],[9.579999,10.576666],[9.579998,10.575],[9.575833,10.575],[9.575832,10.576666],[9.574999,10.576667],[9.574998,10.578333],[9.569166,10.578333],[9.569165,10.576667],[9.566666,10.576666],[9.566666,10.576418],[9.566664,10.576417],[9.56503,10.577765],[9.564316,10.578128],[9.563153,10.578314],[9.563154,10.578334],[9.564998,10.578334],[9.564998,10.579166],[9.563229,10.579167],[9.56267,10.580649],[9.561023,10.579722],[9.559999,10.579628],[9.559998,10.582499],[9.559166,10.5825],[9.559165,10.586666],[9.553333,10.586667],[9.553332,10.587499],[9.550833,10.5875],[9.550832,10.589166],[9.546666,10.589167],[9.546665,10.590833],[9.539999,10.590834],[9.539998,10.592499],[9.539166,10.5925],[9.539165,10.594999],[9.538333,10.594999],[9.538332,10.591667],[9.534999,10.591667],[9.534998,10.594166],[9.534166,10.594167],[9.534165,10.594999],[9.529999,10.595],[9.529998,10.599166],[9.519166,10.599166],[9.519165,10.598334],[9.518333,10.598333],[9.518332,10.595834],[9.5175,10.595834],[9.517498,10.598333],[9.516666,10.598334],[9.516665,10.599166],[9.512499,10.599167],[9.512498,10.599999],[9.510833,10.599999],[9.510832,10.599167],[9.508333,10.599166],[9.508332,10.5975],[9.506666,10.597499],[9.506665,10.596667],[9.505833,10.596667],[9.505832,10.599166],[9.504999,10.599167],[9.504998,10.600833],[9.504166,10.600834],[9.504165,10.601666],[9.503333,10.601667],[9.503332,10.604166],[9.502499,10.604167],[9.502498,10.607499],[9.496666,10.6075],[9.496665,10.611666],[9.494999,10.611666],[9.494998,10.610834],[9.4925,10.610834],[9.492498,10.611666],[9.488333,10.611667],[9.488332,10.615833],[9.484166,10.615834],[9.484165,10.619999],[9.475833,10.62],[9.475832,10.624166],[9.454999,10.624167],[9.454998,10.628333],[9.446666,10.628334],[9.446665,10.632499],[9.442499,10.632499],[9.442498,10.628334],[9.434166,10.628334],[9.434165,10.632499],[9.425833,10.6325],[9.425832,10.636666],[9.421666,10.636667],[9.421665,10.639766],[9.419677,10.640833],[9.400833,10.640834],[9.400832,10.644999],[9.392499,10.645],[9.392498,10.649166],[9.379999,10.649166],[9.379998,10.645],[9.375833,10.645],[9.375832,10.649166],[9.367499,10.649167],[9.367498,10.653333],[9.359166,10.653334],[9.359165,10.657499],[9.350833,10.6575],[9.350832,10.661667],[9.342499,10.661666],[9.342498,10.6575],[9.335704,10.657499],[9.330636,10.629531]],[[9.613271,10.538883],[9.613321,10.538671],[9.612729,10.539843],[9.613271,10.538883]],[[9.528333,10.559999],[9.528332,10.558334],[9.527499,10.558334],[9.527499,10.559999],[9.528333,10.559999]],[[9.487498,10.583334],[9.486666,10.583334],[9.486666,10.584166],[9.487498,10.584166],[9.487498,10.583334]]]},"properties":{"Name":"Rauta Primary Health Clinic","Site Location":[9.573265,10.520415],"Admin 0":["Nigeria"],"Admin 1":["Bauchi"],"Admin 2":["Toro"],"Admin 3":["Rauta Geji"],"Total population - WorldPop (2026)":4941,"Total population - WorldPop UN (2026)":3560,"Total population - Kontur (2023-10-31)":3077,"Total population - Meta (2023-04-21)":2160,"Total women - Meta (2023-04-21)":1080,"Total men - Meta (2023-04-21)":1080,"Children under 5 - Meta (2023-04-21)":362,"People 15 to 24 - Meta (2023-04-21)":302,"Women 15 to 49 - Meta (2023-04-21)":590,"People 60 and older - Meta (2023-04-21)":0,"OpenStreetMap Buildings (2026-02-20)":442,"Google Buildings 60+% Confidence (2023-05)":3004,"Google Buildings 70+% Confidence (2023-05)":2118,"Google Buildings 80+% Confidence (2023-05)":315,"Average Building Footprint (m²) (2023-05)":"16.81","Overture Buildings (2026-02-20)":2765,"state":"Bauchi","nhfr_uid":"45782175","grid3_globalid":"3875b91b-32c6-418b-919d-7556fcfbe14c","location_id":"3875b91b-32c6-418b-919d-7556fcfbe14c","status":"active","facility_level_text":"Primary Health Clinic","ownership_text":"Local Government","lga_location_id":"nga-ba-5018","facility_level_code":"primary","ownership_code":"public","nhfr_code":"05/18/1/1/1/0060","lga":"Toro","country":"Nigeria","organization_id":"org-3875b91b-32c6-418b-919d-7556fcfbe14c"},"id":99},{"type":"Feature","geometry":{"type":"Polygon","coordinates":[[[9.029999,10.111666],[9.029999,10.104117],[9.032171,10.104085],[9.032368,10.103185],[9.033675,10.102606],[9.035047,10.102798],[9.035671,10.101647],[9.036859,10.100828],[9.038333,10.100436],[9.039057,10.100242],[9.040058,10.099382],[9.040477,10.099564],[9.0411,10.099015],[9.041969,10.099015],[9.042675,10.099477],[9.043268,10.099973],[9.043332,10.100033],[9.043333,10.100833],[9.045832,10.100834],[9.045833,10.101666],[9.047498,10.101667],[9.047499,10.103333],[9.050832,10.103334],[9.050833,10.106666],[9.051665,10.106667],[9.051665,10.107216],[9.050513,10.108265],[9.050209,10.108741],[9.05021,10.108743],[9.050485,10.108771],[9.051357,10.108275],[9.052357,10.108104],[9.053274,10.107704],[9.053595,10.107722],[9.053657,10.107729],[9.054404,10.107783],[9.055095,10.107993],[9.055115,10.108002],[9.055105,10.108021],[9.055106,10.108023],[9.055469,10.108128],[9.055807,10.109021],[9.055705,10.109999],[9.054999,10.11],[9.054998,10.111666],[9.050833,10.111667],[9.050833,10.113333],[9.051665,10.113333],[9.051666,10.1125],[9.052498,10.1125],[9.052499,10.114166],[9.053332,10.114167],[9.053332,10.115833],[9.046666,10.115833],[9.046665,10.115],[9.044166,10.114999],[9.044165,10.113334],[9.043333,10.113333],[9.043332,10.1125],[9.041666,10.1125],[9.041666,10.114999],[9.042498,10.115],[9.042498,10.115833],[9.038333,10.115833],[9.038332,10.111667],[9.029999,10.111666]]]},"properties":{"Name":"Ribina West Maternity","Site Location":[9.04669900001,10.1066760002],"Admin 0":["Nigeria"],"Admin 1":["Bauchi"],"Admin 2":["Toro"],"Admin 3":["Ribina West"],"Total population - WorldPop (2026)":1691,"Total population - WorldPop UN (2026)":1200,"Total population - Kontur (2023-10-31)":2035,"Total population - Meta (2023-04-21)":2292,"Total women - Meta (2023-04-21)":1146,"Total men - Meta (2023-04-21)":1146,"Children under 5 - Meta (2023-04-21)":327,"People 15 to 24 - Meta (2023-04-21)":327,"Women 15 to 49 - Meta (2023-04-21)":655,"People 60 and older - Meta (2023-04-21)":0,"OpenStreetMap Buildings (2026-02-20)":1202,"Google Buildings 60+% Confidence (2023-05)":1258,"Google Buildings 70+% Confidence (2023-05)":1063,"Google Buildings 80+% Confidence (2023-05)":590,"Average Building Footprint (m²) (2023-05)":"48.94","Overture Buildings (2026-02-20)":1298,"state":"Bauchi","lga_location_id":"nga-ba-5018","organization_id":"org-6f7a64f6-ebcb-43ab-ab74-e5d6e6bdce62","ownership_text":"Unknown","nhfr_code":"","ownership_code":"public","location_id":"6f7a64f6-ebcb-43ab-ab74-e5d6e6bdce62","facility_level_text":"Primary Health Clinic","nhfr_uid":"","facility_level_code":"primary","grid3_globalid":"6f7a64f6-ebcb-43ab-ab74-e5d6e6bdce62","country":"Nigeria","lga":"Toro","status":"active"},"id":100},{"type":"Feature","geometry":{"type":"Polygon","coordinates":[[[8.967499,10.465904],[8.967499,10.461667],[8.971665,10.461666],[8.971666,10.453334],[8.975832,10.453333],[8.975833,10.445],[8.981665,10.445],[8.981666,10.445833],[8.982498,10.445834],[8.982499,10.446666],[8.984165,10.446666],[8.984166,10.445],[8.986665,10.444999],[8.986666,10.444167],[8.988332,10.444166],[8.988333,10.436667],[8.994165,10.436666],[8.994165,10.435],[8.993333,10.434999],[8.993333,10.4325],[8.996665,10.4325],[8.996666,10.436666],[8.997498,10.436666],[8.997499,10.435834],[8.998332,10.435833],[8.998333,10.435],[8.999165,10.434999],[8.999166,10.434167],[8.999998,10.434167],[8.999999,10.436666],[9.000832,10.436666],[9.000833,10.429167],[9.001665,10.429166],[9.001666,10.428334],[9.004998,10.428333],[9.004999,10.424167],[9.009165,10.424166],[9.009166,10.42],[9.020832,10.419999],[9.020833,10.419167],[9.021665,10.419166],[9.021666,10.415834],[9.034165,10.415833],[9.034166,10.411667],[9.039165,10.411667],[9.039166,10.412499],[9.039998,10.4125],[9.039999,10.413333],[9.041665,10.413333],[9.041666,10.411667],[9.046665,10.411666],[9.046666,10.408334],[9.047498,10.408334],[9.047499,10.410833],[9.049998,10.410833],[9.049999,10.409167],[9.051665,10.409166],[9.051666,10.408334],[9.054165,10.408333],[9.054166,10.4075],[9.056665,10.407499],[9.056666,10.406667],[9.058332,10.406666],[9.058333,10.405834],[9.060832,10.405834],[9.060833,10.407499],[9.063332,10.4075],[9.063333,10.411666],[9.067498,10.411667],[9.067499,10.415833],[9.069165,10.415834],[9.069166,10.416666],[9.071665,10.416667],[9.071666,10.419999],[9.075832,10.42],[9.075833,10.424166],[9.089998,10.424166],[9.089998,10.421667],[9.088333,10.421666],[9.088333,10.42],[9.099179,10.42],[9.101565,10.427327],[9.099966,10.429858],[9.088358,10.442181],[9.084136,10.443666],[9.07497,10.444781],[9.074736,10.445],[9.052624,10.465834],[9.033846,10.48352],[9.019214,10.487926],[9.019122,10.487805],[9.009841,10.477749],[9.003364,10.47462],[8.992498,10.47198],[8.967499,10.465904]]]},"properties":{"Name":"Riga Primary Health Clinic","Site Location":[9.02469,10.43758],"Admin 0":["Nigeria"],"Admin 1":["Bauchi"],"Admin 2":["Toro"],"Admin 3":["Zalau"],"Total population - WorldPop (2026)":1144,"Total population - WorldPop UN (2026)":1289,"Total population - Kontur (2023-10-31)":1589,"Total population - Meta (2023-04-21)":1323,"Total women - Meta (2023-04-21)":661,"Total men - Meta (2023-04-21)":661,"Children under 5 - Meta (2023-04-21)":189,"People 15 to 24 - Meta (2023-04-21)":189,"Women 15 to 49 - Meta (2023-04-21)":378,"People 60 and older - Meta (2023-04-21)":0,"OpenStreetMap Buildings (2026-02-20)":0,"Google Buildings 60+% Confidence (2023-05)":945,"Google Buildings 70+% Confidence (2023-05)":802,"Google Buildings 80+% Confidence (2023-05)":309,"Average Building Footprint (m²) (2023-05)":"24.79","Overture Buildings (2026-02-20)":768,"lga":"Toro","status":"active","location_id":"adc23ff5-d760-4a01-a9f4-80b7000d3bc8","ownership_code":"public","organization_id":"org-adc23ff5-d760-4a01-a9f4-80b7000d3bc8","lga_location_id":"nga-ba-5018","ownership_text":"Local Government","state":"Bauchi","nhfr_uid":"37704281","nhfr_code":"05/18/1/1/1/0105","facility_level_code":"primary","facility_level_text":"Primary Health Clinic","country":"Nigeria","grid3_globalid":"adc23ff5-d760-4a01-a9f4-80b7000d3bc8"},"id":101},{"type":"Feature","geometry":{"type":"Polygon","coordinates":[[[9.201855,10.161666],[9.202294,10.160672],[9.205582,10.155234],[9.214869,10.115833],[9.217222,10.105845],[9.229769,10.109373],[9.236422,10.110736],[9.242747,10.110708],[9.24428,10.11162],[9.248202,10.114253],[9.253728,10.117798],[9.258825,10.121096],[9.261,10.122781],[9.262463,10.124115],[9.264031,10.125344],[9.265564,10.126502],[9.267738,10.12787],[9.269629,10.128994],[9.271461,10.129999],[9.273122,10.130888],[9.274597,10.131764],[9.276666,10.132858],[9.278412,10.133787],[9.280288,10.134573],[9.282313,10.135408],[9.282498,10.135432],[9.282499,10.135833],[9.283003,10.135834],[9.282947,10.136144],[9.282356,10.136948],[9.283518,10.138161],[9.284407,10.139105],[9.283999,10.139359],[9.283318,10.139248],[9.282213,10.139133],[9.278694,10.138393],[9.278254,10.138219],[9.27813,10.138589],[9.276265,10.139998],[9.276265,10.14],[9.277498,10.14],[9.277499,10.140833],[9.275833,10.140834],[9.275832,10.144999],[9.273401,10.145],[9.273871,10.14597],[9.274029,10.146354],[9.274649,10.14973],[9.275196,10.150823],[9.275577,10.151952],[9.275571,10.15196],[9.275525,10.153333],[9.267499,10.153334],[9.267498,10.155833],[9.266666,10.155834],[9.266665,10.156666],[9.262499,10.156667],[9.262498,10.157499],[9.259166,10.1575],[9.259165,10.160833],[9.256666,10.160833],[9.256665,10.159167],[9.255833,10.159166],[9.255832,10.1575],[9.250833,10.1575],[9.250832,10.163333],[9.249166,10.163333],[9.249165,10.1625],[9.248333,10.162499],[9.248332,10.161667],[9.246666,10.161667],[9.246665,10.165833],[9.242499,10.165834],[9.242498,10.169999],[9.238333,10.17],[9.238332,10.174166],[9.234166,10.174166],[9.234165,10.17],[9.229999,10.169999],[9.229998,10.165834],[9.225833,10.165834],[9.225832,10.169999],[9.221666,10.169999],[9.221666,10.1625],[9.222498,10.162499],[9.222498,10.16139],[9.221483,10.161214],[9.219654,10.159927],[9.219594,10.159836],[9.218827,10.158991],[9.218607,10.158334],[9.217499,10.158334],[9.217498,10.159166],[9.215833,10.159167],[9.215832,10.159999],[9.214999,10.16],[9.214998,10.161666],[9.213333,10.161667],[9.213332,10.165833],[9.209166,10.165833],[9.209165,10.161667],[9.201855,10.161666]]]},"properties":{"Name":"Rimin Zayam Health Post","Site Location":[9.283124,10.13867],"Admin 0":["Nigeria"],"Admin 1":["Bauchi"],"Admin 2":["Toro"],"Admin 3":["Mara"],"Total population - WorldPop (2026)":2563,"Total population - WorldPop UN (2026)":2032,"Total population - Kontur (2023-10-31)":1546,"Total population - Meta (2023-04-21)":1771,"Total women - Meta (2023-04-21)":886,"Total men - Meta (2023-04-21)":886,"Children under 5 - Meta (2023-04-21)":253,"People 15 to 24 - Meta (2023-04-21)":253,"Women 15 to 49 - Meta (2023-04-21)":506,"People 60 and older - Meta (2023-04-21)":0,"OpenStreetMap Buildings (2026-02-20)":905,"Google Buildings 60+% Confidence (2023-05)":1384,"Google Buildings 70+% Confidence (2023-05)":1066,"Google Buildings 80+% Confidence (2023-05)":421,"Average Building Footprint (m²) (2023-05)":"37.21","Overture Buildings (2026-02-20)":1302,"organization_id":"org-d88ca81d-0c28-4e0c-b102-2e10cddb4c10","nhfr_uid":"","facility_level_text":"Health Post","nhfr_code":"","status":"active","ownership_code":"public","ownership_text":"Unknown","lga":"Toro","country":"Nigeria","facility_level_code":"primary","state":"Bauchi","location_id":"d88ca81d-0c28-4e0c-b102-2e10cddb4c10","grid3_globalid":"d88ca81d-0c28-4e0c-b102-2e10cddb4c10","lga_location_id":"nga-ba-5018"},"id":102},{"type":"Feature","geometry":{"type":"Polygon","coordinates":[[[9.283391,10.144773],[9.28356,10.144448],[9.28525,10.141625],[9.286639,10.141482],[9.2868,10.141424],[9.287181,10.140869],[9.287492,10.140966],[9.287556,10.1404],[9.288027,10.139735],[9.288297,10.139301],[9.288715,10.138761],[9.289346,10.139165],[9.289339,10.138441],[9.289822,10.137838],[9.289998,10.137937],[9.289999,10.138333],[9.290628,10.138334],[9.291307,10.138764],[9.292505,10.139513],[9.293379,10.140178],[9.291593,10.143195],[9.292125,10.143588],[9.292904,10.144242],[9.293551,10.144618],[9.294197,10.145067],[9.294767,10.145815],[9.295016,10.146527],[9.297655,10.149166],[9.294166,10.149167],[9.294165,10.150833],[9.292499,10.150834],[9.292498,10.151666],[9.289999,10.151667],[9.289998,10.153333],[9.286666,10.153333],[9.286665,10.151667],[9.284166,10.151666],[9.284166,10.15],[9.284998,10.149999],[9.284999,10.149167],[9.288332,10.149166],[9.288333,10.145],[9.290832,10.145],[9.290832,10.144861],[9.283414,10.144861],[9.283391,10.144773]]]},"properties":{"Name":"Rimin Zayam Primary Health Care Center","Site Location":[9.29086132,10.14049381],"Admin 0":["Nigeria"],"Admin 1":["Bauchi"],"Admin 2":["Toro"],"Admin 3":["Mara"],"Total population - WorldPop (2026)":1163,"Total population - WorldPop UN (2026)":718,"Total population - Kontur (2023-10-31)":1064,"Total population - Meta (2023-04-21)":875,"Total women - Meta (2023-04-21)":437,"Total men - Meta (2023-04-21)":437,"Children under 5 - Meta (2023-04-21)":125,"People 15 to 24 - Meta (2023-04-21)":125,"Women 15 to 49 - Meta (2023-04-21)":250,"People 60 and older - Meta (2023-04-21)":0,"OpenStreetMap Buildings (2026-02-20)":560,"Google Buildings 60+% Confidence (2023-05)":981,"Google Buildings 70+% Confidence (2023-05)":766,"Google Buildings 80+% Confidence (2023-05)":259,"Average Building Footprint (m²) (2023-05)":"46.39","Overture Buildings (2026-02-20)":836,"country":"Nigeria","ownership_code":"public","lga_location_id":"nga-ba-5018","organization_id":"org-c502189c-5060-49b3-aa9c-41a98102d491","nhfr_uid":"58496757","nhfr_code":"05/18/1/1/1/0062","location_id":"c502189c-5060-49b3-aa9c-41a98102d491","grid3_globalid":"c502189c-5060-49b3-aa9c-41a98102d491","state":"Bauchi","lga":"Toro","facility_level_code":"primary","facility_level_text":"Primary Health Clinic","ownership_text":"Local Government","status":"active"},"id":103},{"type":"Feature","geometry":{"type":"Polygon","coordinates":[[[9.034166,10.019167],[9.035832,10.019166],[9.035832,10.016667],[9.03441,10.016666],[9.035685,10.016182],[9.041679,10.01536],[9.047448,10.01562],[9.050832,10.016631],[9.050833,10.019999],[9.052498,10.02],[9.052499,10.022499],[9.054998,10.0225],[9.054999,10.024166],[9.059165,10.024167],[9.059166,10.032499],[9.063332,10.0325],[9.063333,10.036666],[9.064165,10.036667],[9.064166,10.037499],[9.064998,10.0375],[9.064999,10.038333],[9.065832,10.038334],[9.065833,10.039166],[9.067498,10.039167],[9.067498,10.040833],[9.065833,10.040835],[9.065833,10.041666],[9.066665,10.041667],[9.066666,10.044999],[9.067498,10.045],[9.067498,10.046666],[9.066666,10.046667],[9.066665,10.049166],[9.0621,10.049166],[9.062282,10.045324],[9.062013,10.045],[9.059999,10.045],[9.059998,10.045833],[9.059166,10.045834],[9.059165,10.049166],[9.051666,10.049167],[9.051665,10.0475],[9.050833,10.047499],[9.050832,10.046667],[9.049166,10.046666],[9.049165,10.045],[9.043333,10.044999],[9.043332,10.043334],[9.042499,10.043333],[9.042498,10.040834],[9.041112,10.040833],[9.041619,10.040496],[9.042498,10.040489],[9.042498,10.036667],[9.038333,10.036666],[9.038332,10.033589],[9.038331,10.033589],[9.03794,10.034425],[9.038008,10.033618],[9.037553,10.032144],[9.037521,10.031126],[9.037521,10.031119],[9.037736,10.030643],[9.038142,10.029725],[9.038106,10.029234],[9.038134,10.029167],[9.034999,10.029167],[9.034998,10.032499],[9.034166,10.032499],[9.034166,10.028334],[9.037498,10.028333],[9.037499,10.026667],[9.038223,10.026666],[9.038426,10.025913],[9.038389,10.025408],[9.037171,10.024987],[9.036666,10.025039],[9.036666,10.023334],[9.038332,10.023333],[9.038332,10.02],[9.034166,10.019999],[9.034166,10.019167]]]},"properties":{"Name":"Rinjin Gaini Health Post","Site Location":[9.05776,10.03606],"Admin 0":["Nigeria"],"Admin 1":["Bauchi"],"Admin 2":["Toro"],"Admin 3":["Toro"],"Total population - WorldPop (2026)":1064,"Total population - WorldPop UN (2026)":1362,"Total population - Kontur (2023-10-31)":1784,"Total population - Meta (2023-04-21)":1312,"Total women - Meta (2023-04-21)":656,"Total men - Meta (2023-04-21)":656,"Children under 5 - Meta (2023-04-21)":187,"People 15 to 24 - Meta (2023-04-21)":187,"Women 15 to 49 - Meta (2023-04-21)":375,"People 60 and older - Meta (2023-04-21)":0,"OpenStreetMap Buildings (2026-02-20)":338,"Google Buildings 60+% Confidence (2023-05)":487,"Google Buildings 70+% Confidence (2023-05)":396,"Google Buildings 80+% Confidence (2023-05)":203,"Average Building Footprint (m²) (2023-05)":"29.10","Overture Buildings (2026-02-20)":430,"organization_id":"org-54a417ff-0af6-49a7-bf8f-c9523be0e580","ownership_text":"Unknown","state":"Bauchi","ownership_code":"public","nhfr_uid":"","facility_level_code":"primary","facility_level_text":"Health Post","location_id":"54a417ff-0af6-49a7-bf8f-c9523be0e580","grid3_globalid":"54a417ff-0af6-49a7-bf8f-c9523be0e580","nhfr_code":"","status":"active","country":"Nigeria","lga":"Toro","lga_location_id":"nga-ba-5018"},"id":104},{"type":"Feature","geometry":{"type":"Polygon","coordinates":[[[9.075588,10.062499],[9.0796,10.061386],[9.083079,10.060558],[9.085094,10.060148],[9.08658,10.055551],[9.086865,10.054802],[9.086887,10.054402],[9.087245,10.054099],[9.087532,10.049957],[9.088601,10.049045],[9.092474,10.047757],[9.09471,10.048787],[9.099415,10.050541],[9.101459,10.05129],[9.104002,10.05218],[9.106284,10.053163],[9.10619,10.054989],[9.106332,10.056159],[9.106451,10.057804],[9.106782,10.062582],[9.10985,10.063469],[9.10985,10.06554],[9.109108,10.068844],[9.1131,10.069973],[9.113142,10.069882],[9.113086,10.069778],[9.113196,10.069695],[9.113513,10.069833],[9.113578,10.069764],[9.113663,10.069743],[9.113742,10.069813],[9.113799,10.069903],[9.114048,10.069938],[9.114099,10.06984],[9.114134,10.069722],[9.11412,10.069602],[9.114226,10.06956],[9.114405,10.069581],[9.114669,10.069707],[9.114812,10.069531],[9.114882,10.06935],[9.114955,10.069208],[9.11499,10.069054],[9.11504,10.068899],[9.115261,10.068751],[9.115368,10.068751],[9.115561,10.0688],[9.115809,10.068744],[9.115939,10.068674],[9.116102,10.068639],[9.116267,10.068589],[9.116422,10.068513],[9.116559,10.068414],[9.116693,10.068422],[9.11678,10.068478],[9.116879,10.068505],[9.116979,10.06854],[9.116965,10.068337],[9.117,10.068238],[9.116994,10.068069],[9.117078,10.067741],[9.117157,10.067425],[9.117208,10.067178],[9.117293,10.066905],[9.117471,10.066929],[9.117661,10.066924],[9.117863,10.066859],[9.118035,10.066818],[9.118497,10.066818],[9.118267,10.0675],[9.118242,10.067579],[9.11837,10.067613],[9.118457,10.06757],[9.118523,10.067526],[9.118586,10.067547],[9.11858,10.067648],[9.118661,10.067693],[9.118747,10.067691],[9.11884,10.067732],[9.118907,10.067771],[9.118958,10.067733],[9.119051,10.067795],[9.119168,10.067828],[9.119253,10.067893],[9.119335,10.067932],[9.1194,10.067905],[9.119481,10.067928],[9.119556,10.067936],[9.119646,10.067877],[9.119757,10.067883],[9.11985,10.067834],[9.119966,10.067807],[9.120063,10.067779],[9.120173,10.067834],[9.120276,10.067865],[9.120394,10.067863],[9.120166,10.068302],[9.120017,10.068777],[9.119899,10.069069],[9.119821,10.069307],[9.119757,10.069469],[9.119696,10.069736],[9.119688,10.069946],[9.119221,10.069895],[9.119146,10.070123],[9.119125,10.070368],[9.119099,10.070557],[9.119064,10.070777],[9.119065,10.070779],[9.119084,10.07078],[9.119076,10.070833],[9.118369,10.070786],[9.118292,10.071052],[9.118201,10.071183],[9.118104,10.071221],[9.118009,10.071395],[9.11797,10.071425],[9.117953,10.071491],[9.117938,10.071517],[9.117853,10.071834],[9.117858,10.071923],[9.117923,10.071988],[9.117815,10.072082],[9.117579,10.072319],[9.117498,10.072409],[9.117101,10.072647],[9.116233,10.073375],[9.116002,10.07356],[9.115595,10.07411],[9.115541,10.074278],[9.115524,10.074442],[9.115305,10.074468],[9.115111,10.074401],[9.11486,10.074406],[9.11486,10.074833],[9.114875,10.074891],[9.114752,10.075197],[9.114645,10.075356],[9.114382,10.075678],[9.114254,10.075785],[9.114049,10.076139],[9.113626,10.076602],[9.112853,10.077263],[9.112499,10.077611],[9.112498,10.0775],[9.111666,10.077499],[9.111665,10.076667],[9.105833,10.076666],[9.105832,10.075834],[9.104999,10.075833],[9.104999,10.074167],[9.105832,10.074166],[9.105833,10.071667],[9.104999,10.071666],[9.104998,10.07],[9.100833,10.07],[9.100832,10.074166],[9.092499,10.074167],[9.092498,10.078333],[9.091666,10.078333],[9.091665,10.076667],[9.088333,10.076666],[9.088332,10.075479],[9.086685,10.074817],[9.085897,10.07466],[9.084166,10.075031],[9.084165,10.07],[9.083333,10.069999],[9.083333,10.068334],[9.084165,10.068333],[9.084165,10.065834],[9.079999,10.065833],[9.079998,10.061667],[9.078751,10.061667],[9.077499,10.06201],[9.077498,10.062499],[9.075588,10.062499]]]},"properties":{"Name":"Rinjin Gaini Primary Health Care Center","Site Location":[9.0962909997,10.0601399996],"Admin 0":["Nigeria"],"Admin 1":["Bauchi"],"Admin 2":["Toro"],"Admin 3":["Ribina East"],"Total population - WorldPop (2026)":9377,"Total population - WorldPop UN (2026)":7488,"Total population - Kontur (2023-10-31)":9735,"Total population - Meta (2023-04-21)":9513,"Total women - Meta (2023-04-21)":4756,"Total men - Meta (2023-04-21)":4756,"Children under 5 - Meta (2023-04-21)":1359,"People 15 to 24 - Meta (2023-04-21)":1359,"Women 15 to 49 - Meta (2023-04-21)":2718,"People 60 and older - Meta (2023-04-21)":0,"OpenStreetMap Buildings (2026-02-20)":2126,"Google Buildings 60+% Confidence (2023-05)":3261,"Google Buildings 70+% Confidence (2023-05)":2795,"Google Buildings 80+% Confidence (2023-05)":1703,"Average Building Footprint (m²) (2023-05)":"59.31","Overture Buildings (2026-02-20)":2948,"country":"Nigeria","ownership_text":"Local Government","state":"Bauchi","ownership_code":"public","nhfr_uid":"28594720","lga_location_id":"nga-ba-5018","location_id":"3a0cd8f0-cb52-427e-8ff7-ab8baafd2b6a","facility_level_text":"Primary Health Center","facility_level_code":"primary","nhfr_code":"05/18/1/1/1/0064","grid3_globalid":"3a0cd8f0-cb52-427e-8ff7-ab8baafd2b6a","status":"active","lga":"Toro","organization_id":"org-3a0cd8f0-cb52-427e-8ff7-ab8baafd2b6a"},"id":105},{"type":"Feature","geometry":{"type":"Polygon","coordinates":[[[9.196449,10.172794],[9.199916,10.166054],[9.201855,10.161667],[9.209165,10.161667],[9.209166,10.165833],[9.213332,10.165833],[9.213333,10.161667],[9.214998,10.161666],[9.214999,10.16],[9.215832,10.159999],[9.215833,10.159167],[9.217498,10.159166],[9.217499,10.158334],[9.218607,10.158334],[9.218827,10.158991],[9.219594,10.159836],[9.219654,10.159927],[9.221483,10.161214],[9.222498,10.16139],[9.222498,10.162499],[9.221666,10.1625],[9.221666,10.169999],[9.225832,10.169999],[9.225833,10.165834],[9.229998,10.165834],[9.229999,10.169999],[9.234165,10.17],[9.234167,10.174167],[9.238332,10.174166],[9.238333,10.17],[9.246665,10.17],[9.246666,10.174166],[9.250832,10.174167],[9.250833,10.178333],[9.254998,10.178334],[9.254999,10.182499],[9.256665,10.182499],[9.256666,10.179167],[9.257499,10.179166],[9.257498,10.178334],[9.256666,10.178333],[9.256666,10.176667],[9.257498,10.176666],[9.257499,10.175834],[9.259165,10.175834],[9.259166,10.178333],[9.260832,10.178334],[9.260833,10.179166],[9.261665,10.179166],[9.261666,10.178334],[9.263925,10.178334],[9.263202,10.17959],[9.262836,10.180667],[9.262279,10.181238],[9.261656,10.183296],[9.257955,10.187499],[9.259165,10.1875],[9.259166,10.188333],[9.262498,10.188334],[9.262499,10.189166],[9.264998,10.189167],[9.264999,10.191666],[9.267498,10.191666],[9.267499,10.190834],[9.269998,10.190834],[9.269999,10.191666],[9.271665,10.191667],[9.271666,10.194999],[9.274165,10.194999],[9.274166,10.194167],[9.277498,10.194166],[9.277499,10.1925],[9.27821,10.1925],[9.278886,10.193402],[9.278904,10.19489],[9.279165,10.195709],[9.279166,10.195833],[9.281665,10.195834],[9.281666,10.196666],[9.282498,10.196667],[9.282498,10.198333],[9.281666,10.198334],[9.281666,10.199166],[9.283332,10.199167],[9.283332,10.204166],[9.279999,10.204167],[9.279998,10.207499],[9.275833,10.2075],[9.275832,10.209166],[9.274166,10.209166],[9.274165,10.20836],[9.272499,10.20858],[9.272499,10.210833],[9.274998,10.210834],[9.274999,10.211666],[9.275832,10.211667],[9.275833,10.214166],[9.279998,10.214167],[9.279999,10.215833],[9.280832,10.215833],[9.280833,10.214167],[9.283332,10.214167],[9.283333,10.214999],[9.284165,10.215],[9.284165,10.217499],[9.282499,10.2175],[9.282498,10.218333],[9.281666,10.218334],[9.281666,10.219213],[9.282658,10.219145],[9.283189,10.219314],[9.28298,10.219625],[9.282296,10.219998],[9.282296,10.219999],[9.284165,10.22],[9.284166,10.220833],[9.285832,10.220834],[9.285833,10.221666],[9.286665,10.221667],[9.286666,10.222499],[9.288332,10.2225],[9.288333,10.224999],[9.289998,10.225],[9.289998,10.227499],[9.289166,10.2275],[9.289165,10.228333],[9.288333,10.228334],[9.288332,10.229744],[9.287342,10.229535],[9.286432,10.229555],[9.285164,10.22641],[9.284225,10.225834],[9.284167,10.225834],[9.284165,10.228333],[9.279999,10.228334],[9.279998,10.232499],[9.277499,10.2325],[9.277499,10.233333],[9.278332,10.233334],[9.278332,10.234279],[9.277563,10.234459],[9.276185,10.234066],[9.276714,10.235057],[9.276951,10.236666],[9.270833,10.236667],[9.270832,10.238334],[9.268333,10.238333],[9.268332,10.236667],[9.263333,10.236667],[9.263333,10.238333],[9.264165,10.238334],[9.264166,10.240833],[9.263333,10.240834],[9.263332,10.244166],[9.261666,10.244167],[9.261665,10.245],[9.257499,10.244999],[9.257498,10.244167],[9.254999,10.244167],[9.254998,10.244999],[9.250833,10.245],[9.250832,10.249166],[9.246666,10.249167],[9.246665,10.257499],[9.239999,10.2575],[9.239998,10.258333],[9.238333,10.258334],[9.238332,10.261666],[9.233624,10.261666],[9.235592,10.253489],[9.227721,10.233415],[9.227556,10.217087],[9.217778,10.196256],[9.196449,10.172794]]]},"properties":{"Name":"Rinjin Gingin Health Post","Site Location":[9.25935628879,10.2246092992],"Admin 0":["Nigeria"],"Admin 1":["Bauchi"],"Admin 2":["Toro"],"Admin 3":["Mara"],"Total population - WorldPop (2026)":2192,"Total population - WorldPop UN (2026)":2127,"Total population - Kontur (2023-10-31)":1064,"Total population - Meta (2023-04-21)":1211,"Total women - Meta (2023-04-21)":605,"Total men - Meta (2023-04-21)":605,"Children under 5 - Meta (2023-04-21)":173,"People 15 to 24 - Meta (2023-04-21)":173,"Women 15 to 49 - Meta (2023-04-21)":346,"People 60 and older - Meta (2023-04-21)":0,"OpenStreetMap Buildings (2026-02-20)":719,"Google Buildings 60+% Confidence (2023-05)":1071,"Google Buildings 70+% Confidence (2023-05)":785,"Google Buildings 80+% Confidence (2023-05)":211,"Average Building Footprint (m²) (2023-05)":"26.48","Overture Buildings (2026-02-20)":1180,"country":"Nigeria","lga":"Toro","organization_id":"org-e615a4d2-eefb-4515-a9e9-c3a17b62eaea","status":"active","location_id":"e615a4d2-eefb-4515-a9e9-c3a17b62eaea","nhfr_uid":"53746030","facility_level_text":"Health Post","ownership_text":"Local Government","grid3_globalid":"e615a4d2-eefb-4515-a9e9-c3a17b62eaea","ownership_code":"public","state":"Bauchi","facility_level_code":"primary","lga_location_id":"nga-ba-5018","nhfr_code":"05/18/1/1/1/0102"},"id":106},{"type":"Feature","geometry":{"type":"Polygon","coordinates":[[[8.950402,10.315833],[8.952791,10.312579],[8.954891,10.30881],[8.95477,10.307535],[8.962746,10.305836],[8.971325,10.305892],[8.979881,10.305893],[8.98927,10.307062],[9.004998,10.303711],[9.004999,10.307499],[9.009165,10.3075],[9.009165,10.311666],[9.004166,10.311667],[9.004165,10.3125],[9.001666,10.312499],[9.001665,10.311667],[9.000833,10.311667],[9.000833,10.314166],[9.001665,10.314166],[9.001666,10.313334],[9.002498,10.313334],[9.002499,10.314999],[9.004165,10.315],[9.004166,10.318333],[9.003333,10.318334],[9.003332,10.319999],[9.000833,10.32],[9.000832,10.324166],[8.992499,10.324167],[8.992499,10.332499],[8.996665,10.3325],[8.996665,10.333333],[8.995833,10.333334],[8.995833,10.335833],[8.996665,10.335834],[8.996665,10.336666],[8.991412,10.336667],[8.990341,10.338603],[8.990356,10.340408],[8.990343,10.340479],[8.987499,10.340479],[8.987499,10.339167],[8.988332,10.339166],[8.988333,10.3375],[8.989998,10.337499],[8.989998,10.336667],[8.988333,10.336666],[8.988332,10.3325],[8.984999,10.3325],[8.984998,10.333333],[8.984166,10.333334],[8.984165,10.334166],[8.981666,10.334167],[8.981665,10.333334],[8.980833,10.333333],[8.980832,10.3325],[8.975833,10.332499],[8.975832,10.328334],[8.971666,10.328333],[8.971665,10.325834],[8.970833,10.325833],[8.970832,10.325],[8.969166,10.325],[8.969165,10.326666],[8.968333,10.326667],[8.968332,10.327499],[8.964999,10.327499],[8.964999,10.326966],[8.966334,10.326149],[8.966838,10.32522],[8.967305,10.322682],[8.967059,10.321695],[8.967038,10.321542],[8.966861,10.321416],[8.965734,10.321256],[8.964999,10.320896],[8.964998,10.323333],[8.961666,10.323334],[8.961665,10.324166],[8.960833,10.324166],[8.960832,10.323334],[8.959166,10.323333],[8.959165,10.32],[8.957499,10.32],[8.957498,10.323333],[8.95686,10.323333],[8.956513,10.322993],[8.95626,10.322412],[8.955612,10.321885],[8.955267,10.321737],[8.954361,10.320956],[8.953139,10.319252],[8.95265,10.318534],[8.951443,10.317351],[8.950618,10.315834],[8.950402,10.315833]]]},"properties":{"Name":"Rinjin Gura Health Post","Site Location":[8.97921,10.318657],"Admin 0":["Nigeria"],"Admin 1":["Bauchi"],"Admin 2":["Toro"],"Admin 3":["Zalau"],"Total population - WorldPop (2026)":1761,"Total population - WorldPop UN (2026)":1741,"Total population - Kontur (2023-10-31)":2499,"Total population - Meta (2023-04-21)":2261,"Total women - Meta (2023-04-21)":1130,"Total men - Meta (2023-04-21)":1130,"Children under 5 - Meta (2023-04-21)":323,"People 15 to 24 - Meta (2023-04-21)":323,"Women 15 to 49 - Meta (2023-04-21)":646,"People 60 and older - Meta (2023-04-21)":0,"OpenStreetMap Buildings (2026-02-20)":1,"Google Buildings 60+% Confidence (2023-05)":1263,"Google Buildings 70+% Confidence (2023-05)":1085,"Google Buildings 80+% Confidence (2023-05)":502,"Average Building Footprint (m²) (2023-05)":"34.37","Overture Buildings (2026-02-20)":1044,"country":"Nigeria","lga":"Toro","location_id":"32d870fe-eee9-4c3b-915e-3daa1c3f58d1","ownership_text":"Local Government","facility_level_code":"primary","nhfr_code":"05/18/1/1/1/0065","state":"Bauchi","lga_location_id":"nga-ba-5018","facility_level_text":"Health Post","organization_id":"org-32d870fe-eee9-4c3b-915e-3daa1c3f58d1","grid3_globalid":"32d870fe-eee9-4c3b-915e-3daa1c3f58d1","status":"active","nhfr_uid":"86157639","ownership_code":"public"},"id":107},{"type":"Feature","geometry":{"type":"Polygon","coordinates":[[[9.251965,10.116667],[9.252498,10.116667],[9.252499,10.116876],[9.252824,10.11709],[9.253256,10.116583],[9.2545,10.116709],[9.255042,10.11653],[9.255832,10.115795],[9.255834,10.115834],[9.258332,10.115833],[9.258333,10.115],[9.259165,10.114999],[9.259166,10.111667],[9.259998,10.111667],[9.259999,10.113333],[9.261665,10.113334],[9.261666,10.115629],[9.264165,10.116563],[9.264166,10.114167],[9.264998,10.114166],[9.264999,10.113334],[9.265832,10.113334],[9.265833,10.114166],[9.266665,10.114167],[9.266666,10.115833],[9.270832,10.115833],[9.270832,10.113334],[9.269166,10.113333],[9.269166,10.111667],[9.275832,10.111667],[9.275833,10.115833],[9.282498,10.115834],[9.282498,10.116666],[9.279999,10.116667],[9.279999,10.119166],[9.280832,10.119167],[9.280832,10.119999],[9.279166,10.12],[9.279166,10.122499],[9.279998,10.1225],[9.279998,10.128333],[9.277499,10.128334],[9.277499,10.131666],[9.279998,10.131667],[9.279998,10.132499],[9.275991,10.132499],[9.274597,10.131764],[9.273122,10.130888],[9.271461,10.129999],[9.269629,10.128994],[9.267738,10.12787],[9.265563,10.126501],[9.26403,10.125343],[9.262463,10.124115],[9.261,10.122781],[9.258825,10.121096],[9.253728,10.117798],[9.251965,10.116667]]]},"properties":{"Name":"Rinjin Mukur Health Post","Site Location":[9.27375468,10.13105006],"Admin 0":["Nigeria"],"Admin 1":["Bauchi"],"Admin 2":["Toro"],"Admin 3":["Tulai"],"Total population - WorldPop (2026)":882,"Total population - WorldPop UN (2026)":618,"Total population - Kontur (2023-10-31)":647,"Total population - Meta (2023-04-21)":711,"Total women - Meta (2023-04-21)":355,"Total men - Meta (2023-04-21)":355,"Children under 5 - Meta (2023-04-21)":102,"People 15 to 24 - Meta (2023-04-21)":102,"Women 15 to 49 - Meta (2023-04-21)":203,"People 60 and older - Meta (2023-04-21)":0,"OpenStreetMap Buildings (2026-02-20)":272,"Google Buildings 60+% Confidence (2023-05)":421,"Google Buildings 70+% Confidence (2023-05)":323,"Google Buildings 80+% Confidence (2023-05)":124,"Average Building Footprint (m²) (2023-05)":"38.39","Overture Buildings (2026-02-20)":392,"lga":"Toro","nhfr_uid":"29991759","country":"Nigeria","nhfr_code":"05/18/1/1/1/0066","location_id":"3957e133-ac57-41e8-98dc-2e67311d44e4","status":"active","ownership_text":"Local Government","state":"Bauchi","grid3_globalid":"3957e133-ac57-41e8-98dc-2e67311d44e4","ownership_code":"public","organization_id":"org-3957e133-ac57-41e8-98dc-2e67311d44e4","lga_location_id":"nga-ba-5018","facility_level_text":"Health Post","facility_level_code":"primary"},"id":108},{"type":"Feature","geometry":{"type":"Polygon","coordinates":[[[8.929711,10.228333],[8.929903,10.224167],[8.929998,10.224167],[8.929999,10.228333],[8.938332,10.228334],[8.938333,10.232499],[8.946665,10.232499],[8.946666,10.228334],[8.954998,10.228334],[8.954999,10.236666],[8.967498,10.236667],[8.967499,10.244999],[8.975832,10.245],[8.975833,10.248333],[8.976665,10.248334],[8.976666,10.249166],[8.984165,10.249167],[8.984166,10.253333],[8.985832,10.253334],[8.985832,10.256666],[8.984999,10.256667],[8.984999,10.257499],[8.988332,10.2575],[8.988333,10.259166],[8.989165,10.259167],[8.989166,10.259999],[8.991665,10.26],[8.991665,10.262499],[8.990833,10.2625],[8.990833,10.263333],[8.992498,10.263333],[8.992499,10.2625],[8.994165,10.262499],[8.994166,10.260834],[8.995802,10.260834],[8.995586,10.261414],[8.994783,10.262612],[8.994675,10.263825],[8.994792,10.264638],[8.99438,10.26582],[8.994381,10.265821],[8.995832,10.265351],[8.995833,10.265833],[8.995884,10.265834],[8.994487,10.267932],[8.994377,10.268333],[8.994998,10.268334],[8.994999,10.269166],[8.996665,10.269167],[8.996666,10.278333],[8.997145,10.278334],[8.997963,10.279429],[8.998258,10.279877],[8.998794,10.281016],[8.994999,10.281406],[8.994999,10.281666],[8.996665,10.281667],[8.996666,10.282499],[8.997498,10.2825],[8.997499,10.283333],[8.998332,10.283334],[8.998333,10.284166],[9.000832,10.284167],[9.000833,10.284999],[9.004165,10.285],[9.004166,10.289166],[9.004998,10.289167],[9.004999,10.289999],[9.004166,10.29],[9.004165,10.290833],[9.003333,10.290834],[9.003333,10.294166],[9.004165,10.294166],[9.004166,10.293374],[9.004341,10.293306],[9.005426,10.293786],[9.006986,10.29398],[9.00713,10.293225],[9.007029,10.291305],[9.007678,10.290688],[9.00803,10.290339],[9.008213,10.291061],[9.00873,10.293179],[9.008922,10.294798],[9.008871,10.294846],[9.009192,10.301666],[9.009998,10.301666],[9.009999,10.300834],[9.012498,10.300833],[9.012499,10.299167],[9.013332,10.299167],[9.013332,10.301364],[9.011612,10.301216],[9.007861,10.303101],[8.98927,10.307062],[8.979881,10.305893],[8.971325,10.305892],[8.962747,10.305836],[8.95477,10.307534],[8.953592,10.29524],[8.953859,10.289459],[8.943719,10.278333],[8.93919,10.27336],[8.935612,10.267409],[8.936413,10.25007],[8.934668,10.24613],[8.931247,10.24511],[8.931447,10.24214],[8.929702,10.22854],[8.929711,10.228333]]]},"properties":{"Name":"Ririwai Health Post","Site Location":[8.977133,10.282217],"Admin 0":["Nigeria"],"Admin 1":["Bauchi"],"Admin 2":["Toro"],"Admin 3":["Wonu North"],"Total population - WorldPop (2026)":2895,"Total population - WorldPop UN (2026)":3284,"Total population - Kontur (2023-10-31)":3966,"Total population - Meta (2023-04-21)":3332,"Total women - Meta (2023-04-21)":1666,"Total men - Meta (2023-04-21)":1666,"Children under 5 - Meta (2023-04-21)":476,"People 15 to 24 - Meta (2023-04-21)":476,"Women 15 to 49 - Meta (2023-04-21)":952,"People 60 and older - Meta (2023-04-21)":0,"OpenStreetMap Buildings (2026-02-20)":930,"Google Buildings 60+% Confidence (2023-05)":1590,"Google Buildings 70+% Confidence (2023-05)":1319,"Google Buildings 80+% Confidence (2023-05)":603,"Average Building Footprint (m²) (2023-05)":"28.95","Overture Buildings (2026-02-20)":1489,"country":"Nigeria","state":"Bauchi","nhfr_code":"05/18/1/1/1/0067","nhfr_uid":"82991169","facility_level_code":"primary","location_id":"44e22fbf-0981-40a6-af21-ac8e31babd46","lga_location_id":"nga-ba-5018","organization_id":"org-44e22fbf-0981-40a6-af21-ac8e31babd46","lga":"Toro","ownership_code":"public","facility_level_text":"Health Post","grid3_globalid":"44e22fbf-0981-40a6-af21-ac8e31babd46","status":"active","ownership_text":"Local Government"},"id":109},{"type":"Feature","geometry":{"type":"Polygon","coordinates":[[[9.535833,10.279167],[9.536665,10.279166],[9.536666,10.2775],[9.538332,10.277499],[9.538333,10.276667],[9.539998,10.276666],[9.539999,10.275834],[9.540832,10.275833],[9.540832,10.273334],[9.539999,10.273333],[9.539999,10.2725],[9.543136,10.2725],[9.541694,10.276104],[9.543366,10.278333],[9.546317,10.282261],[9.553054,10.2911],[9.57435,10.288564],[9.575183,10.29192],[9.575431,10.295356],[9.575764,10.29773],[9.575599,10.29994],[9.576846,10.302314],[9.576929,10.303787],[9.577012,10.304605],[9.577167,10.30559],[9.577419,10.307538],[9.577595,10.309435],[9.577928,10.311481],[9.578261,10.312954],[9.579093,10.314919],[9.579438,10.317003],[9.580339,10.318929],[9.57977,10.320479],[9.582336,10.327194],[9.582753,10.330222],[9.583501,10.331777],[9.583834,10.333333],[9.584748,10.335869],[9.585498,10.33767],[9.585997,10.340207],[9.586828,10.343807],[9.588159,10.349208],[9.588659,10.35101],[9.589241,10.354118],[9.590156,10.357064],[9.590359,10.357499],[9.584166,10.357499],[9.584165,10.353334],[9.579999,10.353333],[9.579998,10.349167],[9.579166,10.349167],[9.579165,10.349999],[9.577499,10.35],[9.577498,10.351666],[9.575833,10.351667],[9.575832,10.352499],[9.574596,10.3525],[9.574825,10.351671],[9.574821,10.350884],[9.575609,10.34965],[9.575668,10.349259],[9.574708,10.349401],[9.573871,10.349606],[9.572976,10.35005],[9.572342,10.350373],[9.571643,10.351666],[9.570833,10.351667],[9.570832,10.349167],[9.563333,10.349166],[9.563333,10.345],[9.564165,10.345],[9.564166,10.345833],[9.565832,10.345833],[9.565832,10.341667],[9.563333,10.341666],[9.563332,10.339167],[9.559999,10.339166],[9.559998,10.336667],[9.554999,10.336666],[9.554999,10.335834],[9.556665,10.335833],[9.556666,10.333335],[9.554999,10.333333],[9.554999,10.327384],[9.555894,10.32666],[9.556066,10.325743],[9.556453,10.325],[9.558332,10.324999],[9.558332,10.324167],[9.558032,10.324166],[9.558245,10.323425],[9.558374,10.32321],[9.55869,10.32295],[9.558721,10.322756],[9.558787,10.322607],[9.558905,10.32168],[9.559389,10.320834],[9.558333,10.320833],[9.558332,10.32],[9.557499,10.319999],[9.557498,10.319167],[9.556666,10.319167],[9.556665,10.319999],[9.554999,10.319999],[9.554998,10.311667],[9.550833,10.311666],[9.550832,10.303334],[9.546666,10.303333],[9.546665,10.299167],[9.542499,10.299166],[9.542499,10.2975],[9.543332,10.297499],[9.543333,10.296667],[9.542499,10.296666],[9.542498,10.2825],[9.540833,10.282499],[9.540832,10.281667],[9.538333,10.281666],[9.538332,10.280834],[9.535833,10.280833],[9.535833,10.279167]]]},"properties":{"Name":"Rishi Primary Health Care","Site Location":[9.56345,10.2904],"Admin 0":["Nigeria"],"Admin 1":["Bauchi"],"Admin 2":["Toro"],"Admin 3":["Zaranda"],"Total population - WorldPop (2026)":831,"Total population - WorldPop UN (2026)":756,"Total population - Kontur (2023-10-31)":964,"Total population - Meta (2023-04-21)":740,"Total women - Meta (2023-04-21)":370,"Total men - Meta (2023-04-21)":370,"Children under 5 - Meta (2023-04-21)":106,"People 15 to 24 - Meta (2023-04-21)":106,"Women 15 to 49 - Meta (2023-04-21)":212,"People 60 and older - Meta (2023-04-21)":0,"OpenStreetMap Buildings (2026-02-20)":317,"Google Buildings 60+% Confidence (2023-05)":372,"Google Buildings 70+% Confidence (2023-05)":316,"Google Buildings 80+% Confidence (2023-05)":155,"Average Building Footprint (m²) (2023-05)":"26.40","Overture Buildings (2026-02-20)":377,"status":"active","lga":"Toro","ownership_text":"Unknown","lga_location_id":"nga-ba-5018","location_id":"3a3b2f9c-ef35-458f-b992-ce676fa0d9f6","ownership_code":"public","organization_id":"org-3a3b2f9c-ef35-458f-b992-ce676fa0d9f6","country":"Nigeria","facility_level_text":"Primary Health Center","nhfr_code":"","state":"Bauchi","facility_level_code":"primary","nhfr_uid":"","grid3_globalid":"3a3b2f9c-ef35-458f-b992-ce676fa0d9f6"},"id":110},{"type":"Feature","geometry":{"type":"Polygon","coordinates":[[[8.917499,10.474167],[8.921665,10.474166],[8.921666,10.472584],[8.923183,10.472889],[8.924097,10.471812],[8.926664,10.46396],[8.934364,10.456107],[8.950231,10.447021],[8.953983,10.453227],[8.95781,10.457226],[8.963494,10.464931],[8.96277,10.471367],[8.963054,10.477631],[8.962818,10.481838],[8.961438,10.486933],[8.959061,10.490251],[8.952693,10.494458],[8.944659,10.497824],[8.940168,10.506544],[8.941684,10.508279],[8.958836,10.512624],[8.960575,10.52867],[8.957933,10.535548],[8.948543,10.549166],[8.942499,10.549166],[8.942499,10.545],[8.943332,10.544999],[8.943333,10.544167],[8.944998,10.544166],[8.944998,10.543334],[8.943333,10.543333],[8.943332,10.541667],[8.942499,10.541666],[8.942498,10.540834],[8.938333,10.540833],[8.938332,10.536667],[8.934166,10.536666],[8.934165,10.5325],[8.929999,10.532499],[8.929998,10.52],[8.926666,10.519999],[8.926665,10.518334],[8.925833,10.518333],[8.925832,10.513334],[8.924166,10.513333],[8.924165,10.511667],[8.917499,10.511666],[8.917499,10.509167],[8.919165,10.509166],[8.919166,10.508334],[8.920408,10.508334],[8.920409,10.508332],[8.92027,10.507838],[8.920153,10.507106],[8.920313,10.505808],[8.919557,10.50478],[8.919402,10.504548],[8.920387,10.504537],[8.920388,10.504535],[8.920212,10.504084],[8.919996,10.503771],[8.919792,10.503597],[8.919481,10.503428],[8.919288,10.503239],[8.919021,10.503038],[8.919037,10.502843],[8.919106,10.50247],[8.918844,10.502085],[8.918704,10.50182],[8.919052,10.50037],[8.919658,10.499336],[8.919493,10.498334],[8.918333,10.498334],[8.918332,10.499166],[8.917499,10.499166],[8.917499,10.498334],[8.918332,10.498333],[8.918333,10.495835],[8.917499,10.495833],[8.917499,10.495],[8.921665,10.494999],[8.921666,10.494167],[8.920833,10.494166],[8.920832,10.493334],[8.919166,10.493333],[8.919166,10.491667],[8.919998,10.491666],[8.919998,10.490834],[8.917499,10.490833],[8.917499,10.485834],[8.919165,10.485833],[8.919166,10.485],[8.917499,10.484999],[8.917499,10.48],[8.918332,10.48],[8.918333,10.480833],[8.919998,10.480833],[8.919999,10.478335],[8.917499,10.478333],[8.917499,10.474167]]]},"properties":{"Name":"Rishi Primary Health Center","Site Location":[8.93945900014,10.4842539998],"Admin 0":["Nigeria"],"Admin 1":["Bauchi"],"Admin 2":["Toro"],"Admin 3":["Rishi"],"Total population - WorldPop (2026)":8512,"Total population - WorldPop UN (2026)":7461,"Total population - Kontur (2023-10-31)":8095,"Total population - Meta (2023-04-21)":7103,"Total women - Meta (2023-04-21)":3551,"Total men - Meta (2023-04-21)":3551,"Children under 5 - Meta (2023-04-21)":1015,"People 15 to 24 - Meta (2023-04-21)":1015,"Women 15 to 49 - Meta (2023-04-21)":2029,"People 60 and older - Meta (2023-04-21)":0,"OpenStreetMap Buildings (2026-02-20)":1760,"Google Buildings 60+% Confidence (2023-05)":3891,"Google Buildings 70+% Confidence (2023-05)":3263,"Google Buildings 80+% Confidence (2023-05)":1330,"Average Building Footprint (m²) (2023-05)":"48.47","Overture Buildings (2026-02-20)":3325,"organization_id":"org-99244722-c425-467e-aa4b-f3494b49709d","location_id":"99244722-c425-467e-aa4b-f3494b49709d","lga_location_id":"nga-ba-5018","grid3_globalid":"99244722-c425-467e-aa4b-f3494b49709d","nhfr_uid":"59389536","facility_level_code":"primary","status":"active","country":"Nigeria","lga":"Toro","facility_level_text":"Primary Health Center","ownership_code":"public","ownership_text":"Local Government","nhfr_code":"05/18/1/1/1/0068","state":"Bauchi"},"id":111},{"type":"Feature","geometry":{"type":"Polygon","coordinates":[[[9.053818,10.686814],[9.066691,10.667649],[9.070247,10.663135],[9.080865,10.624167],[9.081213,10.622886],[9.085409,10.597756],[9.088398,10.586209],[9.093334,10.582395],[9.100833,10.579579],[9.105486,10.57783],[9.106586,10.576613],[9.109334,10.569214],[9.112329,10.565834],[9.113332,10.565834],[9.113333,10.569999],[9.117498,10.57],[9.117499,10.574166],[9.118332,10.574167],[9.118333,10.575833],[9.119165,10.575834],[9.119166,10.576666],[9.121665,10.576666],[9.121666,10.575],[9.123332,10.574999],[9.123333,10.574167],[9.125832,10.574167],[9.125833,10.578333],[9.129998,10.578334],[9.129999,10.582499],[9.134165,10.582499],[9.134166,10.578334],[9.138332,10.578334],[9.138333,10.579166],[9.139165,10.579167],[9.139166,10.578334],[9.140832,10.578334],[9.140833,10.579166],[9.141665,10.579167],[9.141666,10.579999],[9.142498,10.58],[9.142499,10.582499],[9.144165,10.5825],[9.144166,10.584166],[9.145832,10.584167],[9.145833,10.584999],[9.146665,10.584999],[9.146666,10.584167],[9.147498,10.584167],[9.147499,10.584999],[9.149998,10.584999],[9.149999,10.583334],[9.150832,10.583333],[9.150833,10.5825],[9.151665,10.5825],[9.151666,10.583333],[9.154998,10.583334],[9.154999,10.584166],[9.156665,10.584167],[9.156666,10.584999],[9.159165,10.585],[9.159166,10.588333],[9.160833,10.588334],[9.160832,10.589166],[9.159999,10.589167],[9.159998,10.589999],[9.159166,10.59],[9.159166,10.590833],[9.166665,10.590834],[9.166666,10.591666],[9.167498,10.591667],[9.167499,10.592499],[9.171665,10.5925],[9.171666,10.594166],[9.172498,10.594167],[9.172499,10.596666],[9.175832,10.596666],[9.175833,10.595834],[9.178332,10.595833],[9.178333,10.595],[9.179998,10.595],[9.179999,10.599166],[9.184165,10.599167],[9.184166,10.603333],[9.188332,10.603334],[9.188333,10.611666],[9.200832,10.611667],[9.200833,10.615833],[9.204998,10.615834],[9.204999,10.619999],[9.209165,10.62],[9.209166,10.620834],[9.209998,10.620833],[9.209999,10.62],[9.213332,10.62],[9.213333,10.624166],[9.221665,10.624167],[9.221666,10.632499],[9.228332,10.632499],[9.228333,10.631667],[9.229165,10.631667],[9.229166,10.632499],[9.229998,10.6325],[9.229999,10.636666],[9.234998,10.636667],[9.235,10.6375],[9.235832,10.637499],[9.235833,10.636667],[9.254998,10.636666],[9.254999,10.6325],[9.259165,10.6325],[9.259166,10.636666],[9.275832,10.636667],[9.275833,10.644999],[9.284165,10.645],[9.284166,10.653333],[9.288332,10.653334],[9.288333,10.657499],[9.300832,10.6575],[9.300833,10.665833],[9.304998,10.665834],[9.304999,10.674166],[9.313333,10.674167],[9.313332,10.675008],[9.302357,10.680151],[9.291615,10.682501],[9.266364,10.688021],[9.225329,10.696986],[9.224903,10.697133],[9.224349,10.697641],[9.22338,10.698303],[9.222867,10.698462],[9.222325,10.698262],[9.221706,10.697659],[9.221022,10.697314],[9.220148,10.697416],[9.219039,10.697919],[9.217913,10.698117],[9.216185,10.698584],[9.214672,10.699994],[9.211734,10.700457],[9.210565,10.700117],[9.207719,10.701151],[9.204296,10.69848],[9.199377,10.697709],[9.197237,10.697007],[9.194773,10.696776],[9.192532,10.695397],[9.191247,10.695502],[9.18647,10.696448],[9.154476,10.709544],[9.136347,10.715161],[9.121438,10.716641],[9.109088,10.71827],[9.09147,10.719304],[9.082923,10.72063],[9.070964,10.704989],[9.054143,10.696143],[9.053818,10.686814]]]},"properties":{"Name":"Ruhu Primary Health Clinic","Site Location":[9.09935322161,10.5988303137],"Admin 0":["Nigeria"],"Admin 1":["Bauchi"],"Admin 2":["Toro"],"Admin 3":["Lame"],"Total population - WorldPop (2026)":7297,"Total population - WorldPop UN (2026)":7196,"Total population - Kontur (2023-10-31)":4508,"Total population - Meta (2023-04-21)":4296,"Total women - Meta (2023-04-21)":2148,"Total men - Meta (2023-04-21)":2148,"Children under 5 - Meta (2023-04-21)":614,"People 15 to 24 - Meta (2023-04-21)":614,"Women 15 to 49 - Meta (2023-04-21)":1228,"People 60 and older - Meta (2023-04-21)":0,"OpenStreetMap Buildings (2026-02-20)":0,"Google Buildings 60+% Confidence (2023-05)":6091,"Google Buildings 70+% Confidence (2023-05)":4846,"Google Buildings 80+% Confidence (2023-05)":1732,"Average Building Footprint (m²) (2023-05)":"26.57","Overture Buildings (2026-02-20)":5107,"lga_location_id":"nga-ba-5018","facility_level_text":"Health Post","organization_id":"org-8145948e-55c9-43e3-946b-fbb2665cdc59","status":"active","grid3_globalid":"8145948e-55c9-43e3-946b-fbb2665cdc59","ownership_text":"Local Government","nhfr_code":"05/18/1/1/1/0106","facility_level_code":"primary","ownership_code":"public","country":"Nigeria","state":"Bauchi","location_id":"8145948e-55c9-43e3-946b-fbb2665cdc59","nhfr_uid":"19672300","lga":"Toro"},"id":112},{"type":"Feature","geometry":{"type":"Polygon","coordinates":[[[9.525062,10.474166],[9.532209,10.466982],[9.537333,10.450359],[9.536551,10.45],[9.535227,10.449395],[9.533813,10.448227],[9.533072,10.445871],[9.531988,10.442841],[9.53119,10.437457],[9.530734,10.43353],[9.529877,10.423431],[9.529103,10.413007],[9.532271,10.403124],[9.53597,10.401911],[9.541729,10.402195],[9.544903,10.401416],[9.547098,10.400321],[9.551421,10.40033],[9.553634,10.401851],[9.554658,10.402089],[9.555443,10.401994],[9.55587,10.401447],[9.555251,10.400329],[9.554396,10.399377],[9.553424,10.397162],[9.552854,10.396878],[9.552377,10.396648],[9.551159,10.395755],[9.550436,10.39623],[9.549753,10.396448],[9.549427,10.396915],[9.54897,10.396915],[9.54817,10.396686],[9.547524,10.396478],[9.546933,10.396725],[9.546534,10.39661],[9.546363,10.396116],[9.546057,10.395907],[9.545467,10.39604],[9.544668,10.396058],[9.544306,10.395792],[9.543869,10.39505],[9.543584,10.39446],[9.543146,10.39427],[9.541585,10.394535],[9.541166,10.393908],[9.540614,10.393717],[9.540232,10.393241],[9.539757,10.391947],[9.5397,10.3901],[9.54321,10.382881],[9.54898,10.376693],[9.561373,10.368931],[9.565476,10.365834],[9.571665,10.365834],[9.571666,10.369166],[9.575832,10.369167],[9.575832,10.369327],[9.575212,10.370477],[9.57448,10.371088],[9.575309,10.371315],[9.576665,10.371311],[9.576665,10.372499],[9.575833,10.3725],[9.575833,10.374166],[9.577498,10.374167],[9.577499,10.374999],[9.578332,10.375],[9.578333,10.375833],[9.579165,10.375834],[9.579166,10.378333],[9.579998,10.378334],[9.579999,10.382499],[9.583332,10.3825],[9.583333,10.383333],[9.584998,10.383334],[9.584999,10.384166],[9.585832,10.384167],[9.585833,10.384999],[9.586665,10.385],[9.586666,10.385093],[9.586874,10.385531],[9.587453,10.385891],[9.587615,10.388333],[9.588332,10.388334],[9.588333,10.390833],[9.592498,10.390834],[9.592499,10.394999],[9.596665,10.395],[9.596666,10.403333],[9.604998,10.403334],[9.604999,10.407499],[9.609165,10.4075],[9.609166,10.411666],[9.613332,10.411667],[9.613333,10.415833],[9.617498,10.415834],[9.617499,10.419999],[9.618332,10.419999],[9.618333,10.419167],[9.619165,10.419167],[9.619166,10.419999],[9.620832,10.419999],[9.620833,10.419167],[9.621665,10.419167],[9.621665,10.424166],[9.617499,10.424167],[9.617498,10.428333],[9.613333,10.428334],[9.613332,10.429166],[9.611666,10.429167],[9.611665,10.434166],[9.610833,10.434167],[9.610832,10.436666],[9.604999,10.436667],[9.604998,10.439166],[9.604166,10.439167],[9.604165,10.440833],[9.600833,10.440834],[9.600832,10.443333],[9.599999,10.443333],[9.599998,10.4425],[9.59933,10.4425],[9.599201,10.444185],[9.598762,10.444291],[9.597098,10.443754],[9.596375,10.443805],[9.59608,10.443626],[9.595259,10.442102],[9.594776,10.441542],[9.594171,10.440834],[9.592499,10.440834],[9.592498,10.441667],[9.591666,10.441666],[9.591665,10.440834],[9.589999,10.440834],[9.589999,10.443333],[9.591665,10.443334],[9.591666,10.444166],[9.592498,10.444167],[9.592499,10.449166],[9.593332,10.449167],[9.593332,10.449999],[9.592499,10.45],[9.592498,10.457499],[9.588333,10.4575],[9.588332,10.464166],[9.584999,10.464166],[9.584998,10.462043],[9.584343,10.462523],[9.584492,10.464009],[9.584701,10.464536],[9.583532,10.464022],[9.583002,10.464025],[9.583042,10.463664],[9.582711,10.463582],[9.582598,10.463347],[9.582388,10.463328],[9.582333,10.463523],[9.582165,10.463923],[9.581757,10.463663],[9.581661,10.463598],[9.58162,10.463577],[9.581539,10.464225],[9.581369,10.466666],[9.579999,10.466667],[9.579998,10.468333],[9.577499,10.468334],[9.577498,10.469999],[9.571666,10.47],[9.571665,10.470833],[9.569676,10.470834],[9.569289,10.471111],[9.56834,10.471964],[9.568018,10.472071],[9.566494,10.472862],[9.564624,10.473332],[9.564625,10.473334],[9.567498,10.473334],[9.567498,10.474166],[9.556666,10.474167],[9.556665,10.479166],[9.554999,10.479167],[9.554998,10.479806],[9.554559,10.479562],[9.553884,10.479534],[9.553127,10.479155],[9.552499,10.479378],[9.552498,10.479167],[9.551666,10.479166],[9.551665,10.478334],[9.546666,10.478333],[9.546665,10.475663],[9.545789,10.475],[9.542499,10.474999],[9.542498,10.474167],[9.538333,10.474167],[9.538332,10.475833],[9.536666,10.475834],[9.536665,10.474167],[9.530833,10.474166],[9.530833,10.472013],[9.530687,10.471833],[9.529701,10.47254],[9.529331,10.473093],[9.528515,10.475404],[9.528541,10.475931],[9.528488,10.476048],[9.528563,10.476791],[9.528997,10.477399],[9.528906,10.477735],[9.528317,10.478333],[9.526666,10.478333],[9.526665,10.4775],[9.525833,10.477499],[9.525832,10.474167],[9.525062,10.474166]]]},"properties":{"Name":"Runtu Health Post","Site Location":[9.54422,10.42656],"Admin 0":["Nigeria"],"Admin 1":["Bauchi"],"Admin 2":["Toro"],"Admin 3":["Rauta Geji"],"Total population - WorldPop (2026)":5009,"Total population - WorldPop UN (2026)":4353,"Total population - Kontur (2023-10-31)":3979,"Total population - Meta (2023-04-21)":3764,"Total women - Meta (2023-04-21)":1882,"Total men - Meta (2023-04-21)":1882,"Children under 5 - Meta (2023-04-21)":538,"People 15 to 24 - Meta (2023-04-21)":538,"Women 15 to 49 - Meta (2023-04-21)":1075,"People 60 and older - Meta (2023-04-21)":0,"OpenStreetMap Buildings (2026-02-20)":2369,"Google Buildings 60+% Confidence (2023-05)":2839,"Google Buildings 70+% Confidence (2023-05)":2313,"Google Buildings 80+% Confidence (2023-05)":630,"Average Building Footprint (m²) (2023-05)":"21.75","Overture Buildings (2026-02-20)":2997,"ownership_code":"public","nhfr_code":"05/18/1/1/1/0069","location_id":"363fb6f1-6694-4335-b693-ccd63070ed8a","facility_level_text":"Health Post","status":"active","country":"Nigeria","state":"Bauchi","lga":"Toro","organization_id":"org-363fb6f1-6694-4335-b693-ccd63070ed8a","nhfr_uid":"47394107","lga_location_id":"nga-ba-5018","grid3_globalid":"363fb6f1-6694-4335-b693-ccd63070ed8a","facility_level_code":"primary","ownership_text":"Local Government"},"id":113},{"type":"Feature","geometry":{"type":"Polygon","coordinates":[[[9.261666,9.917902],[9.261666,9.917845],[9.262097,9.917312],[9.26266,9.917279],[9.263111,9.917025],[9.264178,9.916212],[9.264983,9.915968],[9.2651,9.915509],[9.264994,9.914294],[9.264709,9.913084],[9.265503,9.912418],[9.265873,9.912364],[9.265906,9.911668],[9.265905,9.911667],[9.265833,9.911666],[9.265833,9.91],[9.265835,9.909998],[9.265643,9.909284],[9.267344,9.907818],[9.268639,9.908717],[9.269632,9.909421],[9.270127,9.910074],[9.270353,9.910363],[9.27192,9.912016],[9.272225,9.913011],[9.272966,9.914166],[9.273332,9.914167],[9.273333,9.914472],[9.274182,9.915264],[9.27455,9.915345],[9.275221,9.915833],[9.275572,9.915833],[9.275832,9.915557],[9.275832,9.913334],[9.274166,9.913333],[9.274166,9.910834],[9.275832,9.910833],[9.275832,9.908334],[9.274999,9.908333],[9.274999,9.906667],[9.275832,9.906666],[9.275832,9.904167],[9.274999,9.904166],[9.274998,9.903334],[9.271666,9.903333],[9.271666,9.899167],[9.279998,9.899166],[9.279999,9.890834],[9.292498,9.890833],[9.292499,9.886667],[9.294165,9.886667],[9.294166,9.887499],[9.295329,9.8875],[9.294167,9.890657],[9.294156,9.895669],[9.296337,9.898005],[9.311162,9.898873],[9.3199,9.90133],[9.323086,9.901848],[9.325832,9.903354],[9.325832,9.911666],[9.321666,9.911667],[9.321666,9.914166],[9.323332,9.914167],[9.323333,9.916666],[9.321666,9.916667],[9.321665,9.932499],[9.309166,9.9325],[9.309166,9.934166],[9.309998,9.934167],[9.309999,9.935833],[9.309166,9.935834],[9.309166,9.936666],[9.313332,9.936667],[9.313332,9.940833],[9.309166,9.940834],[9.309165,9.942499],[9.306666,9.9425],[9.306665,9.943333],[9.305833,9.943334],[9.305832,9.944166],[9.304999,9.944167],[9.304998,9.947499],[9.304166,9.9475],[9.304165,9.948333],[9.302499,9.948334],[9.302498,9.949166],[9.301666,9.949166],[9.301665,9.9475],[9.300833,9.947499],[9.300833,9.945],[9.303239,9.945],[9.30324,9.944998],[9.302722,9.944709],[9.302487,9.944612],[9.302043,9.94427],[9.301001,9.943459],[9.300734,9.942994],[9.298124,9.942218],[9.297378,9.942142],[9.296539,9.941645],[9.296423,9.941595],[9.295587,9.941273],[9.29538,9.941167],[9.295204,9.940954],[9.295039,9.940824],[9.294333,9.940115],[9.29392,9.93944],[9.293356,9.938618],[9.29283,9.936554],[9.291858,9.935115],[9.291912,9.934617],[9.29224,9.934315],[9.292464,9.933152],[9.29175,9.932534],[9.290748,9.932075],[9.290425,9.93197],[9.290184,9.93197],[9.289873,9.932042],[9.289932,9.931639],[9.290154,9.928857],[9.290091,9.928489],[9.289936,9.927954],[9.289101,9.927471],[9.288604,9.926938],[9.288334,9.926185],[9.288333,9.926186],[9.288332,9.928333],[9.287499,9.928333],[9.287498,9.9275],[9.285833,9.927499],[9.285832,9.925],[9.283333,9.924999],[9.283332,9.924167],[9.282499,9.924166],[9.282498,9.923334],[9.279999,9.923334],[9.279998,9.924167],[9.278436,9.924167],[9.278346,9.924144],[9.27806,9.923895],[9.277477,9.923558],[9.276656,9.923257],[9.275833,9.923622],[9.275832,9.924166],[9.271666,9.924166],[9.271665,9.923334],[9.270833,9.923333],[9.270832,9.921667],[9.268333,9.921666],[9.268333,9.920926],[9.269531,9.91934],[9.268775,9.91839],[9.26796,9.917835],[9.266999,9.917375],[9.266753,9.917395],[9.26656,9.917432],[9.266441,9.917497],[9.265498,9.917723],[9.264613,9.91775],[9.264553,9.918452],[9.262805,9.918357],[9.261666,9.917902]],[[9.275833,9.923622],[9.275832,9.923334],[9.275756,9.923334],[9.275685,9.923672],[9.275833,9.923622]]]},"properties":{"Name":"Sabon Gari Zakshi Health Post","Site Location":[9.29674,9.94156],"Admin 0":["Nigeria"],"Admin 1":["Bauchi"],"Admin 2":["Toro"],"Admin 3":["Palama"],"Total population - WorldPop (2026)":2120,"Total population - WorldPop UN (2026)":2341,"Total population - Kontur (2023-10-31)":2484,"Total population - Meta (2023-04-21)":2345,"Total women - Meta (2023-04-21)":1173,"Total men - Meta (2023-04-21)":1173,"Children under 5 - Meta (2023-04-21)":335,"People 15 to 24 - Meta (2023-04-21)":335,"Women 15 to 49 - Meta (2023-04-21)":670,"People 60 and older - Meta (2023-04-21)":0,"OpenStreetMap Buildings (2026-02-20)":730,"Google Buildings 60+% Confidence (2023-05)":886,"Google Buildings 70+% Confidence (2023-05)":700,"Google Buildings 80+% Confidence (2023-05)":307,"Average Building Footprint (m²) (2023-05)":"30.33","Overture Buildings (2026-02-20)":1153,"grid3_globalid":"4f180bc5-da4a-45a6-8cd5-45c2ec9f3ad3","status":"active","country":"Nigeria","state":"Bauchi","lga":"Toro","organization_id":"org-4f180bc5-da4a-45a6-8cd5-45c2ec9f3ad3","lga_location_id":"nga-ba-5018","location_id":"4f180bc5-da4a-45a6-8cd5-45c2ec9f3ad3","facility_level_code":"primary","ownership_code":"public","nhfr_code":"05/18/1/1/1/0070","nhfr_uid":"70848283","facility_level_text":"Health Post","ownership_text":"Local Government"},"id":114},{"type":"Feature","geometry":{"type":"Polygon","coordinates":[[[9.341723,10.201575],[9.348424,10.193334],[9.354176,10.186257],[9.36309,10.179449],[9.368581,10.173554],[9.368783,10.173332],[9.37178,10.170066],[9.373214,10.168501],[9.374062,10.167561],[9.375995,10.165413],[9.378991,10.162535],[9.382148,10.159167],[9.382498,10.159166],[9.382499,10.158974],[9.384898,10.157861],[9.385628,10.157139],[9.386287,10.158294],[9.386588,10.158501],[9.386272,10.159515],[9.386347,10.160311],[9.386755,10.160729],[9.387838,10.162497],[9.388063,10.163701],[9.386583,10.16527],[9.386261,10.1664],[9.386187,10.168341],[9.388424,10.166902],[9.389357,10.166927],[9.390305,10.166791],[9.391046,10.16696],[9.391449,10.167218],[9.392189,10.166786],[9.392634,10.166707],[9.393493,10.16697],[9.394165,10.166885],[9.394165,10.169166],[9.392499,10.169167],[9.392499,10.169999],[9.396665,10.17],[9.396666,10.174166],[9.397498,10.174167],[9.397499,10.175833],[9.398332,10.175834],[9.398333,10.178333],[9.404998,10.178334],[9.404998,10.179999],[9.402499,10.18],[9.402499,10.183333],[9.403332,10.183334],[9.403333,10.187499],[9.404165,10.1875],[9.404166,10.188333],[9.405558,10.188333],[9.406259,10.187194],[9.406277,10.186116],[9.408332,10.186116],[9.408333,10.185834],[9.409165,10.185834],[9.409166,10.190833],[9.414165,10.190833],[9.414166,10.189215],[9.417324,10.189215],[9.417034,10.190598],[9.416462,10.192064],[9.415178,10.193627],[9.414999,10.194319],[9.414838,10.194785],[9.415514,10.196148],[9.41613,10.196981],[9.416476,10.197438],[9.417064,10.198338],[9.417155,10.198401],[9.41746,10.198418],[9.418313,10.199008],[9.418463,10.199098],[9.418529,10.199157],[9.418919,10.199378],[9.419253,10.199713],[9.419531,10.200011],[9.419997,10.200351],[9.419999,10.200351],[9.419999,10.199167],[9.421665,10.199167],[9.421666,10.202499],[9.423332,10.202499],[9.423333,10.201396],[9.424092,10.200878],[9.424413,10.200846],[9.425832,10.199493],[9.425832,10.203333],[9.424166,10.203334],[9.424166,10.204999],[9.428332,10.205],[9.428333,10.207499],[9.429998,10.2075],[9.429999,10.208645],[9.428862,10.209031],[9.426437,10.210224],[9.424014,10.210363],[9.422088,10.209662],[9.414126,10.21135],[9.409016,10.211935],[9.403548,10.211467],[9.397773,10.209803],[9.393995,10.209942],[9.391973,10.209501],[9.389003,10.209943],[9.385763,10.210372],[9.380057,10.210949],[9.378416,10.209896],[9.376301,10.209125],[9.374424,10.20847],[9.371523,10.207534],[9.367459,10.205943],[9.361032,10.204979],[9.356454,10.204352],[9.351725,10.203745],[9.349062,10.203253],[9.346221,10.202823],[9.345,10.202789],[9.343619,10.202457],[9.341723,10.201575]]]},"properties":{"Name":"Sabon Garin Nabardo Health Post","Site Location":[9.36678,10.20572],"Admin 0":["Nigeria"],"Admin 1":["Bauchi"],"Admin 2":["Toro"],"Admin 3":["Jama'a #1"],"Total population - WorldPop (2026)":3472,"Total population - WorldPop UN (2026)":2895,"Total population - Kontur (2023-10-31)":2150,"Total population - Meta (2023-04-21)":1653,"Total women - Meta (2023-04-21)":827,"Total men - Meta (2023-04-21)":827,"Children under 5 - Meta (2023-04-21)":236,"People 15 to 24 - Meta (2023-04-21)":236,"Women 15 to 49 - Meta (2023-04-21)":472,"People 60 and older - Meta (2023-04-21)":0,"OpenStreetMap Buildings (2026-02-20)":1394,"Google Buildings 60+% Confidence (2023-05)":1518,"Google Buildings 70+% Confidence (2023-05)":1188,"Google Buildings 80+% Confidence (2023-05)":438,"Average Building Footprint (m²) (2023-05)":"37.79","Overture Buildings (2026-02-20)":1633,"nhfr_code":"05/18/1/1/2/0016","status":"active","state":"Bauchi","lga_location_id":"nga-ba-5018","organization_id":"org-6879709c-8fa1-4040-9ff9-e1c366d8e2ad","country":"Nigeria","lga":"Toro","facility_level_code":"primary","ownership_text":"Local Government","ownership_code":"public","location_id":"6879709c-8fa1-4040-9ff9-e1c366d8e2ad","facility_level_text":"Health Post","grid3_globalid":"6879709c-8fa1-4040-9ff9-e1c366d8e2ad","nhfr_uid":"61760400"},"id":115},{"type":"Feature","geometry":{"type":"Polygon","coordinates":[[[8.942699,10.042086],[8.942978,10.041905],[8.943906,10.041446],[8.944667,10.040786],[8.94501,10.040517],[8.945536,10.040225],[8.945725,10.04003],[8.946083,10.039741],[8.946577,10.038906],[8.946891,10.038358],[8.94689,10.038356],[8.944015,10.037919],[8.944164,10.037506],[8.944496,10.037273],[8.944759,10.037093],[8.945445,10.03645],[8.945559,10.036322],[8.946035,10.035969],[8.946352,10.035837],[8.946488,10.035784],[8.946584,10.0357],[8.947498,10.035126],[8.947499,10.035833],[8.950832,10.035833],[8.950832,10.035],[8.949999,10.034999],[8.949998,10.034167],[8.948401,10.034166],[8.94854,10.033856],[8.948614,10.033766],[8.949248,10.032525],[8.949341,10.032429],[8.94955,10.032023],[8.949877,10.032023],[8.950354,10.032033],[8.951448,10.032002],[8.951544,10.032038],[8.951636,10.031944],[8.952475,10.032208],[8.952476,10.032208],[8.952476,10.028645],[8.950833,10.028968],[8.950833,10.024844],[8.951695,10.025052],[8.951931,10.024263],[8.952307,10.02364],[8.952441,10.023735],[8.953084,10.024431],[8.953105,10.024457],[8.953378,10.0241],[8.953558,10.023853],[8.954088,10.02317],[8.954325,10.023351],[8.954485,10.023016],[8.954726,10.022699],[8.955342,10.020841],[8.955415,10.020478],[8.955359,10.020068],[8.955368,10.02],[8.959165,10.02],[8.959166,10.024166],[8.959101,10.024167],[8.958931,10.02553],[8.958144,10.025388],[8.958023,10.025953],[8.957466,10.025855],[8.957429,10.0261],[8.957997,10.026175],[8.957826,10.027469],[8.957739,10.02785],[8.957677,10.028333],[8.955198,10.028334],[8.955144,10.028678],[8.954999,10.028664],[8.954999,10.030425],[8.95622,10.031341],[8.956221,10.035542],[8.958128,10.035833],[8.957499,10.035834],[8.957499,10.036666],[8.959165,10.036667],[8.959165,10.049166],[8.956666,10.049166],[8.956665,10.048334],[8.955833,10.048333],[8.955832,10.0475],[8.952879,10.0475],[8.95244,10.048594],[8.952834,10.0475],[8.951666,10.0475],[8.951665,10.049166],[8.946666,10.049166],[8.946665,10.046667],[8.944999,10.046667],[8.944998,10.049144],[8.944615,10.047537],[8.944078,10.04646],[8.94337,10.04601],[8.943771,10.044768],[8.943764,10.044719],[8.943713,10.0446],[8.943739,10.044549],[8.943706,10.04434],[8.9437,10.044167],[8.943333,10.044166],[8.943333,10.043354],[8.943305,10.04319],[8.943154,10.042978],[8.942699,10.042086]],[[8.95669,10.026962],[8.9573,10.027088],[8.957428,10.026101],[8.956931,10.026012],[8.956786,10.026012],[8.95669,10.026962]]]},"properties":{"Name":"Sabon Garin Narabi Health Clinic","Site Location":[8.95357099973,10.0260890005],"Admin 0":["Nigeria"],"Admin 1":["Bauchi"],"Admin 2":["Toro"],"Admin 3":["Tilde"],"Total population - WorldPop (2026)":3636,"Total population - WorldPop UN (2026)":3193,"Total population - Kontur (2023-10-31)":2976,"Total population - Meta (2023-04-21)":2865,"Total women - Meta (2023-04-21)":1433,"Total men - Meta (2023-04-21)":1433,"Children under 5 - Meta (2023-04-21)":498,"People 15 to 24 - Meta (2023-04-21)":498,"Women 15 to 49 - Meta (2023-04-21)":498,"People 60 and older - Meta (2023-04-21)":0,"OpenStreetMap Buildings (2026-02-20)":1324,"Google Buildings 60+% Confidence (2023-05)":1704,"Google Buildings 70+% Confidence (2023-05)":1426,"Google Buildings 80+% Confidence (2023-05)":832,"Average Building Footprint (m²) (2023-05)":"66.55","Overture Buildings (2026-02-20)":1482,"lga":"Toro","ownership_code":"public","grid3_globalid":"0ab26d59-621b-4923-ae09-a2724602bf5a","nhfr_uid":"78896530","location_id":"0ab26d59-621b-4923-ae09-a2724602bf5a","ownership_text":"Local Government","facility_level_code":"primary","facility_level_text":"Primary Health Clinic","lga_location_id":"nga-ba-5018","country":"Nigeria","nhfr_code":"05/18/1/1/1/0071","state":"Bauchi","status":"active","organization_id":"org-0ab26d59-621b-4923-ae09-a2724602bf5a"},"id":116},{"type":"Feature","geometry":{"type":"Polygon","coordinates":[[[8.933792,10.415834],[8.934166,10.415833],[8.934166,10.411667],[8.938332,10.411666],[8.938333,10.4075],[8.942498,10.407499],[8.942499,10.403334],[8.946665,10.403333],[8.946666,10.399167],[8.950832,10.399166],[8.950833,10.390834],[8.967498,10.390833],[8.967499,10.386667],[8.971665,10.386666],[8.971666,10.3825],[8.975832,10.382499],[8.975833,10.378334],[8.986665,10.378334],[8.986666,10.379167],[8.988332,10.379166],[8.988333,10.378334],[8.991665,10.378334],[8.991666,10.379999],[8.992498,10.38],[8.992499,10.382499],[8.994165,10.3825],[8.994166,10.383333],[8.996665,10.383334],[8.996666,10.386666],[9.000832,10.386667],[9.000833,10.392499],[9.002498,10.3925],[9.002499,10.394999],[9.009165,10.395],[9.009166,10.395726],[9.009781,10.396073],[9.010114,10.396311],[9.010778,10.395895],[9.01131,10.39559],[9.011481,10.395144],[9.012195,10.393763],[9.012405,10.393815],[9.013503,10.393621],[9.013907,10.393969],[9.014733,10.395236],[9.015247,10.396613],[9.01513,10.397614],[9.017498,10.39647],[9.017499,10.403333],[9.019165,10.403333],[9.019166,10.4025],[9.021665,10.4025],[9.021666,10.407499],[9.025832,10.4075],[9.025833,10.411666],[9.026665,10.411666],[9.026666,10.410834],[9.028332,10.410834],[9.028333,10.411666],[9.029999,10.411667],[9.029998,10.415833],[9.021666,10.415834],[9.021665,10.419166],[9.020833,10.419167],[9.020832,10.419999],[9.009166,10.42],[9.009165,10.424166],[9.004999,10.424167],[9.004998,10.428333],[9.001666,10.428334],[9.001665,10.429166],[9.000833,10.429167],[9.000832,10.436666],[8.999999,10.436666],[8.999998,10.434167],[8.999167,10.434167],[8.999165,10.434999],[8.998333,10.435],[8.998332,10.435833],[8.997499,10.435834],[8.997498,10.436666],[8.996666,10.436666],[8.996665,10.4325],[8.993333,10.4325],[8.993333,10.434999],[8.994165,10.435],[8.994165,10.436666],[8.988333,10.436667],[8.988332,10.444166],[8.986666,10.444167],[8.986665,10.444999],[8.984166,10.445],[8.984165,10.446667],[8.982499,10.446666],[8.982498,10.445834],[8.981666,10.445833],[8.981665,10.445],[8.975833,10.445],[8.975832,10.453333],[8.971666,10.453334],[8.971665,10.461666],[8.967499,10.461667],[8.967498,10.465904],[8.963495,10.46493],[8.95781,10.457226],[8.953983,10.453227],[8.950231,10.44702],[8.935078,10.418801],[8.933792,10.415834]]]},"properties":{"Name":"Sabon Garin Tulu Health Post","Site Location":[9.00589,10.40528],"Admin 0":["Nigeria"],"Admin 1":["Bauchi"],"Admin 2":["Toro"],"Admin 3":["Zalau"],"Total population - WorldPop (2026)":3429,"Total population - WorldPop UN (2026)":2947,"Total population - Kontur (2023-10-31)":4272,"Total population - Meta (2023-04-21)":3639,"Total women - Meta (2023-04-21)":1820,"Total men - Meta (2023-04-21)":1820,"Children under 5 - Meta (2023-04-21)":520,"People 15 to 24 - Meta (2023-04-21)":520,"Women 15 to 49 - Meta (2023-04-21)":1040,"People 60 and older - Meta (2023-04-21)":0,"OpenStreetMap Buildings (2026-02-20)":415,"Google Buildings 60+% Confidence (2023-05)":1753,"Google Buildings 70+% Confidence (2023-05)":1500,"Google Buildings 80+% Confidence (2023-05)":658,"Average Building Footprint (m²) (2023-05)":"41.06","Overture Buildings (2026-02-20)":1488,"state":"Bauchi","lga_location_id":"nga-ba-5018","status":"active","organization_id":"org-55b5020d-fcf5-4452-9c3c-e5c1698f9f6f","nhfr_code":"","nhfr_uid":"","location_id":"55b5020d-fcf5-4452-9c3c-e5c1698f9f6f","facility_level_code":"primary","facility_level_text":"Health Post","country":"Nigeria","ownership_text":"Unknown","lga":"Toro","grid3_globalid":"55b5020d-fcf5-4452-9c3c-e5c1698f9f6f","ownership_code":"public"},"id":117},{"type":"Feature","geometry":{"type":"Polygon","coordinates":[[[8.929999,10.698333],[8.929999,10.695],[8.934165,10.694999],[8.934166,10.694167],[8.934998,10.694166],[8.934998,10.691667],[8.934166,10.691666],[8.934165,10.688334],[8.933333,10.688333],[8.933332,10.6875],[8.932499,10.687499],[8.932499,10.685834],[8.933332,10.685833],[8.933333,10.68497],[8.933677,10.685141],[8.935831,10.687389],[8.935832,10.687389],[8.935832,10.683334],[8.934166,10.683333],[8.934166,10.678334],[8.934998,10.678333],[8.934999,10.675834],[8.938332,10.675833],[8.938332,10.67],[8.934166,10.669999],[8.934166,10.6575],[8.934998,10.657499],[8.934999,10.656667],[8.938332,10.656666],[8.938333,10.653334],[8.944165,10.653334],[8.944166,10.654166],[8.944998,10.654167],[8.944999,10.653334],[8.946665,10.653333],[8.946666,10.650015],[8.947709,10.6499],[8.948422,10.650316],[8.949148,10.651117],[8.951003,10.652161],[8.951314,10.652331],[8.951991,10.653333],[8.954165,10.653334],[8.954165,10.65],[8.953333,10.649999],[8.953333,10.649167],[8.959165,10.649167],[8.959166,10.653333],[8.963332,10.653334],[8.963333,10.649167],[8.975832,10.649166],[8.975832,10.643334],[8.974999,10.643333],[8.974999,10.643094],[8.975106,10.643108],[8.975411,10.643088],[8.975766,10.642993],[8.976248,10.643072],[8.97686,10.642867],[8.977975,10.642845],[8.97885,10.642435],[8.979826,10.642408],[8.980497,10.642219],[8.980832,10.642306],[8.980832,10.644166],[8.979999,10.644167],[8.979999,10.644999],[8.984165,10.644999],[8.984166,10.640834],[8.988332,10.640833],[8.988333,10.636667],[8.998332,10.636666],[8.998333,10.635834],[8.998829,10.635833],[8.999239,10.635],[8.999294,10.634336],[8.999572,10.6325],[9.009165,10.6325],[9.009165,10.633333],[9.008333,10.633334],[9.008333,10.635833],[9.010832,10.635833],[9.010833,10.635],[9.011665,10.634999],[9.011665,10.6325],[9.009999,10.632499],[9.009998,10.63],[9.009166,10.629999],[9.009166,10.628334],[9.013332,10.628334],[9.013333,10.6325],[9.021665,10.632499],[9.021666,10.628334],[9.024998,10.628334],[9.024998,10.629166],[9.024166,10.629167],[9.024166,10.631667],[9.025414,10.631666],[9.025868,10.630752],[9.026437,10.630092],[9.02651,10.629167],[9.033332,10.629167],[9.033333,10.629999],[9.034165,10.63],[9.034166,10.632499],[9.041665,10.6325],[9.041666,10.633333],[9.042498,10.633334],[9.042499,10.636667],[9.046665,10.636666],[9.046666,10.6325],[9.058332,10.6325],[9.058333,10.633333],[9.059165,10.633334],[9.059166,10.634999],[9.061665,10.635],[9.061666,10.636666],[9.062498,10.636667],[9.062499,10.637499],[9.064998,10.637499],[9.064999,10.636667],[9.071665,10.636667],[9.071666,10.640833],[9.076323,10.640834],[9.070246,10.663135],[9.066691,10.667649],[9.053818,10.686813],[9.054142,10.696143],[9.070964,10.704989],[9.082922,10.72063],[9.068578,10.722857],[9.052315,10.728182],[9.035246,10.737786],[9.043344,10.775284],[9.042499,10.775933],[9.042498,10.774167],[9.034166,10.774166],[9.034165,10.77],[9.025833,10.769999],[9.025832,10.765834],[9.021666,10.765834],[9.021665,10.769999],[9.017499,10.769999],[9.017498,10.765834],[9.013333,10.765833],[9.013332,10.761667],[9.009166,10.761666],[9.009165,10.7575],[9.000833,10.757499],[9.000832,10.753334],[8.996666,10.753333],[8.996665,10.749167],[8.979999,10.749166],[8.979998,10.745],[8.975833,10.744999],[8.975832,10.740834],[8.971666,10.740833],[8.971665,10.736667],[8.968333,10.736666],[8.968332,10.735834],[8.967499,10.735833],[8.967498,10.7325],[8.954999,10.732499],[8.954998,10.724167],[8.942499,10.724166],[8.942498,10.72],[8.938333,10.72],[8.938332,10.724166],[8.934166,10.724166],[8.934165,10.72],[8.929999,10.719999],[8.929999,10.699167],[8.930832,10.699166],[8.930833,10.698334],[8.929999,10.698333]]]},"properties":{"Name":"Sabon Garin Tulu Primary Health Clinic","Site Location":[9.009657,10.675517],"Admin 0":["Nigeria"],"Admin 1":["Bauchi"],"Admin 2":["Toro"],"Admin 3":["Tama #1"],"Total population - WorldPop (2026)":8616,"Total population - WorldPop UN (2026)":7960,"Total population - Kontur (2023-10-31)":10280,"Total population - Meta (2023-04-21)":9479,"Total women - Meta (2023-04-21)":4739,"Total men - Meta (2023-04-21)":4739,"Children under 5 - Meta (2023-04-21)":1415,"People 15 to 24 - Meta (2023-04-21)":1415,"Women 15 to 49 - Meta (2023-04-21)":2617,"People 60 and older - Meta (2023-04-21)":0,"OpenStreetMap Buildings (2026-02-20)":2244,"Google Buildings 60+% Confidence (2023-05)":6945,"Google Buildings 70+% Confidence (2023-05)":5787,"Google Buildings 80+% Confidence (2023-05)":2432,"Average Building Footprint (m²) (2023-05)":"37.02","Overture Buildings (2026-02-20)":6398,"lga_location_id":"nga-ba-5018","state":"Bauchi","organization_id":"org-07c0aebf-9de5-4114-95b2-71583ac9f325","nhfr_uid":"67416647","facility_level_code":"primary","nhfr_code":"05/18/1/1/1/0072","facility_level_text":"Primary Health Center","grid3_globalid":"07c0aebf-9de5-4114-95b2-71583ac9f325","country":"Nigeria","ownership_text":"Local Government","location_id":"07c0aebf-9de5-4114-95b2-71583ac9f325","status":"active","ownership_code":"public","lga":"Toro"},"id":118},{"type":"Feature","geometry":{"type":"Polygon","coordinates":[[[9.085833,10.116667],[9.086665,10.116666],[9.086666,10.115],[9.087498,10.114999],[9.087499,10.114167],[9.088333,10.114166],[9.088332,10.113334],[9.087499,10.113333],[9.087498,10.108334],[9.086666,10.108333],[9.086666,10.108179],[9.087216,10.108217],[9.088155,10.107991],[9.089437,10.107298],[9.089534,10.106396],[9.090064,10.105265],[9.090189,10.104045],[9.090692,10.102008],[9.090548,10.10151],[9.090585,10.100692],[9.090189,10.099985],[9.090187,10.099949],[9.090135,10.099945],[9.090113,10.09821],[9.089162,10.096618],[9.088965,10.096293],[9.088901,10.095785],[9.089222,10.093815],[9.089175,10.093098],[9.08903,10.092553],[9.089118,10.091667],[9.089998,10.091667],[9.089999,10.093333],[9.092499,10.093333],[9.092498,10.090834],[9.089002,10.090833],[9.089209,10.089507],[9.089208,10.089506],[9.088858,10.089548],[9.089173,10.089147],[9.08949,10.088227],[9.089381,10.087907],[9.089249,10.087616],[9.089145,10.087449],[9.088707,10.087045],[9.088461,10.086965],[9.088456,10.08695],[9.088113,10.085968],[9.087232,10.086025],[9.087008,10.085471],[9.087286,10.084789],[9.087329,10.084167],[9.088332,10.084166],[9.088333,10.081667],[9.090832,10.081666],[9.090833,10.080834],[9.091665,10.080833],[9.091666,10.078334],[9.092498,10.078333],[9.092499,10.074167],[9.100832,10.074166],[9.100833,10.07],[9.104998,10.07],[9.104999,10.071666],[9.105833,10.071667],[9.105832,10.074166],[9.104999,10.074167],[9.104999,10.075833],[9.105832,10.075834],[9.105833,10.076666],[9.111665,10.076667],[9.111666,10.077499],[9.112498,10.0775],[9.112499,10.07761],[9.112853,10.077263],[9.113626,10.076602],[9.114049,10.076139],[9.114254,10.075785],[9.114382,10.075678],[9.114645,10.075356],[9.114752,10.075197],[9.114875,10.074892],[9.11486,10.074833],[9.11486,10.074406],[9.115111,10.074401],[9.115305,10.074468],[9.115524,10.074442],[9.115541,10.074278],[9.115595,10.07411],[9.116002,10.07356],[9.116233,10.073375],[9.117101,10.072647],[9.117498,10.072409],[9.117579,10.072319],[9.117815,10.072082],[9.117923,10.071989],[9.117858,10.071923],[9.117853,10.071834],[9.117938,10.071517],[9.117953,10.071491],[9.11797,10.071425],[9.118009,10.071395],[9.118105,10.071221],[9.118202,10.071183],[9.118292,10.071052],[9.118369,10.070786],[9.119076,10.070833],[9.119085,10.07078],[9.119442,10.0708],[9.119913,10.070859],[9.120312,10.070915],[9.120833,10.070968],[9.120911,10.070975],[9.121311,10.070979],[9.121561,10.070993],[9.121981,10.071027],[9.122374,10.071077],[9.122744,10.071105],[9.123188,10.071291],[9.123956,10.071673],[9.124334,10.071912],[9.124612,10.072108],[9.124868,10.072396],[9.124983,10.072495],[9.124884,10.072727],[9.125712,10.073417],[9.126312,10.073762],[9.127125,10.074499],[9.127844,10.074997],[9.128344,10.075278],[9.129197,10.075574],[9.130224,10.075874],[9.131383,10.076247],[9.132658,10.076735],[9.134349,10.077277],[9.135262,10.077558],[9.13646,10.077951],[9.137449,10.078325],[9.138457,10.078588],[9.141665,10.079673],[9.143218,10.080213],[9.144987,10.080738],[9.145298,10.080832],[9.145636,10.080937],[9.147116,10.081411],[9.147876,10.081729],[9.148561,10.081972],[9.149131,10.082104],[9.149815,10.082496],[9.149802,10.082459],[9.151842,10.083654],[9.152754,10.084064],[9.153382,10.084289],[9.154941,10.084309],[9.155246,10.084607],[9.155663,10.084777],[9.155796,10.085206],[9.155835,10.085601],[9.155968,10.086068],[9.156254,10.086386],[9.156538,10.086499],[9.156729,10.086985],[9.157128,10.087061],[9.157565,10.08721],[9.157869,10.087454],[9.158002,10.087883],[9.158136,10.088333],[9.158497,10.088445],[9.158953,10.088427],[9.159314,10.088782],[9.159808,10.088839],[9.16017,10.089156],[9.160608,10.088969],[9.161216,10.088802],[9.162837,10.089173],[9.163117,10.08912],[9.163118,10.088839],[9.163498,10.088632],[9.163839,10.088109],[9.163935,10.087791],[9.164429,10.087621],[9.164886,10.087229],[9.165923,10.08749],[9.166837,10.08766],[9.167711,10.087902],[9.16813,10.088052],[9.168777,10.088053],[9.16984,10.088146],[9.170697,10.08809],[9.171971,10.088352],[9.173092,10.08837],[9.174423,10.087716],[9.174708,10.087473],[9.175548,10.0884],[9.176231,10.088605],[9.177153,10.089219],[9.178132,10.089803],[9.178905,10.090184],[9.179796,10.090302],[9.180331,10.090622],[9.181281,10.091471],[9.181877,10.092026],[9.18253,10.092231],[9.183272,10.092232],[9.184194,10.093051],[9.184962,10.094042],[9.18556,10.094805],[9.185946,10.095273],[9.18654,10.095244],[9.187076,10.094894],[9.187788,10.094718],[9.188471,10.094893],[9.189303,10.094865],[9.189957,10.094982],[9.190433,10.095567],[9.191027,10.096356],[9.191412,10.096911],[9.191711,10.097496],[9.192275,10.098023],[9.20087,10.10051],[9.20876,10.102662],[9.217221,10.105845],[9.214869,10.115833],[9.205582,10.155234],[9.202293,10.160673],[9.199916,10.166054],[9.196448,10.172794],[9.185147,10.170001],[9.15005,10.161318],[9.138119,10.149098],[9.134545,10.148834],[9.123593,10.151624],[9.1224,10.151547],[9.121219,10.151911],[9.119808,10.153794],[9.119617,10.154685],[9.119589,10.155617],[9.120104,10.158789],[9.117493,10.159555],[9.115267,10.159098],[9.113496,10.158033],[9.111155,10.158033],[9.109858,10.158076],[9.109691,10.158683],[9.109356,10.159327],[9.109069,10.15942],[9.108824,10.159183],[9.108622,10.159308],[9.108492,10.159592],[9.108253,10.15963],[9.107344,10.160307],[9.106674,10.160833],[9.106666,10.160834],[9.106665,10.16084],[9.106344,10.161092],[9.106302,10.161288],[9.105678,10.161443],[9.105047,10.16161],[9.104839,10.162085],[9.104242,10.162684],[9.103959,10.162616],[9.10384,10.162692],[9.103821,10.162907],[9.103447,10.163555],[9.103067,10.1639],[9.10325,10.164162],[9.103072,10.164252],[9.102298,10.16519],[9.101941,10.165123],[9.100868,10.163678],[9.09957,10.162352],[9.098956,10.161694],[9.09847,10.159539],[9.098212,10.158568],[9.097456,10.158283],[9.096414,10.158425],[9.096014,10.157468],[9.095819,10.156406],[9.089166,10.15],[9.089998,10.149999],[9.089998,10.1475],[9.088333,10.147499],[9.088332,10.14],[9.087499,10.139999],[9.087498,10.139167],[9.086666,10.139166],[9.086666,10.136667],[9.089998,10.136666],[9.089999,10.135834],[9.090832,10.135833],[9.090833,10.135],[9.089166,10.134999],[9.089165,10.13],[9.088333,10.129999],[9.088332,10.129167],[9.087499,10.129166],[9.087499,10.128334],[9.088332,10.128333],[9.088332,10.124167],[9.085833,10.124166],[9.085833,10.116667]]]},"properties":{"Name":"Salarma Health Post","Site Location":[9.10175800042,10.0841999999],"Admin 0":["Nigeria"],"Admin 1":["Bauchi"],"Admin 2":["Toro"],"Admin 3":["Ribina East"],"Total population - WorldPop (2026)":16104,"Total population - WorldPop UN (2026)":13028,"Total population - Kontur (2023-10-31)":16983,"Total population - Meta (2023-04-21)":14689,"Total women - Meta (2023-04-21)":7344,"Total men - Meta (2023-04-21)":7344,"Children under 5 - Meta (2023-04-21)":2098,"People 15 to 24 - Meta (2023-04-21)":2098,"Women 15 to 49 - Meta (2023-04-21)":4197,"People 60 and older - Meta (2023-04-21)":0,"OpenStreetMap Buildings (2026-02-20)":4621,"Google Buildings 60+% Confidence (2023-05)":6616,"Google Buildings 70+% Confidence (2023-05)":5594,"Google Buildings 80+% Confidence (2023-05)":2922,"Average Building Footprint (m²) (2023-05)":"34.68","Overture Buildings (2026-02-20)":6854,"facility_level_text":"Health Post","ownership_code":"public","grid3_globalid":"323fce00-83d5-4f50-ba7f-abcc34d909cc","country":"Nigeria","lga_location_id":"nga-ba-5018","nhfr_code":"05/18/1/1/1/0073","state":"Bauchi","lga":"Toro","ownership_text":"Local Government","nhfr_uid":"28824231","location_id":"323fce00-83d5-4f50-ba7f-abcc34d909cc","status":"active","organization_id":"org-323fce00-83d5-4f50-ba7f-abcc34d909cc","facility_level_code":"primary"},"id":119},{"type":"Feature","geometry":{"type":"Polygon","coordinates":[[[8.793333,10.615],[8.794165,10.614999],[8.794166,10.614167],[8.794998,10.614166],[8.794998,10.613334],[8.794166,10.613333],[8.794166,10.611667],[8.800832,10.611666],[8.800832,10.609167],[8.799999,10.609166],[8.799999,10.606667],[8.800832,10.606666],[8.800833,10.603334],[8.804998,10.603333],[8.804999,10.599167],[8.809165,10.599166],[8.809166,10.595],[8.809998,10.594999],[8.809999,10.593334],[8.812498,10.593334],[8.812499,10.594999],[8.813332,10.594999],[8.813333,10.590834],[8.816665,10.590833],[8.816666,10.589167],[8.817498,10.589166],[8.817499,10.586667],[8.820832,10.586666],[8.820833,10.58613],[8.8218,10.586183],[8.82203,10.586122],[8.822616,10.586024],[8.823147,10.585963],[8.823796,10.585927],[8.823809,10.585843],[8.823809,10.585834],[8.823333,10.585833],[8.823333,10.5825],[8.825832,10.582499],[8.825833,10.578334],[8.829998,10.578333],[8.829999,10.5775],[8.832498,10.577499],[8.832499,10.576667],[8.833332,10.576666],[8.833333,10.574167],[8.834165,10.574166],[8.834166,10.57],[8.834999,10.569999],[8.834998,10.569167],[8.833418,10.569166],[8.833785,10.56803],[8.83377,10.56734],[8.834702,10.567039],[8.835137,10.566818],[8.835491,10.566654],[8.837121,10.566591],[8.8385,10.567213],[8.838893,10.567724],[8.839402,10.568057],[8.840716,10.568505],[8.842722,10.568937],[8.843064,10.568887],[8.842661,10.57063],[8.841649,10.572207],[8.84072,10.574529],[8.839202,10.575193],[8.837261,10.579173],[8.835659,10.580833],[8.835658,10.582741],[8.835574,10.584731],[8.836081,10.587303],[8.836417,10.589043],[8.835067,10.590703],[8.832537,10.596401],[8.832958,10.604553],[8.832199,10.607207],[8.833717,10.609861],[8.834055,10.612348],[8.832874,10.613924],[8.83203,10.615666],[8.815493,10.627359],[8.813299,10.630097],[8.814987,10.637063],[8.820977,10.647511],[8.83127,10.663763],[8.82188,10.672254],[8.804246,10.640834],[8.79396,10.6225],[8.794165,10.622499],[8.794166,10.622192],[8.794206,10.622193],[8.794432,10.622087],[8.79459,10.621935],[8.794524,10.621883],[8.794129,10.621351],[8.793574,10.621013],[8.793543,10.620923],[8.793652,10.620415],[8.793805,10.62],[8.796665,10.619999],[8.796666,10.615834],[8.793333,10.615833],[8.793333,10.615]]]},"properties":{"Name":"Samanja Health Post","Site Location":[8.808388,10.608824],"Admin 0":["Nigeria"],"Admin 1":["Bauchi"],"Admin 2":["Toro"],"Admin 3":["Rahama #1"],"Total population - WorldPop (2026)":1862,"Total population - WorldPop UN (2026)":1592,"Total population - Kontur (2023-10-31)":2546,"Total population - Meta (2023-04-21)":2184,"Total women - Meta (2023-04-21)":1092,"Total men - Meta (2023-04-21)":1092,"Children under 5 - Meta (2023-04-21)":316,"People 15 to 24 - Meta (2023-04-21)":316,"Women 15 to 49 - Meta (2023-04-21)":617,"People 60 and older - Meta (2023-04-21)":0,"OpenStreetMap Buildings (2026-02-20)":446,"Google Buildings 60+% Confidence (2023-05)":703,"Google Buildings 70+% Confidence (2023-05)":604,"Google Buildings 80+% Confidence (2023-05)":250,"Average Building Footprint (m²) (2023-05)":"38.71","Overture Buildings (2026-02-20)":718,"grid3_globalid":"cccec3b2-7787-4209-88d5-d1122bc24328","ownership_text":"Unknown","facility_level_text":"Health Post","nhfr_uid":"","organization_id":"org-cccec3b2-7787-4209-88d5-d1122bc24328","status":"active","ownership_code":"public","nhfr_code":"","state":"Bauchi","lga_location_id":"nga-ba-5018","country":"Nigeria","lga":"Toro","facility_level_code":"primary","location_id":"cccec3b2-7787-4209-88d5-d1122bc24328"},"id":120},{"type":"Feature","geometry":{"type":"Polygon","coordinates":[[[9.121453,10.318259],[9.125586,10.31683],[9.140739,10.299694],[9.147713,10.288704],[9.147963,10.287463],[9.149219,10.286874],[9.151118,10.286896],[9.16647,10.289721],[9.169685,10.26754],[9.169575,10.267369],[9.160882,10.24348],[9.16725,10.233055],[9.167211,10.217059],[9.187288,10.186666],[9.196449,10.172795],[9.217778,10.196256],[9.227556,10.217088],[9.227721,10.233415],[9.235592,10.25349],[9.229689,10.27801],[9.231583,10.289053],[9.241864,10.304534],[9.252156,10.312004],[9.260095,10.318703],[9.261385,10.321853],[9.262869,10.324166],[9.254999,10.324167],[9.254998,10.332499],[9.246666,10.3325],[9.246665,10.336666],[9.239166,10.336667],[9.239165,10.339166],[9.238469,10.339166],[9.238557,10.338988],[9.238095,10.338008],[9.237335,10.337178],[9.236756,10.335],[9.235833,10.334999],[9.235832,10.333334],[9.233333,10.333334],[9.233333,10.334999],[9.234165,10.335],[9.234166,10.335833],[9.235832,10.335834],[9.235832,10.336666],[9.229999,10.336666],[9.229998,10.335],[9.229166,10.335],[9.229165,10.336666],[9.228333,10.336667],[9.228332,10.337499],[9.226666,10.337499],[9.226665,10.336667],[9.213333,10.336667],[9.213332,10.340833],[9.209166,10.340834],[9.209165,10.344999],[9.200833,10.345],[9.200832,10.349166],[9.188333,10.349167],[9.188332,10.353333],[9.179999,10.353334],[9.179998,10.357499],[9.169166,10.3575],[9.169165,10.359999],[9.168333,10.36],[9.168332,10.360833],[9.166121,10.360834],[9.166595,10.361666],[9.163333,10.361667],[9.163332,10.365833],[9.159999,10.365833],[9.159998,10.365],[9.157499,10.365],[9.157498,10.365834],[9.146666,10.365834],[9.146665,10.369999],[9.142499,10.37],[9.142498,10.374166],[9.140833,10.374167],[9.140832,10.375],[9.138333,10.374999],[9.138332,10.374167],[9.129999,10.374167],[9.129998,10.374883],[9.125887,10.371002],[9.127257,10.35865],[9.126814,10.34191],[9.126896,10.341715],[9.121453,10.318259]]]},"properties":{"Name":"Saminakan Gwa Primary Health Clinic","Site Location":[9.19654864,10.30065447],"Admin 0":["Nigeria"],"Admin 1":["Bauchi"],"Admin 2":["Toro"],"Admin 3":["Lame"],"Total population - WorldPop (2026)":5854,"Total population - WorldPop UN (2026)":6197,"Total population - Kontur (2023-10-31)":4496,"Total population - Meta (2023-04-21)":4345,"Total women - Meta (2023-04-21)":2172,"Total men - Meta (2023-04-21)":2172,"Children under 5 - Meta (2023-04-21)":621,"People 15 to 24 - Meta (2023-04-21)":621,"Women 15 to 49 - Meta (2023-04-21)":1241,"People 60 and older - Meta (2023-04-21)":0,"OpenStreetMap Buildings (2026-02-20)":2040,"Google Buildings 60+% Confidence (2023-05)":2819,"Google Buildings 70+% Confidence (2023-05)":2286,"Google Buildings 80+% Confidence (2023-05)":836,"Average Building Footprint (m²) (2023-05)":"34.69","Overture Buildings (2026-02-20)":3121,"country":"Nigeria","lga_location_id":"nga-ba-5018","nhfr_uid":"13780850","state":"Bauchi","organization_id":"org-3bd18a1d-f4bc-4448-aa19-c80cac3cad3c","ownership_code":"public","lga":"Toro","facility_level_text":"Primary Health Clinic","location_id":"3bd18a1d-f4bc-4448-aa19-c80cac3cad3c","nhfr_code":"05/18/1/1/1/0075","facility_level_code":"primary","grid3_globalid":"3bd18a1d-f4bc-4448-aa19-c80cac3cad3c","status":"active","ownership_text":"Local Government"},"id":121},{"type":"Feature","geometry":{"type":"Polygon","coordinates":[[[9.429999,10.215834],[9.434165,10.215833],[9.434166,10.214167],[9.435563,10.214166],[9.435362,10.213465],[9.435365,10.213284],[9.434968,10.212794],[9.434374,10.212397],[9.434079,10.211675],[9.433869,10.211369],[9.433033,10.210766],[9.432833,10.210454],[9.431901,10.2101],[9.43123,10.209874],[9.431052,10.209636],[9.430561,10.209167],[9.430832,10.209166],[9.430833,10.208364],[9.431144,10.208258],[9.432414,10.208057],[9.433804,10.208023],[9.434873,10.207988],[9.436085,10.207918],[9.437048,10.207602],[9.437832,10.207391],[9.438474,10.207286],[9.439366,10.207496],[9.440364,10.207636],[9.441897,10.207671],[9.443502,10.207636],[9.444465,10.207531],[9.44564,10.207426],[9.447637,10.207426],[9.448564,10.207356],[9.449135,10.20711],[9.449741,10.206794],[9.450346,10.206654],[9.450845,10.206584],[9.451344,10.20704],[9.451547,10.207557],[9.452378,10.207496],[9.453198,10.207566],[9.455431,10.206585],[9.46142,10.206094],[9.463333,10.206016],[9.465275,10.205939],[9.467449,10.20655],[9.468397,10.205977],[9.469965,10.206538],[9.475692,10.206159],[9.476347,10.20617],[9.477565,10.205486],[9.479472,10.205997],[9.480832,10.206263],[9.480832,10.206272],[9.479731,10.208404],[9.47781,10.211729],[9.470657,10.217061],[9.4679,10.219049],[9.464224,10.222343],[9.459187,10.222629],[9.459215,10.223705],[9.459217,10.223706],[9.464427,10.223474],[9.470447,10.222221],[9.472978,10.222151],[9.472639,10.222402],[9.472639,10.222403],[9.475789,10.222625],[9.475832,10.222632],[9.479999,10.223417],[9.486247,10.224543],[9.489165,10.225364],[9.489165,10.226666],[9.488333,10.226667],[9.488332,10.227499],[9.485833,10.227499],[9.485832,10.226667],[9.484999,10.226667],[9.484999,10.228333],[9.488332,10.228334],[9.488333,10.236666],[9.484166,10.236667],[9.484166,10.240833],[9.488332,10.240834],[9.488333,10.244999],[9.484166,10.245],[9.484165,10.253333],[9.479999,10.253333],[9.479998,10.249167],[9.474166,10.249166],[9.474165,10.248334],[9.473333,10.248333],[9.473333,10.245834],[9.474165,10.245833],[9.474165,10.244167],[9.471666,10.244167],[9.471665,10.245833],[9.469999,10.245834],[9.469998,10.249166],[9.467499,10.249167],[9.467498,10.250833],[9.466666,10.250833],[9.466665,10.249167],[9.465833,10.249166],[9.465832,10.248334],[9.464999,10.248334],[9.464998,10.249166],[9.462499,10.249167],[9.462498,10.250833],[9.459999,10.250833],[9.459998,10.249167],[9.458333,10.249167],[9.458332,10.251666],[9.457499,10.251667],[9.457498,10.253333],[9.456666,10.253334],[9.456665,10.254999],[9.45183,10.254999],[9.452173,10.25472],[9.452249,10.254604],[9.452425,10.254467],[9.452357,10.253992],[9.453606,10.252555],[9.454102,10.250834],[9.454165,10.250833],[9.454166,10.25],[9.454998,10.249999],[9.454998,10.249167],[9.435833,10.249166],[9.435832,10.2475],[9.434999,10.247499],[9.434999,10.246667],[9.435832,10.246666],[9.435832,10.244167],[9.434166,10.244166],[9.434165,10.243334],[9.431666,10.243334],[9.431665,10.244166],[9.430833,10.244167],[9.430832,10.244999],[9.429999,10.244999],[9.429999,10.2425],[9.431665,10.242499],[9.431666,10.241667],[9.433332,10.241666],[9.433332,10.239167],[9.431666,10.239166],[9.431666,10.238334],[9.43181,10.238333],[9.43174,10.238177],[9.431838,10.237881],[9.431854,10.237263],[9.432074,10.236715],[9.432573,10.237484],[9.43313,10.237823],[9.433331,10.238207],[9.433332,10.238207],[9.433333,10.235],[9.432499,10.234999],[9.432498,10.234167],[9.430833,10.234166],[9.430832,10.233334],[9.429999,10.233333],[9.429999,10.228334],[9.434165,10.228333],[9.434166,10.2275],[9.433333,10.227499],[9.433332,10.225834],[9.430833,10.225833],[9.430833,10.225422],[9.432405,10.224076],[9.432877,10.223928],[9.432181,10.223237],[9.432117,10.223183],[9.43196,10.222882],[9.431435,10.222231],[9.431162,10.221916],[9.431082,10.221699],[9.430893,10.221195],[9.430833,10.221112],[9.430833,10.2207],[9.433332,10.220699],[9.433333,10.218335],[9.431666,10.218334],[9.431665,10.219166],[9.430833,10.219166],[9.430832,10.218334],[9.429999,10.218333],[9.429999,10.215834]]]},"properties":{"Name":"Samira Memorial Health Clinic","Site Location":[9.46274,10.22497],"Admin 0":["Nigeria"],"Admin 1":["Bauchi"],"Admin 2":["Toro"],"Admin 3":["Zaranda"],"Total population - WorldPop (2026)":3928,"Total population - WorldPop UN (2026)":2382,"Total population - Kontur (2023-10-31)":3119,"Total population - Meta (2023-04-21)":2712,"Total women - Meta (2023-04-21)":1356,"Total men - Meta (2023-04-21)":1356,"Children under 5 - Meta (2023-04-21)":387,"People 15 to 24 - Meta (2023-04-21)":387,"Women 15 to 49 - Meta (2023-04-21)":775,"People 60 and older - Meta (2023-04-21)":0,"OpenStreetMap Buildings (2026-02-20)":1075,"Google Buildings 60+% Confidence (2023-05)":1080,"Google Buildings 70+% Confidence (2023-05)":882,"Google Buildings 80+% Confidence (2023-05)":379,"Average Building Footprint (m²) (2023-05)":"46.32","Overture Buildings (2026-02-20)":1218,"facility_level_code":"primary","organization_id":"org-38891e60-4835-48cd-a26a-1e0597bc9476","ownership_text":"For Profit","status":"active","grid3_globalid":"38891e60-4835-48cd-a26a-1e0597bc9476","location_id":"38891e60-4835-48cd-a26a-1e0597bc9476","state":"Bauchi","nhfr_code":"05/18/1/1/2/0017","country":"Nigeria","facility_level_text":"Primary Health Clinic","lga_location_id":"nga-ba-5018","lga":"Toro","ownership_code":"private","nhfr_uid":"41747236"},"id":122},{"type":"Feature","geometry":{"type":"Polygon","coordinates":[[[9.267499,10.153334],[9.275525,10.153333],[9.275571,10.15196],[9.275577,10.151952],[9.275196,10.150823],[9.274649,10.14973],[9.274029,10.146354],[9.273871,10.14597],[9.273401,10.145],[9.275832,10.144999],[9.275833,10.140834],[9.277498,10.140833],[9.277498,10.14],[9.276263,10.139999],[9.27813,10.138589],[9.278254,10.138219],[9.278694,10.138393],[9.282213,10.139133],[9.283318,10.139248],[9.283999,10.139359],[9.284407,10.139106],[9.285265,10.139969],[9.285843,10.140384],[9.286116,10.140533],[9.28718,10.140869],[9.286799,10.141425],[9.286638,10.141483],[9.285249,10.141625],[9.28356,10.144448],[9.283391,10.144772],[9.283414,10.14486],[9.290832,10.144861],[9.290832,10.145],[9.288333,10.145],[9.288332,10.149166],[9.284999,10.149167],[9.284998,10.149999],[9.284166,10.15],[9.284165,10.152499],[9.283333,10.1525],[9.283332,10.153333],[9.279999,10.153334],[9.279998,10.155833],[9.277499,10.155834],[9.277498,10.157499],[9.275833,10.1575],[9.275832,10.158333],[9.274166,10.158333],[9.274165,10.1575],[9.267499,10.157499],[9.267499,10.153334]]]},"properties":{"Name":"Sauki Health Clinic","Site Location":[9.28588166186,10.1404275296],"Admin 0":["Nigeria"],"Admin 1":["Bauchi"],"Admin 2":["Toro"],"Admin 3":["Mara"],"Total population - WorldPop (2026)":1138,"Total population - WorldPop UN (2026)":758,"Total population - Kontur (2023-10-31)":891,"Total population - Meta (2023-04-21)":926,"Total women - Meta (2023-04-21)":463,"Total men - Meta (2023-04-21)":463,"Children under 5 - Meta (2023-04-21)":132,"People 15 to 24 - Meta (2023-04-21)":132,"Women 15 to 49 - Meta (2023-04-21)":265,"People 60 and older - Meta (2023-04-21)":0,"OpenStreetMap Buildings (2026-02-20)":368,"Google Buildings 60+% Confidence (2023-05)":691,"Google Buildings 70+% Confidence (2023-05)":541,"Google Buildings 80+% Confidence (2023-05)":224,"Average Building Footprint (m²) (2023-05)":"43.28","Overture Buildings (2026-02-20)":577,"lga":"Toro","nhfr_uid":"58938220","nhfr_code":"05/18/1/1/1/0076","status":"active","state":"Bauchi","organization_id":"org-1b4947cb-d79d-4828-ba48-fb3fbb57dd1c","facility_level_text":"Primary Health Center","grid3_globalid":"1b4947cb-d79d-4828-ba48-fb3fbb57dd1c","facility_level_code":"primary","ownership_code":"private","location_id":"1b4947cb-d79d-4828-ba48-fb3fbb57dd1c","ownership_text":"For Profit","country":"Nigeria","lga_location_id":"nga-ba-5018"},"id":123},{"type":"Feature","geometry":{"type":"Polygon","coordinates":[[[9.033848,10.48352],[9.052625,10.465833],[9.071665,10.447895],[9.074736,10.445],[9.074971,10.444781],[9.084136,10.443666],[9.088358,10.442181],[9.099966,10.429858],[9.101566,10.427328],[9.101768,10.427257],[9.109165,10.423456],[9.128704,10.41341],[9.134905,10.399636],[9.135097,10.399167],[9.138332,10.399167],[9.138333,10.403334],[9.144998,10.403333],[9.144999,10.4025],[9.145832,10.402499],[9.145833,10.4],[9.148332,10.4],[9.148332,10.402499],[9.147499,10.4025],[9.147499,10.403333],[9.156665,10.403334],[9.156666,10.404166],[9.157498,10.404167],[9.157499,10.407499],[9.159165,10.4075],[9.159166,10.410833],[9.162498,10.410834],[9.162499,10.411666],[9.163332,10.411667],[9.163333,10.415833],[9.171665,10.415834],[9.171666,10.419999],[9.175832,10.42],[9.175833,10.421666],[9.177498,10.421667],[9.177499,10.422499],[9.178332,10.4225],[9.178333,10.424166],[9.179998,10.424167],[9.179999,10.428333],[9.180832,10.428333],[9.180833,10.4275],[9.181665,10.4275],[9.181666,10.428333],[9.184165,10.428334],[9.184166,10.432499],[9.188332,10.4325],[9.188333,10.436666],[9.192498,10.436667],[9.192498,10.438333],[9.191666,10.438334],[9.191665,10.442499],[9.190833,10.442499],[9.190832,10.441667],[9.187499,10.441667],[9.187499,10.442499],[9.188332,10.4425],[9.188333,10.444166],[9.189998,10.444167],[9.189999,10.444999],[9.190832,10.445],[9.190833,10.445833],[9.192498,10.445834],[9.192499,10.449166],[9.193333,10.449167],[9.193332,10.450833],[9.192499,10.450834],[9.192499,10.453333],[9.196665,10.453334],[9.196666,10.461666],[9.200832,10.461667],[9.200832,10.464999],[9.199999,10.465],[9.199999,10.465833],[9.200832,10.465834],[9.200833,10.469999],[9.199999,10.47],[9.199999,10.473333],[9.200833,10.473334],[9.200833,10.490833],[9.204998,10.490834],[9.204999,10.499166],[9.209165,10.499167],[9.209166,10.519999],[9.213332,10.52],[9.213333,10.524166],[9.217498,10.524167],[9.217498,10.532499],[9.204999,10.532499],[9.204998,10.528334],[9.200833,10.528334],[9.200832,10.529166],[9.197499,10.529167],[9.197498,10.528334],[9.188333,10.528333],[9.188332,10.524167],[9.184166,10.524166],[9.184165,10.52],[9.171666,10.519999],[9.171665,10.515834],[9.167499,10.515834],[9.167498,10.519999],[9.163333,10.519999],[9.163332,10.515834],[9.152499,10.515833],[9.152498,10.514167],[9.149999,10.514166],[9.149998,10.513862],[9.148328,10.51334],[9.147985,10.512476],[9.147911,10.512325],[9.148016,10.511315],[9.147871,10.511019],[9.147009,10.510883],[9.146675,10.51045],[9.14616,10.510197],[9.142176,10.510646],[9.143015,10.508908],[9.143113,10.508335],[9.143112,10.508334],[9.142499,10.508333],[9.142498,10.5075],[9.138333,10.5075],[9.138332,10.510833],[9.136666,10.510833],[9.136665,10.509167],[9.134166,10.509167],[9.134165,10.511666],[9.129999,10.511667],[9.129998,10.5075],[9.117499,10.507499],[9.117498,10.503334],[9.114999,10.503334],[9.114998,10.504166],[9.114864,10.504167],[9.114863,10.504168],[9.115395,10.505069],[9.11532,10.50517],[9.11524,10.505538],[9.113937,10.506125],[9.113333,10.506886],[9.113332,10.503334],[9.109166,10.503334],[9.109165,10.504221],[9.104999,10.504221],[9.104998,10.503334],[9.104394,10.503333],[9.104741,10.500834],[9.104166,10.500833],[9.104166,10.5],[9.104674,10.499999],[9.104453,10.498857],[9.104646,10.497934],[9.104931,10.4975],[9.102499,10.4975],[9.102498,10.499166],[9.096666,10.499166],[9.096665,10.495],[9.094166,10.494999],[9.094165,10.494167],[9.093333,10.494166],[9.093332,10.493334],[9.092499,10.493333],[9.092498,10.490834],[9.091666,10.490833],[9.091665,10.490238],[9.091121,10.490817],[9.089999,10.491132],[9.089998,10.491666],[9.088333,10.491667],[9.088332,10.4925],[9.086977,10.4925],[9.08683,10.492591],[9.085962,10.492621],[9.082212,10.491325],[9.082018,10.491151],[9.081814,10.491319],[9.080978,10.492079],[9.080392,10.493096],[9.079999,10.493258],[9.079998,10.496666],[9.079166,10.496667],[9.079165,10.499166],[9.075833,10.499166],[9.075832,10.495],[9.071667,10.495],[9.071665,10.498333],[9.070833,10.498334],[9.070832,10.499166],[9.070165,10.499166],[9.069643,10.498843],[9.033848,10.48352]]]},"properties":{"Name":"Shau Health Post","Site Location":[9.14682080428,10.4716618893],"Admin 0":["Nigeria"],"Admin 1":["Bauchi"],"Admin 2":["Toro"],"Admin 3":["Lame"],"Total population - WorldPop (2026)":2914,"Total population - WorldPop UN (2026)":3570,"Total population - Kontur (2023-10-31)":4113,"Total population - Meta (2023-04-21)":3863,"Total women - Meta (2023-04-21)":1931,"Total men - Meta (2023-04-21)":1931,"Children under 5 - Meta (2023-04-21)":552,"People 15 to 24 - Meta (2023-04-21)":552,"Women 15 to 49 - Meta (2023-04-21)":1104,"People 60 and older - Meta (2023-04-21)":0,"OpenStreetMap Buildings (2026-02-20)":1,"Google Buildings 60+% Confidence (2023-05)":2338,"Google Buildings 70+% Confidence (2023-05)":1959,"Google Buildings 80+% Confidence (2023-05)":841,"Average Building Footprint (m²) (2023-05)":"32.08","Overture Buildings (2026-02-20)":2036,"nhfr_code":"05/18/1/1/1/0077","nhfr_uid":"73293649","lga":"Toro","country":"Nigeria","state":"Bauchi","lga_location_id":"nga-ba-5018","grid3_globalid":"3b2b4b50-367e-40fc-89d0-a61114ba7b30","ownership_code":"public","facility_level_code":"primary","ownership_text":"State Government","status":"active","facility_level_text":"Health Post","location_id":"3b2b4b50-367e-40fc-89d0-a61114ba7b30","organization_id":"org-3b2b4b50-367e-40fc-89d0-a61114ba7b30"},"id":124},{"type":"Feature","geometry":{"type":"Polygon","coordinates":[[[9.242499,10.169999],[9.242499,10.165834],[9.246665,10.165833],[9.246666,10.161667],[9.248332,10.161667],[9.248333,10.162499],[9.249165,10.1625],[9.249166,10.163333],[9.250832,10.163333],[9.250833,10.1575],[9.255832,10.1575],[9.255833,10.159166],[9.256665,10.159167],[9.256666,10.160834],[9.259165,10.160833],[9.259166,10.1575],[9.262498,10.157499],[9.262499,10.156667],[9.266665,10.156666],[9.266666,10.155834],[9.267498,10.155834],[9.267499,10.157499],[9.274165,10.1575],[9.274166,10.158333],[9.275832,10.158333],[9.275833,10.1575],[9.277498,10.157499],[9.277499,10.155834],[9.279998,10.155833],[9.279999,10.153334],[9.283332,10.153333],[9.283333,10.1525],[9.284165,10.152499],[9.284166,10.151667],[9.286665,10.151667],[9.286666,10.153333],[9.289998,10.153333],[9.289999,10.151667],[9.292498,10.151666],[9.292499,10.150834],[9.294165,10.150833],[9.294166,10.149167],[9.297655,10.149167],[9.30026,10.151771],[9.300914,10.152905],[9.301484,10.153982],[9.302102,10.154941],[9.303861,10.156742],[9.305833,10.158379],[9.307023,10.159644],[9.309257,10.161726],[9.315366,10.166733],[9.316863,10.168511],[9.317933,10.170195],[9.319001,10.171926],[9.320262,10.173728],[9.321616,10.175318],[9.322982,10.176875],[9.324111,10.178195],[9.325419,10.179599],[9.325768,10.180062],[9.325832,10.180146],[9.325832,10.182499],[9.321666,10.182499],[9.321666,10.179271],[9.321664,10.17927],[9.319303,10.181723],[9.319123,10.182499],[9.318333,10.182499],[9.318332,10.180834],[9.317499,10.180834],[9.317498,10.182499],[9.313333,10.1825],[9.313332,10.186666],[9.309166,10.186667],[9.309165,10.190833],[9.292499,10.190834],[9.292498,10.194999],[9.284166,10.195],[9.284165,10.195834],[9.283333,10.195833],[9.283332,10.195],[9.28,10.195],[9.279998,10.195833],[9.279166,10.195833],[9.279165,10.195709],[9.278904,10.19489],[9.278886,10.193401],[9.278211,10.1925],[9.2775,10.1925],[9.277498,10.194166],[9.274166,10.194167],[9.274165,10.194999],[9.271666,10.194999],[9.271665,10.191667],[9.269999,10.191666],[9.269998,10.190834],[9.267499,10.190834],[9.267498,10.191666],[9.264999,10.191666],[9.264998,10.189167],[9.262499,10.189166],[9.262498,10.188334],[9.259166,10.188333],[9.259165,10.1875],[9.257954,10.187499],[9.261656,10.183296],[9.262279,10.181238],[9.262836,10.180667],[9.263202,10.17959],[9.263924,10.178334],[9.261666,10.178334],[9.261665,10.179166],[9.260833,10.179166],[9.260832,10.178334],[9.259166,10.178333],[9.259165,10.175834],[9.257499,10.175834],[9.257498,10.176666],[9.256666,10.176667],[9.256666,10.178333],[9.257498,10.178334],[9.257499,10.179166],[9.256666,10.179167],[9.256665,10.182499],[9.254999,10.182499],[9.254998,10.178334],[9.250833,10.178333],[9.250832,10.174167],[9.246666,10.174166],[9.246665,10.17],[9.242499,10.169999]]]},"properties":{"Name":"Sutumi Health Post","Site Location":[9.292642,10.164591],"Admin 0":["Nigeria"],"Admin 1":["Bauchi"],"Admin 2":["Toro"],"Admin 3":["Mara"],"Total population - WorldPop (2026)":2749,"Total population - WorldPop UN (2026)":2142,"Total population - Kontur (2023-10-31)":1168,"Total population - Meta (2023-04-21)":1152,"Total women - Meta (2023-04-21)":576,"Total men - Meta (2023-04-21)":576,"Children under 5 - Meta (2023-04-21)":165,"People 15 to 24 - Meta (2023-04-21)":165,"Women 15 to 49 - Meta (2023-04-21)":329,"People 60 and older - Meta (2023-04-21)":0,"OpenStreetMap Buildings (2026-02-20)":677,"Google Buildings 60+% Confidence (2023-05)":1060,"Google Buildings 70+% Confidence (2023-05)":783,"Google Buildings 80+% Confidence (2023-05)":235,"Average Building Footprint (m²) (2023-05)":"32.31","Overture Buildings (2026-02-20)":1085,"lga":"Toro","status":"active","lga_location_id":"nga-ba-5018","organization_id":"org-aa906164-7e90-47c3-aa75-6572eba1ba79","nhfr_uid":"13636184","grid3_globalid":"aa906164-7e90-47c3-aa75-6572eba1ba79","location_id":"aa906164-7e90-47c3-aa75-6572eba1ba79","nhfr_code":"05/18/1/1/1/0078","ownership_code":"public","facility_level_text":"Health Post","state":"Bauchi","facility_level_code":"primary","ownership_text":"Local Government","country":"Nigeria"},"id":125},{"type":"Feature","geometry":{"type":"Polygon","coordinates":[[[8.994377,10.268333],[8.994487,10.267932],[8.995884,10.265835],[8.995883,10.265834],[8.995833,10.265833],[8.995832,10.265],[8.994999,10.264999],[8.994999,10.263334],[8.996665,10.263333],[8.996666,10.261667],[8.997498,10.261666],[8.997499,10.259806],[8.998125,10.259692],[8.999654,10.258563],[9.001305,10.259528],[9.002002,10.259724],[9.003409,10.25907],[9.004294,10.259001],[9.004998,10.258479],[9.004999,10.261666],[9.011745,10.261667],[9.012249,10.260437],[9.012287,10.258726],[9.012664,10.25875],[9.013332,10.25851],[9.013333,10.260833],[9.014998,10.260834],[9.014998,10.261666],[9.013333,10.261667],[9.013333,10.262499],[9.014165,10.2625],[9.014166,10.263333],[9.019165,10.263334],[9.019166,10.264166],[9.019998,10.264167],[9.019999,10.265833],[9.025832,10.265834],[9.025833,10.269999],[9.029998,10.27],[9.029999,10.274166],[9.033332,10.274167],[9.033333,10.275121],[9.034137,10.27507],[9.03691,10.274986],[9.037498,10.275639],[9.037498,10.275834],[9.034166,10.275834],[9.034166,10.278333],[9.038332,10.278334],[9.038333,10.286666],[9.038521,10.286666],[9.038548,10.286647],[9.039077,10.286529],[9.039658,10.286537],[9.03981,10.286667],[9.042498,10.286667],[9.042499,10.290833],[9.046665,10.290834],[9.046665,10.294166],[9.045833,10.294167],[9.045832,10.294999],[9.042499,10.295],[9.042499,10.299166],[9.045832,10.299167],[9.045833,10.300833],[9.046665,10.300834],[9.046665,10.307499],[9.044166,10.3075],[9.044165,10.309999],[9.042499,10.31],[9.042498,10.311666],[9.038333,10.311667],[9.038333,10.313333],[9.039998,10.313334],[9.039998,10.31366],[9.039435,10.313674],[9.038882,10.314396],[9.037215,10.314391],[9.036963,10.314396],[9.036938,10.314167],[9.036666,10.314167],[9.036665,10.316666],[9.035833,10.316667],[9.035832,10.317535],[9.033598,10.312324],[9.031339,10.307427],[9.019132,10.306984],[9.015473,10.30155],[9.013333,10.301364],[9.013332,10.299167],[9.012499,10.299167],[9.012498,10.300833],[9.009999,10.300834],[9.009998,10.301666],[9.009192,10.301666],[9.008871,10.294846],[9.008922,10.294798],[9.00873,10.293179],[9.008213,10.291061],[9.008031,10.29034],[9.008029,10.29034],[9.007678,10.290688],[9.007029,10.291305],[9.00713,10.293225],[9.006986,10.29398],[9.005426,10.293786],[9.004341,10.293306],[9.004166,10.293374],[9.004165,10.294166],[9.003333,10.294166],[9.003333,10.290834],[9.004165,10.290833],[9.004166,10.29],[9.004999,10.289999],[9.004998,10.289167],[9.004166,10.289166],[9.004165,10.285],[9.000833,10.284999],[9.000832,10.284167],[8.998333,10.284166],[8.998332,10.283334],[8.997499,10.283333],[8.997498,10.2825],[8.996666,10.282499],[8.996665,10.281667],[8.994999,10.281666],[8.994999,10.281406],[8.998794,10.281016],[8.998258,10.279877],[8.997963,10.279429],[8.997145,10.278334],[8.996666,10.278333],[8.996665,10.269167],[8.994999,10.269166],[8.994998,10.268334],[8.994377,10.268333]]]},"properties":{"Name":"Taimako Health Clinic","Site Location":[9.01127,10.26415],"Admin 0":["Nigeria"],"Admin 1":["Bauchi"],"Admin 2":["Toro"],"Admin 3":["Wonu North"],"Total population - WorldPop (2026)":3046,"Total population - WorldPop UN (2026)":3692,"Total population - Kontur (2023-10-31)":5018,"Total population - Meta (2023-04-21)":4429,"Total women - Meta (2023-04-21)":2215,"Total men - Meta (2023-04-21)":2215,"Children under 5 - Meta (2023-04-21)":633,"People 15 to 24 - Meta (2023-04-21)":633,"Women 15 to 49 - Meta (2023-04-21)":1265,"People 60 and older - Meta (2023-04-21)":0,"OpenStreetMap Buildings (2026-02-20)":1165,"Google Buildings 60+% Confidence (2023-05)":1462,"Google Buildings 70+% Confidence (2023-05)":1239,"Google Buildings 80+% Confidence (2023-05)":607,"Average Building Footprint (m²) (2023-05)":"41.85","Overture Buildings (2026-02-20)":1391,"lga":"Toro","lga_location_id":"nga-ba-5018","nhfr_uid":"78395199","location_id":"3fd1e3b7-6f89-4778-ba6e-da0286469c1f","organization_id":"org-3fd1e3b7-6f89-4778-ba6e-da0286469c1f","facility_level_code":"primary","facility_level_text":"Primary Health Clinic","nhfr_code":"05/18/1/1/2/0018","grid3_globalid":"3fd1e3b7-6f89-4778-ba6e-da0286469c1f","country":"Nigeria","ownership_text":"For Profit","state":"Bauchi","ownership_code":"private","status":"active"},"id":126},{"type":"Feature","geometry":{"type":"Polygon","coordinates":[[[9.272499,10.210833],[9.272499,10.20858],[9.274165,10.20836],[9.274166,10.209166],[9.275832,10.209166],[9.275833,10.2075],[9.279998,10.207499],[9.279999,10.204167],[9.283332,10.204166],[9.283332,10.199167],[9.281666,10.199166],[9.281666,10.198334],[9.282498,10.198333],[9.282498,10.196667],[9.281666,10.196666],[9.281665,10.195834],[9.279999,10.195833],[9.279999,10.195],[9.283332,10.195],[9.283333,10.195833],[9.284165,10.195834],[9.284166,10.195],[9.292498,10.194999],[9.292499,10.190834],[9.309165,10.190833],[9.309166,10.186667],[9.313332,10.186666],[9.313333,10.1825],[9.317498,10.182499],[9.317499,10.180834],[9.318332,10.180834],[9.318333,10.182499],[9.319123,10.182499],[9.319303,10.181724],[9.321665,10.179269],[9.321666,10.182499],[9.325832,10.182499],[9.325833,10.180147],[9.32643,10.180938],[9.327337,10.182304],[9.328514,10.18448],[9.329833,10.18669],[9.330866,10.188689],[9.332007,10.190444],[9.332756,10.192129],[9.333861,10.194234],[9.334894,10.195637],[9.336357,10.197112],[9.340349,10.200585],[9.341722,10.201576],[9.335485,10.222694],[9.342499,10.232499],[9.342501,10.2325],[9.345322,10.236443],[9.346608,10.239777],[9.342471,10.256368],[9.339859,10.257962],[9.340292,10.259793],[9.342145,10.260355],[9.343642,10.262038],[9.344569,10.263372],[9.344498,10.265055],[9.343358,10.265758],[9.3435,10.268002],[9.342217,10.269266],[9.341362,10.27095],[9.341289,10.273335],[9.340649,10.275509],[9.340538,10.275833],[9.339999,10.275834],[9.339998,10.276666],[9.339166,10.276666],[9.339165,10.275834],[9.338333,10.275833],[9.338332,10.274167],[9.334166,10.274166],[9.334165,10.27],[9.325833,10.269999],[9.325832,10.265834],[9.321666,10.265833],[9.321665,10.261667],[9.315833,10.261666],[9.315832,10.260834],[9.314999,10.260833],[9.314998,10.26],[9.313333,10.259999],[9.313332,10.258334],[9.312499,10.258334],[9.312498,10.259166],[9.309999,10.259167],[9.309999,10.259999],[9.31185,10.26],[9.31072,10.260172],[9.310001,10.260089],[9.309175,10.26032],[9.308336,10.259167],[9.309165,10.259166],[9.309166,10.256667],[9.309998,10.256666],[9.309999,10.255],[9.310832,10.254999],[9.310832,10.25],[9.309999,10.249999],[9.309998,10.249167],[9.304999,10.249166],[9.304999,10.24352],[9.304963,10.242579],[9.304599,10.242062],[9.304286,10.241667],[9.303333,10.241666],[9.303332,10.240834],[9.300833,10.240833],[9.300832,10.236667],[9.298333,10.236667],[9.298332,10.237499],[9.297499,10.237499],[9.297498,10.236667],[9.296666,10.236666],[9.296665,10.233334],[9.295833,10.233334],[9.295832,10.234166],[9.294999,10.234167],[9.294998,10.234999],[9.293333,10.235],[9.293332,10.235833],[9.290833,10.235833],[9.290832,10.235],[9.289999,10.234999],[9.289999,10.234395],[9.29027,10.234187],[9.290906,10.233778],[9.292017,10.23366],[9.292897,10.232718],[9.29297,10.232518],[9.293075,10.232011],[9.294288,10.230163],[9.294728,10.228617],[9.294897,10.228452],[9.295832,10.228566],[9.295832,10.226667],[9.294999,10.226666],[9.294998,10.226113],[9.292642,10.224594],[9.29231,10.224167],[9.291666,10.224167],[9.291665,10.224999],[9.290833,10.225],[9.290832,10.228333],[9.289166,10.228333],[9.289166,10.2275],[9.289998,10.227499],[9.289998,10.225],[9.288333,10.224999],[9.288332,10.2225],[9.286666,10.222499],[9.286665,10.221667],[9.285833,10.221666],[9.285832,10.220834],[9.284166,10.220833],[9.284165,10.22],[9.282293,10.219999],[9.28298,10.219625],[9.283189,10.219315],[9.283188,10.219313],[9.282658,10.219145],[9.281666,10.219213],[9.281666,10.218334],[9.282498,10.218333],[9.282499,10.2175],[9.284165,10.217499],[9.284165,10.215],[9.283333,10.214999],[9.283332,10.214167],[9.280833,10.214167],[9.280832,10.215833],[9.279999,10.215833],[9.279998,10.214167],[9.275833,10.214166],[9.275832,10.211667],[9.274999,10.211666],[9.274998,10.210834],[9.272499,10.210833]]]},"properties":{"Name":"Taka Bundu Primary Health Clinic","Site Location":[9.31096421028,10.2113063007],"Admin 0":["Nigeria"],"Admin 1":["Bauchi"],"Admin 2":["Toro"],"Admin 3":["Mara"],"Total population - WorldPop (2026)":3391,"Total population - WorldPop UN (2026)":2707,"Total population - Kontur (2023-10-31)":1788,"Total population - Meta (2023-04-21)":1580,"Total women - Meta (2023-04-21)":790,"Total men - Meta (2023-04-21)":790,"Children under 5 - Meta (2023-04-21)":226,"People 15 to 24 - Meta (2023-04-21)":226,"Women 15 to 49 - Meta (2023-04-21)":451,"People 60 and older - Meta (2023-04-21)":0,"OpenStreetMap Buildings (2026-02-20)":989,"Google Buildings 60+% Confidence (2023-05)":1723,"Google Buildings 70+% Confidence (2023-05)":1207,"Google Buildings 80+% Confidence (2023-05)":223,"Average Building Footprint (m²) (2023-05)":"23.03","Overture Buildings (2026-02-20)":1722,"facility_level_code":"primary","country":"Nigeria","ownership_code":"public","nhfr_uid":"54298984","status":"active","lga":"Toro","lga_location_id":"nga-ba-5018","nhfr_code":"05/18/1/1/1/0079","facility_level_text":"Health Post","location_id":"1e9d50a0-3528-4e07-9e68-a340224ab695","state":"Bauchi","organization_id":"org-1e9d50a0-3528-4e07-9e68-a340224ab695","grid3_globalid":"1e9d50a0-3528-4e07-9e68-a340224ab695","ownership_text":"Local Government"},"id":127},{"type":"Feature","geometry":{"type":"Polygon","coordinates":[[[9.393237,10.334167],[9.394165,10.334167],[9.394166,10.335833],[9.394998,10.335833],[9.394999,10.335],[9.398332,10.335],[9.398333,10.335833],[9.399165,10.335834],[9.399166,10.336666],[9.404165,10.336666],[9.404166,10.335],[9.404998,10.334999],[9.404999,10.334167],[9.407498,10.334166],[9.407499,10.330834],[9.410098,10.330834],[9.410369,10.33206],[9.410381,10.333333],[9.409999,10.333334],[9.409998,10.334133],[9.409934,10.334271],[9.409317,10.33605],[9.408851,10.338333],[9.410832,10.338333],[9.410833,10.336667],[9.414165,10.336667],[9.414166,10.338333],[9.414998,10.338334],[9.414999,10.339166],[9.415832,10.339167],[9.415833,10.339999],[9.418332,10.339999],[9.418333,10.336667],[9.419165,10.336667],[9.419166,10.337499],[9.421665,10.3375],[9.421666,10.336667],[9.438332,10.336666],[9.438333,10.334167],[9.439165,10.334166],[9.439166,10.3325],[9.442498,10.332499],[9.442499,10.33],[9.445832,10.329999],[9.445833,10.329167],[9.447498,10.329166],[9.447499,10.328334],[9.449998,10.328334],[9.449999,10.329166],[9.450832,10.329167],[9.450833,10.328334],[9.454998,10.328333],[9.454999,10.324167],[9.456665,10.324167],[9.456666,10.324999],[9.458332,10.325],[9.458333,10.324167],[9.463332,10.324167],[9.463333,10.328333],[9.471665,10.328333],[9.471666,10.324167],[9.475832,10.324166],[9.475833,10.32],[9.484165,10.32],[9.484166,10.322499],[9.48516,10.3225],[9.48516,10.322682],[9.486666,10.323533],[9.486665,10.324999],[9.484166,10.325],[9.484166,10.328333],[9.488332,10.328334],[9.488333,10.329999],[9.489165,10.33],[9.489166,10.330833],[9.489998,10.330833],[9.489999,10.33],[9.492498,10.33],[9.492499,10.332499],[9.499998,10.3325],[9.499999,10.334166],[9.500832,10.334167],[9.500833,10.335833],[9.501831,10.335834],[9.502352,10.335744],[9.503093,10.336055],[9.503839,10.336408],[9.504998,10.336099],[9.504999,10.339166],[9.508332,10.339167],[9.508332,10.341666],[9.505833,10.341667],[9.505832,10.344166],[9.504999,10.344167],[9.504999,10.347499],[9.505832,10.3475],[9.505833,10.348333],[9.507498,10.348334],[9.507499,10.351666],[9.504999,10.351667],[9.504999,10.357499],[9.509165,10.3575],[9.509165,10.365833],[9.504999,10.365834],[9.504999,10.367499],[9.505229,10.3675],[9.505448,10.368697],[9.507418,10.369877],[9.507844,10.370127],[9.509165,10.370657],[9.509166,10.374166],[9.508333,10.374167],[9.508332,10.377499],[9.504999,10.3775],[9.504999,10.378333],[9.509165,10.378334],[9.509165,10.382499],[9.508333,10.3825],[9.508332,10.384166],[9.507499,10.384167],[9.507498,10.384999],[9.504999,10.385],[9.504999,10.386666],[9.508332,10.386667],[9.508332,10.386884],[9.507733,10.387525],[9.507314,10.387379],[9.505474,10.387495],[9.504601,10.387611],[9.504203,10.387937],[9.503883,10.387996],[9.505533,10.389166],[9.504999,10.389168],[9.504998,10.399166],[9.500833,10.399167],[9.500833,10.403333],[9.504998,10.403334],[9.504999,10.405833],[9.507498,10.405834],[9.507499,10.406666],[9.508332,10.406667],[9.508333,10.407499],[9.509165,10.4075],[9.509165,10.411666],[9.500833,10.411666],[9.500832,10.4075],[9.496666,10.407499],[9.496665,10.403334],[9.491666,10.403334],[9.491665,10.404999],[9.490833,10.405],[9.490832,10.405833],[9.489166,10.405834],[9.489165,10.403334],[9.484166,10.403333],[9.484165,10.399167],[9.479999,10.399166],[9.479998,10.395],[9.473333,10.394999],[9.473333,10.394167],[9.474165,10.394166],[9.474166,10.393334],[9.473333,10.393333],[9.473332,10.390834],[9.470833,10.390833],[9.470832,10.390131],[9.469003,10.390449],[9.468333,10.390369],[9.468332,10.392499],[9.467499,10.3925],[9.467498,10.394999],[9.465833,10.395],[9.465833,10.394167],[9.466665,10.394166],[9.466665,10.391667],[9.463333,10.391666],[9.463332,10.390834],[9.461666,10.390834],[9.461665,10.391666],[9.458333,10.391667],[9.458332,10.390834],[9.455833,10.390833],[9.455832,10.389167],[9.454999,10.389166],[9.454998,10.386667],[9.450833,10.386666],[9.450833,10.383334],[9.452498,10.383333],[9.452499,10.381668],[9.451666,10.381666],[9.451665,10.38],[9.450833,10.379999],[9.450833,10.379167],[9.451665,10.379166],[9.451666,10.377401],[9.451053,10.377115],[9.450811,10.376819],[9.449883,10.376599],[9.448333,10.376732],[9.448333,10.377499],[9.449165,10.3775],[9.449165,10.378333],[9.447499,10.378335],[9.447499,10.379999],[9.448332,10.38],[9.448332,10.380833],[9.446666,10.380833],[9.446665,10.38],[9.445833,10.379999],[9.445832,10.378334],[9.443333,10.378334],[9.443332,10.38],[9.442499,10.379999],[9.442498,10.378334],[9.441763,10.378334],[9.441219,10.379885],[9.440716,10.379727],[9.439996,10.379152],[9.439058,10.378808],[9.438355,10.378224],[9.437748,10.378012],[9.435833,10.376746],[9.435833,10.376667],[9.438332,10.376666],[9.438332,10.374167],[9.434166,10.374166],[9.434165,10.37],[9.4291,10.37],[9.42871,10.370472],[9.428092,10.372033],[9.427851,10.371586],[9.427037,10.371427],[9.427191,10.37255],[9.426861,10.373584],[9.423333,10.373584],[9.423333,10.371667],[9.424998,10.371666],[9.424998,10.37],[9.424166,10.369999],[9.424166,10.368334],[9.425832,10.368333],[9.425833,10.366667],[9.426523,10.366666],[9.425808,10.365327],[9.425668,10.364462],[9.425336,10.363944],[9.425346,10.363481],[9.425,10.362706],[9.424999,10.362706],[9.424998,10.363333],[9.422499,10.363334],[9.422498,10.365833],[9.417499,10.365834],[9.417499,10.365],[9.419165,10.364999],[9.419165,10.3625],[9.417499,10.362499],[9.417498,10.361667],[9.409166,10.361666],[9.409165,10.3575],[9.404999,10.357499],[9.404998,10.355834],[9.403333,10.355833],[9.403332,10.353334],[9.401505,10.353333],[9.400833,10.3522],[9.400832,10.349167],[9.399128,10.349166],[9.39739,10.345032],[9.398042,10.3425],[9.395833,10.3425],[9.395832,10.343333],[9.39429,10.343333],[9.39471,10.34224],[9.393906,10.341875],[9.393814,10.340984],[9.393333,10.34067],[9.393333,10.337856],[9.394746,10.338308],[9.394747,10.338307],[9.394592,10.337807],[9.393991,10.336962],[9.393237,10.334167]]]},"properties":{"Name":"Taka Dilbu Primary Health Clinic","Site Location":[9.48975,10.37469],"Admin 0":["Nigeria"],"Admin 1":["Bauchi"],"Admin 2":["Toro"],"Admin 3":["Zaranda"],"Total population - WorldPop (2026)":4604,"Total population - WorldPop UN (2026)":3249,"Total population - Kontur (2023-10-31)":2085,"Total population - Meta (2023-04-21)":1889,"Total women - Meta (2023-04-21)":944,"Total men - Meta (2023-04-21)":944,"Children under 5 - Meta (2023-04-21)":270,"People 15 to 24 - Meta (2023-04-21)":270,"Women 15 to 49 - Meta (2023-04-21)":540,"People 60 and older - Meta (2023-04-21)":0,"OpenStreetMap Buildings (2026-02-20)":1865,"Google Buildings 60+% Confidence (2023-05)":1771,"Google Buildings 70+% Confidence (2023-05)":1334,"Google Buildings 80+% Confidence (2023-05)":208,"Average Building Footprint (m²) (2023-05)":"20.83","Overture Buildings (2026-02-20)":2313,"country":"Nigeria","location_id":"f0a8069c-73b7-4f91-a848-8a3d327d07bc","grid3_globalid":"f0a8069c-73b7-4f91-a848-8a3d327d07bc","nhfr_code":"05/18/1/1/1/0104","ownership_code":"public","lga":"Toro","organization_id":"org-f0a8069c-73b7-4f91-a848-8a3d327d07bc","ownership_text":"Local Government","state":"Bauchi","facility_level_text":"Primary Health Clinic","nhfr_uid":"75025132","status":"active","facility_level_code":"primary","lga_location_id":"nga-ba-5018"},"id":128},{"type":"Feature","geometry":{"type":"Polygon","coordinates":[[[9.461478,10.222499],[9.464166,10.222348],[9.464165,10.2225],[9.461478,10.222499]]]},"properties":{"Name":"Takandan Giwa Health Post","Site Location":[9.463684082,10.22247315],"Admin 0":["Nigeria"],"Admin 1":["Bauchi"],"Admin 2":["Toro"],"Admin 3":["Jama'a #1"],"Total population - WorldPop (2026)":0,"Total population - WorldPop UN (2026)":34,"Total population - Kontur (2023-10-31)":0,"Total population - Meta (2023-04-21)":28,"Total women - Meta (2023-04-21)":14,"Total men - Meta (2023-04-21)":14,"Children under 5 - Meta (2023-04-21)":4,"People 15 to 24 - Meta (2023-04-21)":4,"Women 15 to 49 - Meta (2023-04-21)":8,"People 60 and older - Meta (2023-04-21)":0,"OpenStreetMap Buildings (2026-02-20)":1,"Google Buildings 60+% Confidence (2023-05)":1,"Google Buildings 70+% Confidence (2023-05)":1,"Google Buildings 80+% Confidence (2023-05)":0,"Average Building Footprint (m²) (2023-05)":"14.28","Overture Buildings (2026-02-20)":1,"nhfr_uid":"41060771","lga_location_id":"nga-ba-5018","lga":"Toro","organization_id":"org-76eca653-38a1-48a5-9d18-1c75e234d791","country":"Nigeria","nhfr_code":"05/18/1/1/1/0080","ownership_code":"public","facility_level_text":"Health Post","grid3_globalid":"76eca653-38a1-48a5-9d18-1c75e234d791","status":"active","state":"Bauchi","facility_level_code":"primary","location_id":"76eca653-38a1-48a5-9d18-1c75e234d791","ownership_text":"Local Government"},"id":129},{"type":"Feature","geometry":{"type":"Polygon","coordinates":[[[9.275991,10.1325],[9.279998,10.132499],[9.279998,10.131667],[9.277499,10.131666],[9.277499,10.128334],[9.278332,10.128334],[9.278333,10.129999],[9.279165,10.13],[9.279166,10.130833],[9.279998,10.130834],[9.279999,10.131666],[9.280832,10.131667],[9.280833,10.132499],[9.281665,10.1325],[9.281666,10.133333],[9.283332,10.133333],[9.283333,10.1325],[9.284165,10.1325],[9.284165,10.135637],[9.282313,10.135408],[9.280288,10.134573],[9.278413,10.133788],[9.275991,10.1325]]]},"properties":{"Name":"Takandan Giwa Health Post","Site Location":[9.27815,10.13356],"Admin 0":["Nigeria"],"Admin 1":["Bauchi"],"Admin 2":["Toro"],"Admin 3":["Tulai"],"Total population - WorldPop (2026)":128,"Total population - WorldPop UN (2026)":45,"Total population - Kontur (2023-10-31)":240,"Total population - Meta (2023-04-21)":56,"Total women - Meta (2023-04-21)":28,"Total men - Meta (2023-04-21)":28,"Children under 5 - Meta (2023-04-21)":8,"People 15 to 24 - Meta (2023-04-21)":8,"Women 15 to 49 - Meta (2023-04-21)":16,"People 60 and older - Meta (2023-04-21)":0,"OpenStreetMap Buildings (2026-02-20)":17,"Google Buildings 60+% Confidence (2023-05)":34,"Google Buildings 70+% Confidence (2023-05)":30,"Google Buildings 80+% Confidence (2023-05)":13,"Average Building Footprint (m²) (2023-05)":"65.64","Overture Buildings (2026-02-20)":37,"organization_id":"org-e66b99dc-ec0b-4410-b0ad-af521736efc6","facility_level_code":"primary","ownership_code":"public","location_id":"e66b99dc-ec0b-4410-b0ad-af521736efc6","ownership_text":"Unknown","nhfr_uid":"","grid3_globalid":"e66b99dc-ec0b-4410-b0ad-af521736efc6","nhfr_code":"","country":"Nigeria","status":"active","state":"Bauchi","lga":"Toro","lga_location_id":"nga-ba-5018","facility_level_text":"Health Post"},"id":130},{"type":"Feature","geometry":{"type":"Polygon","coordinates":[[[9.0271,10.575924],[9.027274,10.575408],[9.027312,10.575076],[9.028594,10.574739],[9.028878,10.574855],[9.028841,10.575845],[9.028654,10.576446],[9.0271,10.575924]]]},"properties":{"Name":"Tama Health Post","Site Location":[9.02808200036,10.5760050001],"Admin 0":["Nigeria"],"Admin 1":["Bauchi"],"Admin 2":["Toro"],"Admin 3":["Tama #1"],"Total population - WorldPop (2026)":70,"Total population - WorldPop UN (2026)":84,"Total population - Kontur (2023-10-31)":132,"Total population - Meta (2023-04-21)":129,"Total women - Meta (2023-04-21)":64,"Total men - Meta (2023-04-21)":64,"Children under 5 - Meta (2023-04-21)":18,"People 15 to 24 - Meta (2023-04-21)":18,"Women 15 to 49 - Meta (2023-04-21)":37,"People 60 and older - Meta (2023-04-21)":0,"OpenStreetMap Buildings (2026-02-20)":67,"Google Buildings 60+% Confidence (2023-05)":81,"Google Buildings 70+% Confidence (2023-05)":75,"Google Buildings 80+% Confidence (2023-05)":35,"Average Building Footprint (m²) (2023-05)":"53.91","Overture Buildings (2026-02-20)":73,"facility_level_text":"Health Post","lga":"Toro","ownership_code":"public","country":"Nigeria","facility_level_code":"primary","nhfr_code":"","ownership_text":"Unknown","nhfr_uid":"","lga_location_id":"nga-ba-5018","status":"active","organization_id":"org-d1283c18-0cfd-4b57-9641-5f38c2163990","state":"Bauchi","grid3_globalid":"d1283c18-0cfd-4b57-9641-5f38c2163990","location_id":"d1283c18-0cfd-4b57-9641-5f38c2163990"},"id":131},{"type":"Feature","geometry":{"type":"Polygon","coordinates":[[[9.024258,10.574498],[9.024468,10.574604],[9.025984,10.575386],[9.026175,10.574945],[9.026325,10.574892],[9.027311,10.575076],[9.027274,10.575408],[9.0271,10.575924],[9.028654,10.576447],[9.028663,10.577554],[9.027425,10.577022],[9.027007,10.576822],[9.026737,10.576836],[9.0264,10.576631],[9.026442,10.576194],[9.026297,10.576162],[9.026111,10.57611],[9.025928,10.576495],[9.02589,10.576795],[9.025579,10.577169],[9.025357,10.577196],[9.025293,10.576826],[9.025159,10.576509],[9.024779,10.575817],[9.024445,10.575132],[9.024258,10.574498]]]},"properties":{"Name":"Tamiko Tulu Nursing Home","Site Location":[9.025695801,10.57531738],"Admin 0":["Nigeria"],"Admin 1":["Bauchi"],"Admin 2":["Toro"],"Admin 3":["Tama #1"],"Total population - WorldPop (2026)":464,"Total population - WorldPop UN (2026)":340,"Total population - Kontur (2023-10-31)":246,"Total population - Meta (2023-04-21)":522,"Total women - Meta (2023-04-21)":261,"Total men - Meta (2023-04-21)":261,"Children under 5 - Meta (2023-04-21)":75,"People 15 to 24 - Meta (2023-04-21)":75,"Women 15 to 49 - Meta (2023-04-21)":149,"People 60 and older - Meta (2023-04-21)":0,"OpenStreetMap Buildings (2026-02-20)":467,"Google Buildings 60+% Confidence (2023-05)":563,"Google Buildings 70+% Confidence (2023-05)":488,"Google Buildings 80+% Confidence (2023-05)":242,"Average Building Footprint (m²) (2023-05)":"44.20","Overture Buildings (2026-02-20)":495,"organization_id":"org-41581843-dfa5-45c4-93bb-c665fa22a6fd","state":"Bauchi","lga_location_id":"nga-ba-5018","lga":"Toro","location_id":"41581843-dfa5-45c4-93bb-c665fa22a6fd","nhfr_uid":"","ownership_text":"Unknown","grid3_globalid":"41581843-dfa5-45c4-93bb-c665fa22a6fd","country":"Nigeria","facility_level_text":"Primary Health Center","nhfr_code":"","ownership_code":"private","facility_level_code":"primary","status":"active"},"id":132},{"type":"Feature","geometry":{"type":"Polygon","coordinates":[[[9.561666,10.22],[9.563332,10.219999],[9.563333,10.208334],[9.564165,10.208333],[9.564166,10.2075],[9.564999,10.207499],[9.564998,10.206953],[9.564058,10.206246],[9.563336,10.205995],[9.56404,10.205],[9.563333,10.204999],[9.563332,10.201667],[9.562499,10.201666],[9.562499,10.199167],[9.567498,10.199166],[9.567498,10.198334],[9.566666,10.198333],[9.566666,10.195834],[9.568333,10.195833],[9.568332,10.195],[9.567499,10.194999],[9.567499,10.194167],[9.570772,10.194166],[9.570782,10.194109],[9.570782,10.193882],[9.57099,10.193074],[9.570968,10.192558],[9.57125,10.192505],[9.571476,10.192619],[9.571715,10.192566],[9.571688,10.192327],[9.571913,10.192244],[9.572112,10.192103],[9.572523,10.191912],[9.572308,10.191634],[9.572396,10.190842],[9.572642,10.19053],[9.572643,10.190441],[9.572675,10.190376],[9.572701,10.190129],[9.572664,10.190059],[9.572525,10.189253],[9.5732,10.189036],[9.573362,10.189062],[9.573727,10.188903],[9.574741,10.188244],[9.574981,10.188234],[9.574998,10.18823],[9.574998,10.189999],[9.574166,10.19],[9.574166,10.190833],[9.579998,10.190833],[9.579999,10.188334],[9.580309,10.188333],[9.580022,10.186666],[9.580389,10.186318],[9.580421,10.186012],[9.580844,10.185439],[9.581068,10.184598],[9.580928,10.183906],[9.580538,10.183173],[9.580476,10.182072],[9.58046,10.181689],[9.580806,10.181014],[9.580822,10.180202],[9.581774,10.177786],[9.581756,10.176667],[9.581667,10.176667],[9.581665,10.177499],[9.580833,10.1775],[9.580832,10.178333],[9.579999,10.178333],[9.579999,10.174167],[9.581081,10.174167],[9.581543,10.174995],[9.595789,10.183619],[9.595957,10.184899],[9.60136,10.188828],[9.60189,10.19186],[9.601632,10.193482],[9.601896,10.196102],[9.602038,10.1994],[9.601824,10.202768],[9.600398,10.205787],[9.598112,10.210142],[9.597454,10.213061],[9.598815,10.214717],[9.600826,10.216172],[9.603608,10.214628],[9.616086,10.20112],[9.615716,10.199206],[9.616212,10.198513],[9.624534,10.186917],[9.622002,10.177372],[9.642499,10.194974],[9.642531,10.195],[9.653349,10.204289],[9.630763,10.206802],[9.629482,10.21033],[9.617623,10.215816],[9.615799,10.219166],[9.614999,10.219167],[9.614998,10.219999],[9.604999,10.22],[9.604998,10.224166],[9.603333,10.224167],[9.603332,10.225833],[9.599999,10.225833],[9.599998,10.224167],[9.592499,10.224166],[9.592498,10.223334],[9.590833,10.223333],[9.590832,10.2225],[9.589999,10.222499],[9.589998,10.221667],[9.589166,10.221666],[9.589165,10.220834],[9.588523,10.220834],[9.587906,10.221319],[9.586451,10.22169],[9.585791,10.222029],[9.585595,10.222443],[9.585447,10.2227],[9.585296,10.223345],[9.585004,10.223316],[9.58487,10.22354],[9.584984,10.223967],[9.584116,10.22417],[9.583697,10.224211],[9.579789,10.224615],[9.579104,10.225981],[9.578316,10.226803],[9.577186,10.227438],[9.576162,10.22687],[9.575088,10.225741],[9.574972,10.225683],[9.57479,10.225601],[9.573917,10.228333],[9.571666,10.228334],[9.571665,10.232499],[9.567499,10.2325],[9.567498,10.234999],[9.566676,10.235],[9.565628,10.236666],[9.564166,10.236666],[9.564165,10.235],[9.563649,10.234999],[9.563046,10.230631],[9.563537,10.228321],[9.563656,10.228013],[9.563758,10.22791],[9.563757,10.227909],[9.563536,10.227977],[9.563333,10.226737],[9.563333,10.226667],[9.564165,10.226666],[9.564166,10.225],[9.564998,10.224999],[9.564998,10.224167],[9.562499,10.224166],[9.562498,10.220834],[9.561666,10.220833],[9.561666,10.22]]]},"properties":{"Name":"Tashan Durumi","Site Location":[9.584336,10.222777],"Admin 0":["Nigeria"],"Admin 1":["Bauchi"],"Admin 2":["Toro"],"Admin 3":["Jama'a #1"],"Total population - WorldPop (2026)":4905,"Total population - WorldPop UN (2026)":3142,"Total population - Kontur (2023-10-31)":6257,"Total population - Meta (2023-04-21)":4322,"Total women - Meta (2023-04-21)":2161,"Total men - Meta (2023-04-21)":2161,"Children under 5 - Meta (2023-04-21)":847,"People 15 to 24 - Meta (2023-04-21)":847,"Women 15 to 49 - Meta (2023-04-21)":1158,"People 60 and older - Meta (2023-04-21)":0,"OpenStreetMap Buildings (2026-02-20)":1448,"Google Buildings 60+% Confidence (2023-05)":1349,"Google Buildings 70+% Confidence (2023-05)":1120,"Google Buildings 80+% Confidence (2023-05)":459,"Average Building Footprint (m²) (2023-05)":"44.27","Overture Buildings (2026-02-20)":1603,"country":"Nigeria","ownership_code":"public","lga":"Toro","grid3_globalid":"df871169-9e9a-4720-9477-a83cbc732681","state":"Bauchi","lga_location_id":"nga-ba-5018","nhfr_code":"","organization_id":"org-df871169-9e9a-4720-9477-a83cbc732681","status":"active","ownership_text":"Unknown","facility_level_text":"Primary Health Center","nhfr_uid":"","facility_level_code":"primary","location_id":"df871169-9e9a-4720-9477-a83cbc732681"},"id":133},{"type":"Feature","geometry":{"type":"Polygon","coordinates":[[[9.338333,10.134166],[9.338333,10.124167],[9.346665,10.124166],[9.346666,10.1225],[9.349165,10.122499],[9.349166,10.12],[9.354998,10.119999],[9.354999,10.117532],[9.356633,10.118636],[9.356811,10.118896],[9.357534,10.119069],[9.357578,10.118711],[9.358001,10.11868],[9.359165,10.119018],[9.359166,10.119999],[9.36167,10.119999],[9.361687,10.119587],[9.361961,10.117872],[9.363254,10.1155],[9.364021,10.116372],[9.365651,10.116837],[9.367497,10.118567],[9.367499,10.118566],[9.367499,10.118334],[9.371665,10.118333],[9.371666,10.116394],[9.372431,10.116911],[9.3735,10.117193],[9.373785,10.118596],[9.372287,10.118456],[9.371218,10.120492],[9.370506,10.122738],[9.370576,10.125055],[9.370078,10.127651],[9.371432,10.129056],[9.372145,10.131231],[9.372389,10.131666],[9.370833,10.131667],[9.370833,10.132499],[9.371665,10.1325],[9.371665,10.134999],[9.369051,10.134999],[9.36696,10.133999],[9.368285,10.132136],[9.368413,10.13158],[9.366585,10.130493],[9.366074,10.130418],[9.364472,10.129706],[9.36447,10.129707],[9.364402,10.130614],[9.364621,10.13099],[9.364675,10.131886],[9.365314,10.132431],[9.365571,10.133017],[9.365785,10.133956],[9.365447,10.135023],[9.365201,10.135324],[9.365243,10.13552],[9.36513,10.135833],[9.365832,10.135834],[9.365832,10.136666],[9.363333,10.136667],[9.363333,10.139999],[9.366665,10.14],[9.366666,10.144166],[9.367498,10.144167],[9.367498,10.146556],[9.366955,10.146497],[9.366546,10.146711],[9.366131,10.146578],[9.364682,10.146079],[9.363811,10.145414],[9.362335,10.145159],[9.362271,10.145157],[9.359167,10.14485],[9.359166,10.144851],[9.359165,10.145],[9.357499,10.145],[9.357499,10.150833],[9.359165,10.150834],[9.359165,10.153333],[9.358333,10.153334],[9.358332,10.157499],[9.354999,10.1575],[9.354998,10.165833],[9.350833,10.165833],[9.350832,10.161667],[9.346666,10.161666],[9.346665,10.1575],[9.342499,10.157499],[9.342498,10.149167],[9.338333,10.149166],[9.338333,10.140834],[9.342498,10.140833],[9.342498,10.136667],[9.338333,10.136666],[9.338333,10.135834],[9.339165,10.135833],[9.339166,10.134167],[9.338333,10.134166]]]},"properties":{"Name":"Tashan Durumi Maternity","Site Location":[9.35177,10.13445],"Admin 0":["Nigeria"],"Admin 1":["Bauchi"],"Admin 2":["Toro"],"Admin 3":["Tulai"],"Total population - WorldPop (2026)":1138,"Total population - WorldPop UN (2026)":1085,"Total population - Kontur (2023-10-31)":826,"Total population - Meta (2023-04-21)":994,"Total women - Meta (2023-04-21)":497,"Total men - Meta (2023-04-21)":497,"Children under 5 - Meta (2023-04-21)":142,"People 15 to 24 - Meta (2023-04-21)":142,"Women 15 to 49 - Meta (2023-04-21)":284,"People 60 and older - Meta (2023-04-21)":0,"OpenStreetMap Buildings (2026-02-20)":287,"Google Buildings 60+% Confidence (2023-05)":330,"Google Buildings 70+% Confidence (2023-05)":252,"Google Buildings 80+% Confidence (2023-05)":89,"Average Building Footprint (m²) (2023-05)":"43.60","Overture Buildings (2026-02-20)":348,"ownership_code":"public","status":"active","ownership_text":"Unknown","nhfr_code":"","facility_level_code":"primary","facility_level_text":"Primary Health Clinic","lga":"Toro","grid3_globalid":"63c71d7d-a09d-44ce-92f4-038f4e56fa46","location_id":"63c71d7d-a09d-44ce-92f4-038f4e56fa46","nhfr_uid":"","country":"Nigeria","lga_location_id":"nga-ba-5018","organization_id":"org-63c71d7d-a09d-44ce-92f4-038f4e56fa46","state":"Bauchi"},"id":134},{"type":"Feature","geometry":{"type":"Polygon","coordinates":[[[9.543333,10.275834],[9.545832,10.275833],[9.545832,10.275],[9.544166,10.274999],[9.544166,10.273617],[9.544978,10.273591],[9.545395,10.27317],[9.545686,10.273436],[9.545855,10.273522],[9.545903,10.273544],[9.546272,10.273047],[9.54642,10.27308],[9.546393,10.272914],[9.546476,10.272771],[9.546827,10.272476],[9.547018,10.272343],[9.548616,10.271323],[9.549282,10.27128],[9.550132,10.271033],[9.550386,10.271107],[9.551168,10.270946],[9.552498,10.271115],[9.552499,10.27],[9.554998,10.269999],[9.554998,10.2675],[9.554166,10.267499],[9.554166,10.265],[9.554998,10.264999],[9.554999,10.264167],[9.558333,10.264166],[9.558332,10.263101],[9.557303,10.262163],[9.555826,10.260827],[9.55549,10.260129],[9.55487,10.259453],[9.554834,10.259356],[9.555364,10.258405],[9.555712,10.258115],[9.555833,10.258059],[9.555832,10.2575],[9.554999,10.257499],[9.554999,10.253334],[9.559165,10.253333],[9.559166,10.251667],[9.560832,10.251666],[9.560833,10.249167],[9.562498,10.249166],[9.562499,10.2475],[9.563332,10.247499],[9.563332,10.240834],[9.561666,10.240833],[9.561666,10.238334],[9.562498,10.238333],[9.562499,10.2375],[9.563332,10.237499],[9.563333,10.236667],[9.565628,10.236666],[9.566677,10.235],[9.567498,10.234999],[9.567499,10.2325],[9.571665,10.232499],[9.571666,10.228334],[9.573917,10.228333],[9.57479,10.225601],[9.574972,10.225683],[9.575088,10.225741],[9.576162,10.22687],[9.577187,10.227438],[9.578316,10.226803],[9.579104,10.225981],[9.579789,10.224615],[9.583698,10.22421],[9.584116,10.22417],[9.584984,10.223968],[9.58487,10.223541],[9.585004,10.223316],[9.585297,10.223345],[9.585447,10.2227],[9.585595,10.222443],[9.585791,10.22203],[9.586451,10.22169],[9.587906,10.221319],[9.588524,10.220834],[9.589165,10.220834],[9.589166,10.221666],[9.589998,10.221667],[9.589999,10.222499],[9.590832,10.2225],[9.590833,10.223333],[9.592498,10.223334],[9.592499,10.224166],[9.599998,10.224167],[9.599999,10.225833],[9.603332,10.225833],[9.603333,10.224167],[9.604998,10.224166],[9.604999,10.22],[9.614998,10.22],[9.614999,10.219167],[9.615799,10.219167],[9.608955,10.231746],[9.606488,10.231183],[9.605708,10.233071],[9.606713,10.234971],[9.609774,10.236427],[9.613176,10.239745],[9.61331,10.25442],[9.612456,10.260915],[9.613032,10.275057],[9.609039,10.276368],[9.600306,10.279559],[9.592651,10.281525],[9.579592,10.28668],[9.574351,10.288563],[9.553055,10.2911],[9.546316,10.28226],[9.543333,10.278287],[9.543333,10.275834]]]},"properties":{"Name":"Tashan Durumi Primary Health Clinic","Site Location":[9.586253,10.224161],"Admin 0":["Nigeria"],"Admin 1":["Bauchi"],"Admin 2":["Toro"],"Admin 3":["Jama'a #1"],"Total population - WorldPop (2026)":3614,"Total population - WorldPop UN (2026)":2664,"Total population - Kontur (2023-10-31)":2695,"Total population - Meta (2023-04-21)":2856,"Total women - Meta (2023-04-21)":1428,"Total men - Meta (2023-04-21)":1428,"Children under 5 - Meta (2023-04-21)":443,"People 15 to 24 - Meta (2023-04-21)":443,"Women 15 to 49 - Meta (2023-04-21)":804,"People 60 and older - Meta (2023-04-21)":0,"OpenStreetMap Buildings (2026-02-20)":1144,"Google Buildings 60+% Confidence (2023-05)":1182,"Google Buildings 70+% Confidence (2023-05)":974,"Google Buildings 80+% Confidence (2023-05)":423,"Average Building Footprint (m²) (2023-05)":"41.33","Overture Buildings (2026-02-20)":1325,"ownership_text":"Local Government","facility_level_code":"primary","country":"Nigeria","location_id":"136b12cc-7aac-4a22-8b6b-26852fb60d50","organization_id":"org-136b12cc-7aac-4a22-8b6b-26852fb60d50","grid3_globalid":"136b12cc-7aac-4a22-8b6b-26852fb60d50","status":"active","nhfr_code":"05/18/1/1/1/0102","state":"Bauchi","lga_location_id":"nga-ba-5018","nhfr_uid":"50108275","lga":"Toro","facility_level_text":"Primary Health Clinic","ownership_code":"public"},"id":135},{"type":"Feature","geometry":{"type":"Polygon","coordinates":[[[9.129165,10.06324],[9.129059,10.062775],[9.129842,10.058609],[9.130544,10.0575],[9.130324,10.057499],[9.132783,10.056267],[9.135444,10.054958],[9.138523,10.052827],[9.142182,10.051272],[9.144596,10.04947],[9.148838,10.048076],[9.153213,10.046667],[9.153414,10.046602],[9.155327,10.046029],[9.159576,10.046168],[9.164602,10.046449],[9.165382,10.048631],[9.168056,10.057233],[9.168115,10.0632],[9.167867,10.065833],[9.167499,10.065833],[9.167498,10.0625],[9.164999,10.0625],[9.164998,10.064166],[9.163333,10.064166],[9.163332,10.061667],[9.160833,10.061666],[9.160832,10.06],[9.159999,10.059999],[9.159998,10.059167],[9.157499,10.059167],[9.157498,10.059999],[9.156666,10.06],[9.156666,10.063333],[9.157498,10.063333],[9.157499,10.0625],[9.159998,10.0625],[9.159998,10.063333],[9.159166,10.063334],[9.159165,10.064999],[9.157499,10.064999],[9.157498,10.064167],[9.155833,10.064167],[9.155832,10.064999],[9.154999,10.065],[9.154998,10.065833],[9.152499,10.065833],[9.152498,10.063334],[9.151666,10.063333],[9.151665,10.061667],[9.150833,10.061667],[9.150833,10.064219],[9.150682,10.064244],[9.150635,10.065194],[9.1508,10.065559],[9.150733,10.065834],[9.147499,10.065833],[9.147498,10.061667],[9.146666,10.061667],[9.146665,10.063333],[9.143333,10.063334],[9.143332,10.061667],[9.139166,10.061667],[9.139165,10.063333],[9.136666,10.063334],[9.136665,10.064166],[9.135833,10.064167],[9.135832,10.065],[9.134166,10.064999],[9.134165,10.064167],[9.132499,10.064166],[9.132498,10.0625],[9.131666,10.0625],[9.131665,10.063333],[9.129166,10.063334],[9.129165,10.06324]]]},"properties":{"Name":"Tashan Mai'Allo Health Post","Site Location":[9.13417,10.06138],"Admin 0":["Nigeria"],"Admin 1":["Bauchi"],"Admin 2":["Toro"],"Admin 3":["Toro"],"Total population - WorldPop (2026)":979,"Total population - WorldPop UN (2026)":1071,"Total population - Kontur (2023-10-31)":790,"Total population - Meta (2023-04-21)":602,"Total women - Meta (2023-04-21)":301,"Total men - Meta (2023-04-21)":301,"Children under 5 - Meta (2023-04-21)":86,"People 15 to 24 - Meta (2023-04-21)":86,"Women 15 to 49 - Meta (2023-04-21)":172,"People 60 and older - Meta (2023-04-21)":0,"OpenStreetMap Buildings (2026-02-20)":345,"Google Buildings 60+% Confidence (2023-05)":520,"Google Buildings 70+% Confidence (2023-05)":433,"Google Buildings 80+% Confidence (2023-05)":181,"Average Building Footprint (m²) (2023-05)":"21.14","Overture Buildings (2026-02-20)":509,"grid3_globalid":"49a99a09-9dc6-4e11-b7bc-96a9939f8bf9","ownership_code":"public","nhfr_code":"05/18/1/1/1/0082","status":"active","nhfr_uid":"73451513","location_id":"49a99a09-9dc6-4e11-b7bc-96a9939f8bf9","state":"Bauchi","country":"Nigeria","lga":"Toro","facility_level_text":"Health Post","ownership_text":"Local Government","lga_location_id":"nga-ba-5018","organization_id":"org-49a99a09-9dc6-4e11-b7bc-96a9939f8bf9","facility_level_code":"primary"},"id":136},{"type":"Feature","geometry":{"type":"Polygon","coordinates":[[[9.314166,10.165],[9.318332,10.164999],[9.318333,10.163334],[9.321665,10.163334],[9.321666,10.165833],[9.325832,10.165833],[9.325832,10.165],[9.324999,10.164999],[9.324999,10.1625],[9.327498,10.1625],[9.327499,10.163333],[9.329998,10.163333],[9.329999,10.161667],[9.330832,10.161667],[9.330833,10.164166],[9.332498,10.164167],[9.332499,10.164999],[9.333332,10.165],[9.333333,10.166666],[9.333457,10.166666],[9.333936,10.166147],[9.33413,10.165628],[9.334313,10.165292],[9.334467,10.165144],[9.335258,10.164784],[9.336362,10.164088],[9.337498,10.16378],[9.337499,10.164166],[9.338332,10.164166],[9.338332,10.161667],[9.337499,10.161666],[9.337499,10.159167],[9.338735,10.159167],[9.338781,10.15962],[9.338926,10.159684],[9.339258,10.159853],[9.339564,10.160507],[9.339998,10.160497],[9.339999,10.160833],[9.340245,10.160834],[9.340342,10.161256],[9.340942,10.161241],[9.341665,10.161982],[9.341666,10.165833],[9.342498,10.165833],[9.342499,10.161667],[9.350832,10.161667],[9.350833,10.165833],[9.359165,10.165834],[9.359165,10.167499],[9.358333,10.1675],[9.358333,10.169166],[9.359165,10.169167],[9.359166,10.173333],[9.359998,10.173333],[9.359999,10.1725],[9.360832,10.172499],[9.360833,10.171667],[9.361665,10.171666],[9.361666,10.170834],[9.362746,10.170834],[9.362747,10.17351],[9.364865,10.173509],[9.365323,10.173546],[9.365554,10.173534],[9.365351,10.174436],[9.365361,10.174643],[9.365323,10.174959],[9.36512,10.175402],[9.365083,10.175645],[9.365153,10.175699],[9.365592,10.17592],[9.365832,10.176101],[9.365832,10.176504],[9.363089,10.17945],[9.354176,10.186257],[9.348425,10.193333],[9.341722,10.201575],[9.340349,10.200585],[9.336357,10.197112],[9.334894,10.195637],[9.333862,10.194234],[9.332756,10.192129],[9.332007,10.190444],[9.330867,10.18869],[9.329833,10.18669],[9.328514,10.18448],[9.327337,10.182304],[9.32643,10.180938],[9.325419,10.179599],[9.324111,10.178195],[9.32297,10.176862],[9.321616,10.175318],[9.320261,10.173727],[9.319001,10.171926],[9.317933,10.170195],[9.316862,10.16851],[9.315366,10.166733],[9.314166,10.165749],[9.314166,10.165]]]},"properties":{"Name":"Tashan Maiturare Health Post","Site Location":[9.331481934,10.18811035],"Admin 0":["Nigeria"],"Admin 1":["Bauchi"],"Admin 2":["Toro"],"Admin 3":["Tulai"],"Total population - WorldPop (2026)":2079,"Total population - WorldPop UN (2026)":1489,"Total population - Kontur (2023-10-31)":931,"Total population - Meta (2023-04-21)":893,"Total women - Meta (2023-04-21)":446,"Total men - Meta (2023-04-21)":446,"Children under 5 - Meta (2023-04-21)":128,"People 15 to 24 - Meta (2023-04-21)":128,"Women 15 to 49 - Meta (2023-04-21)":255,"People 60 and older - Meta (2023-04-21)":0,"OpenStreetMap Buildings (2026-02-20)":754,"Google Buildings 60+% Confidence (2023-05)":866,"Google Buildings 70+% Confidence (2023-05)":641,"Google Buildings 80+% Confidence (2023-05)":176,"Average Building Footprint (m²) (2023-05)":"34.50","Overture Buildings (2026-02-20)":921,"facility_level_code":"primary","location_id":"de8cc28d-e887-4210-b74c-2706bddabfd6","facility_level_text":"Health Post","grid3_globalid":"de8cc28d-e887-4210-b74c-2706bddabfd6","country":"Nigeria","ownership_code":"public","status":"active","organization_id":"org-de8cc28d-e887-4210-b74c-2706bddabfd6","lga":"Toro","ownership_text":"Local Government","nhfr_code":"05/18/1/1/1/0083","state":"Bauchi","lga_location_id":"nga-ba-5018","nhfr_uid":"55919541"},"id":137},{"type":"Feature","geometry":{"type":"Polygon","coordinates":[[[8.959999,10.044999],[8.959999,10.043741],[8.961297,10.04381],[8.961216,10.042815],[8.960606,10.041933],[8.960575,10.041667],[8.960832,10.041666],[8.960833,10.040835],[8.960798,10.040833],[8.961141,10.04013],[8.96126,10.038668],[8.961694,10.038461],[8.961314,10.037764],[8.961713,10.036667],[8.962498,10.036667],[8.962499,10.037499],[8.964165,10.0375],[8.964166,10.039999],[8.961666,10.04],[8.961666,10.040833],[8.963332,10.040834],[8.963333,10.041666],[8.964165,10.041667],[8.964166,10.042499],[8.964998,10.0425],[8.964999,10.043333],[8.965832,10.043333],[8.965833,10.0425],[8.970832,10.0425],[8.970833,10.043333],[8.971665,10.043333],[8.971665,10.032791],[8.969588,10.031638],[8.969988,10.031099],[8.971554,10.032376],[8.971775,10.032499],[8.975832,10.032499],[8.975833,10.024167],[8.978887,10.024167],[8.979998,10.024644],[8.979998,10.026747],[8.979666,10.027364],[8.979666,10.029143],[8.979606,10.02934],[8.97936,10.03],[8.979364,10.030273],[8.979616,10.030929],[8.979617,10.031203],[8.979965,10.031527],[8.980151,10.031914],[8.98026,10.031956],[8.980945,10.032178],[8.980953,10.032166],[8.981899,10.032499],[8.986784,10.0325],[8.987476,10.033512],[8.988081,10.033976],[8.988332,10.034223],[8.988332,10.037757],[8.988177,10.037737],[8.988135,10.03795],[8.987961,10.038297],[8.987922,10.03828],[8.987706,10.039117],[8.987701,10.03916],[8.988343,10.039957],[8.98874,10.040306],[8.988767,10.040311],[8.988785,10.040306],[8.988885,10.040333],[8.989611,10.040427],[8.989662,10.040453],[8.989654,10.040489],[8.989655,10.040491],[8.990109,10.040539],[8.990157,10.040543],[8.990073,10.040913],[8.990073,10.041447],[8.990512,10.041799],[8.990298,10.042225],[8.990103,10.042135],[8.989889,10.042558],[8.989642,10.042859],[8.989702,10.042907],[8.989702,10.04291],[8.989907,10.043079],[8.990107,10.04327],[8.990147,10.043326],[8.98989,10.04347],[8.989836,10.044473],[8.989769,10.044463],[8.989767,10.044474],[8.989053,10.044368],[8.987583,10.046961],[8.987579,10.046964],[8.987514,10.046962],[8.986983,10.04749],[8.986228,10.048662],[8.986032,10.049166],[8.979999,10.049167],[8.979998,10.053333],[8.977353,10.053334],[8.977513,10.05395],[8.977473,10.054333],[8.977445,10.054361],[8.977376,10.054267],[8.977275,10.054282],[8.976951,10.053774],[8.976425,10.053988],[8.97593,10.053659],[8.975361,10.053732],[8.974945,10.054049],[8.974696,10.054729],[8.973979,10.054223],[8.974676,10.053334],[8.973333,10.053333],[8.973332,10.050834],[8.969999,10.050834],[8.969998,10.051666],[8.969166,10.051667],[8.969165,10.052499],[8.968333,10.052499],[8.968332,10.051667],[8.967499,10.051666],[8.967499,10.050834],[8.969165,10.050833],[8.969165,10.049167],[8.967499,10.049167],[8.967498,10.04899],[8.966543,10.048957],[8.965799,10.048714],[8.965015,10.047843],[8.965064,10.047732],[8.967498,10.045638],[8.967498,10.045],[8.964292,10.044999],[8.964312,10.044406],[8.964311,10.044405],[8.963333,10.044828],[8.962968,10.044999],[8.959999,10.044999]]]},"properties":{"Name":"Tilde Health Post Tilde Maternity and Tilde Health Clinic","Site Location":[8.98694700041,10.04015],"Admin 0":["Nigeria"],"Admin 1":["Bauchi"],"Admin 2":["Toro"],"Admin 3":["Tilde"],"Total population - WorldPop (2026)":13523,"Total population - WorldPop UN (2026)":13374,"Total population - Kontur (2023-10-31)":12786,"Total population - Meta (2023-04-21)":12505,"Total women - Meta (2023-04-21)":6252,"Total men - Meta (2023-04-21)":6252,"Children under 5 - Meta (2023-04-21)":1786,"People 15 to 24 - Meta (2023-04-21)":1786,"Women 15 to 49 - Meta (2023-04-21)":3573,"People 60 and older - Meta (2023-04-21)":0,"OpenStreetMap Buildings (2026-02-20)":3607,"Google Buildings 60+% Confidence (2023-05)":3975,"Google Buildings 70+% Confidence (2023-05)":3480,"Google Buildings 80+% Confidence (2023-05)":2228,"Average Building Footprint (m²) (2023-05)":"85.50","Overture Buildings (2026-02-20)":4113,"lga":"Toro","nhfr_code":"","grid3_globalid":"b6ec3bf0-b0bf-47a8-b149-71696d990a2d","location_id":"b6ec3bf0-b0bf-47a8-b149-71696d990a2d","state":"Bauchi","ownership_text":"Unknown","facility_level_text":"Primary Health Clinic","status":"active","facility_level_code":"primary","lga_location_id":"nga-ba-5018","organization_id":"org-b6ec3bf0-b0bf-47a8-b149-71696d990a2d","nhfr_uid":"","ownership_code":"public","country":"Nigeria"},"id":138},{"type":"Feature","geometry":{"type":"Polygon","coordinates":[[[9.014958,10.061667],[9.014999,10.061666],[9.014999,10.06],[9.017498,10.059999],[9.017499,10.053334],[9.021665,10.053333],[9.021666,10.051484],[9.025762,10.052535],[9.026244,10.051187],[9.026421,10.050236],[9.026147,10.049603],[9.025718,10.049221],[9.025178,10.047861],[9.024913,10.04751],[9.024351,10.045963],[9.023895,10.045334],[9.025681,10.045282],[9.025832,10.045412],[9.025833,10.045],[9.027498,10.044999],[9.027499,10.044167],[9.029998,10.044167],[9.029999,10.044999],[9.033332,10.044999],[9.033333,10.0425],[9.034165,10.042499],[9.034165,10.039167],[9.033333,10.039166],[9.033332,10.0375],[9.031666,10.037499],[9.031665,10.034167],[9.030833,10.034166],[9.030833,10.0325],[9.031665,10.032499],[9.031666,10.031667],[9.034165,10.031667],[9.034166,10.032499],[9.034998,10.032499],[9.034999,10.029167],[9.038134,10.029167],[9.038106,10.029234],[9.038142,10.029724],[9.037735,10.030644],[9.037521,10.03112],[9.037553,10.032144],[9.038008,10.033618],[9.037941,10.034421],[9.037942,10.03442],[9.038332,10.033585],[9.038333,10.036666],[9.042498,10.036667],[9.042498,10.040489],[9.041619,10.040496],[9.041114,10.040833],[9.042498,10.040834],[9.042499,10.043333],[9.043332,10.043334],[9.043333,10.044999],[9.049165,10.045],[9.049166,10.046666],[9.050832,10.046667],[9.050833,10.047499],[9.051665,10.0475],[9.051665,10.052499],[9.050833,10.0525],[9.050833,10.053333],[9.054998,10.053334],[9.054998,10.056666],[9.054166,10.056667],[9.054165,10.057499],[9.052175,10.0575],[9.052149,10.058613],[9.051146,10.058535],[9.050833,10.058607],[9.050832,10.062131],[9.049839,10.062524],[9.04984,10.062525],[9.049897,10.062532],[9.050832,10.062205],[9.050833,10.069999],[9.052498,10.07],[9.052498,10.070833],[9.050833,10.070834],[9.050832,10.072559],[9.048676,10.071721],[9.048606,10.071728],[9.044748,10.069132],[9.042499,10.067506],[9.042498,10.0675],[9.042491,10.067499],[9.042419,10.067447],[9.037952,10.063938],[9.035823,10.061852],[9.027061,10.057428],[9.015079,10.061972],[9.014958,10.061667]]]},"properties":{"Name":"Toro General Hospital","Site Location":[9.04222453,10.05504419],"Admin 0":["Nigeria"],"Admin 1":["Bauchi"],"Admin 2":["Toro"],"Admin 3":["Toro"],"Total population - WorldPop (2026)":8373,"Total population - WorldPop UN (2026)":6789,"Total population - Kontur (2023-10-31)":9873,"Total population - Meta (2023-04-21)":9964,"Total women - Meta (2023-04-21)":4982,"Total men - Meta (2023-04-21)":4982,"Children under 5 - Meta (2023-04-21)":1423,"People 15 to 24 - Meta (2023-04-21)":1423,"Women 15 to 49 - Meta (2023-04-21)":2847,"People 60 and older - Meta (2023-04-21)":0,"OpenStreetMap Buildings (2026-02-20)":2559,"Google Buildings 60+% Confidence (2023-05)":2988,"Google Buildings 70+% Confidence (2023-05)":2578,"Google Buildings 80+% Confidence (2023-05)":1584,"Average Building Footprint (m²) (2023-05)":"68.90","Overture Buildings (2026-02-20)":2769,"ownership_code":"public","grid3_globalid":"b26a2529-5070-4277-81de-686ebe50f44b","lga_location_id":"nga-ba-5018","ownership_text":"State Government","status":"active","country":"Nigeria","lga":"Toro","facility_level_text":"General Hospital","location_id":"b26a2529-5070-4277-81de-686ebe50f44b","nhfr_uid":"78203403","state":"Bauchi","facility_level_code":"secondary","nhfr_code":"05/18/1/2/1/0001","organization_id":"org-b26a2529-5070-4277-81de-686ebe50f44b"},"id":140},{"type":"Feature","geometry":{"type":"Polygon","coordinates":[[[9.056666,10.049167],[9.059165,10.049166],[9.059166,10.045834],[9.059998,10.045833],[9.059999,10.045],[9.062013,10.045],[9.062282,10.045324],[9.0621,10.049165],[9.062101,10.049167],[9.066665,10.049166],[9.066666,10.046667],[9.067498,10.046666],[9.067499,10.045834],[9.068332,10.045833],[9.068333,10.045],[9.071684,10.045],[9.07166,10.045577],[9.071666,10.045586],[9.071666,10.049166],[9.072772,10.049167],[9.072743,10.049475],[9.072378,10.050147],[9.072095,10.051118],[9.072925,10.051186],[9.073248,10.051177],[9.074309,10.051314],[9.074106,10.052132],[9.073917,10.052766],[9.072732,10.052482],[9.07254,10.053363],[9.072454,10.053711],[9.072347,10.054002],[9.073472,10.054288],[9.073302,10.054958],[9.074343,10.055273],[9.073719,10.056391],[9.071843,10.056261],[9.071589,10.056283],[9.070218,10.057017],[9.069942,10.057121],[9.069994,10.057252],[9.069965,10.057287],[9.06998,10.057654],[9.070139,10.058947],[9.069042,10.058947],[9.068998,10.059616],[9.068591,10.060514],[9.067841,10.060213],[9.06702,10.059031],[9.067158,10.05892],[9.067158,10.058919],[9.066049,10.058058],[9.065662,10.056749],[9.064293,10.058366],[9.063926,10.058697],[9.063333,10.05903],[9.063332,10.053334],[9.059166,10.053333],[9.059165,10.05],[9.056666,10.049999],[9.056666,10.049167]]]},"properties":{"Name":"Toro Health Post","Site Location":[9.06373997,10.05773289],"Admin 0":["Nigeria"],"Admin 1":["Bauchi"],"Admin 2":["Toro"],"Admin 3":["Toro"],"Total population - WorldPop (2026)":6331,"Total population - WorldPop UN (2026)":4414,"Total population - Kontur (2023-10-31)":4295,"Total population - Meta (2023-04-21)":5413,"Total women - Meta (2023-04-21)":2707,"Total men - Meta (2023-04-21)":2707,"Children under 5 - Meta (2023-04-21)":773,"People 15 to 24 - Meta (2023-04-21)":773,"Women 15 to 49 - Meta (2023-04-21)":1547,"People 60 and older - Meta (2023-04-21)":0,"OpenStreetMap Buildings (2026-02-20)":1659,"Google Buildings 60+% Confidence (2023-05)":2521,"Google Buildings 70+% Confidence (2023-05)":2197,"Google Buildings 80+% Confidence (2023-05)":1344,"Average Building Footprint (m²) (2023-05)":"64.03","Overture Buildings (2026-02-20)":2141,"facility_level_code":"primary","ownership_code":"public","ownership_text":"Local Government","grid3_globalid":"f3aafd08-f309-42ce-a39a-c902bf2a142b","country":"Nigeria","location_id":"f3aafd08-f309-42ce-a39a-c902bf2a142b","nhfr_uid":"59888158","state":"Bauchi","facility_level_text":"Health Post","organization_id":"org-f3aafd08-f309-42ce-a39a-c902bf2a142b","status":"active","lga":"Toro","lga_location_id":"nga-ba-5018","nhfr_code":"05/18/1/1/1/0102"},"id":141},{"type":"Feature","geometry":{"type":"Polygon","coordinates":[[[9.049837,10.062524],[9.050832,10.062131],[9.050833,10.058607],[9.051146,10.058535],[9.052149,10.058613],[9.052175,10.0575],[9.054165,10.057499],[9.054166,10.056667],[9.054998,10.056666],[9.054998,10.053334],[9.050833,10.053333],[9.050833,10.0525],[9.051665,10.052499],[9.051666,10.049167],[9.056665,10.049167],[9.056666,10.049999],[9.059165,10.05],[9.059166,10.053333],[9.063332,10.053334],[9.063333,10.059029],[9.063926,10.058697],[9.064293,10.058366],[9.065662,10.056748],[9.066048,10.058058],[9.067158,10.05892],[9.06702,10.059031],[9.067841,10.060214],[9.068592,10.060514],[9.068998,10.059616],[9.069042,10.058947],[9.070139,10.058948],[9.070604,10.063814],[9.070544,10.06383],[9.069062,10.064152],[9.067901,10.064269],[9.065638,10.064367],[9.064139,10.064111],[9.063539,10.065839],[9.062598,10.067928],[9.062114,10.069371],[9.060869,10.072619],[9.05954,10.074145],[9.056586,10.074796],[9.050833,10.072559],[9.050833,10.070834],[9.052498,10.070833],[9.052498,10.07],[9.050833,10.069999],[9.050832,10.062206],[9.049897,10.062532],[9.049837,10.062524]]]},"properties":{"Name":"Toro Primary Health Clinic","Site Location":[9.06212,10.05931],"Admin 0":["Nigeria"],"Admin 1":["Bauchi"],"Admin 2":["Toro"],"Admin 3":["Toro"],"Total population - WorldPop (2026)":3513,"Total population - WorldPop UN (2026)":2936,"Total population - Kontur (2023-10-31)":3810,"Total population - Meta (2023-04-21)":3127,"Total women - Meta (2023-04-21)":1563,"Total men - Meta (2023-04-21)":1563,"Children under 5 - Meta (2023-04-21)":447,"People 15 to 24 - Meta (2023-04-21)":447,"Women 15 to 49 - Meta (2023-04-21)":893,"People 60 and older - Meta (2023-04-21)":0,"OpenStreetMap Buildings (2026-02-20)":990,"Google Buildings 60+% Confidence (2023-05)":1465,"Google Buildings 70+% Confidence (2023-05)":1262,"Google Buildings 80+% Confidence (2023-05)":717,"Average Building Footprint (m²) (2023-05)":"56.50","Overture Buildings (2026-02-20)":1358,"lga_location_id":"nga-ba-5018","grid3_globalid":"8a519207-48f5-43e9-a606-13018e5a01d5","nhfr_uid":"87452061","nhfr_code":"05/18/1/1/1/0086","ownership_code":"public","country":"Nigeria","organization_id":"org-8a519207-48f5-43e9-a606-13018e5a01d5","status":"active","facility_level_text":"Primary Health Clinic","location_id":"8a519207-48f5-43e9-a606-13018e5a01d5","facility_level_code":"primary","ownership_text":"Local Government","lga":"Toro","state":"Bauchi"},"id":142},{"type":"Feature","geometry":{"type":"Polygon","coordinates":[[[8.979999,10.104611],[8.979999,10.103334],[8.982721,10.103333],[8.982957,10.102752],[8.984166,10.100345],[8.984165,10.0975],[8.981666,10.097499],[8.981666,10.094167],[8.982498,10.094166],[8.982498,10.0925],[8.980833,10.092499],[8.980832,10.091667],[8.979999,10.091666],[8.979999,10.09],[8.980832,10.089999],[8.980833,10.089167],[8.981314,10.089167],[8.981431,10.090078],[8.982109,10.090181],[8.984165,10.089637],[8.984166,10.0825],[8.986261,10.082499],[8.986082,10.082338],[8.985617,10.081667],[8.984999,10.081666],[8.984999,10.080834],[8.985035,10.080834],[8.985036,10.080832],[8.984404,10.07992],[8.984827,10.074287],[8.983698,10.071694],[8.984256,10.070001],[8.984255,10.07],[8.984166,10.069999],[8.984165,10.066667],[8.983333,10.066666],[8.983333,10.065834],[8.984165,10.065833],[8.984166,10.062461],[8.984537,10.062738],[8.986072,10.061666],[8.986778,10.061001],[8.986859,10.060679],[8.987337,10.06043],[8.989331,10.059565],[8.989336,10.059552],[8.989413,10.058619],[8.990018,10.05751],[8.989998,10.057477],[8.990262,10.057233],[8.990539,10.057208],[8.99081,10.057168],[8.991312,10.057499],[8.991315,10.057515],[8.991338,10.057531],[8.991399,10.058081],[8.991452,10.05821],[8.991553,10.058264],[8.992964,10.058466],[8.994861,10.05912],[8.994862,10.059119],[8.994654,10.056047],[8.995935,10.056258],[8.996664,10.056716],[8.996666,10.056715],[8.996666,10.056654],[8.99681,10.056767],[8.998184,10.05653],[8.998192,10.056577],[8.998269,10.056565],[8.998515,10.056616],[8.99879,10.056765],[9.000832,10.056911],[9.000833,10.053334],[9.004165,10.053334],[9.004166,10.055],[9.004998,10.054999],[9.004999,10.053334],[9.006665,10.053334],[9.006666,10.054166],[9.010355,10.054166],[9.010356,10.049678],[9.011665,10.049743],[9.011666,10.049999],[9.012221,10.05],[9.014709,10.05359],[9.014045,10.059363],[9.015078,10.061972],[9.021666,10.059474],[9.021665,10.059999],[9.020833,10.06],[9.020832,10.061666],[9.018333,10.061667],[9.018332,10.062499],[9.017499,10.0625],[9.017498,10.066666],[9.014166,10.066667],[9.014166,10.068333],[9.014998,10.068334],[9.014998,10.069999],[9.013333,10.07],[9.013333,10.083333],[9.012499,10.083335],[9.012499,10.086666],[9.013332,10.086667],[9.013332,10.090833],[9.008333,10.090834],[9.008332,10.093333],[9.007499,10.093334],[9.007498,10.094166],[9.005833,10.094166],[9.005832,10.093334],[9.004999,10.093334],[9.004998,10.099166],[9.000833,10.099167],[9.000832,10.104324],[8.981833,10.104664],[8.979999,10.104611]]]},"properties":{"Name":"Tudun Wada Health Post","Site Location":[9.00836132022,10.0686525501],"Admin 0":["Nigeria"],"Admin 1":["Bauchi"],"Admin 2":["Toro"],"Admin 3":["Tilde"],"Total population - WorldPop (2026)":3645,"Total population - WorldPop UN (2026)":5126,"Total population - Kontur (2023-10-31)":5588,"Total population - Meta (2023-04-21)":4732,"Total women - Meta (2023-04-21)":2366,"Total men - Meta (2023-04-21)":2366,"Children under 5 - Meta (2023-04-21)":676,"People 15 to 24 - Meta (2023-04-21)":676,"Women 15 to 49 - Meta (2023-04-21)":1352,"People 60 and older - Meta (2023-04-21)":0,"OpenStreetMap Buildings (2026-02-20)":1205,"Google Buildings 60+% Confidence (2023-05)":1392,"Google Buildings 70+% Confidence (2023-05)":1207,"Google Buildings 80+% Confidence (2023-05)":655,"Average Building Footprint (m²) (2023-05)":"45.98","Overture Buildings (2026-02-20)":1338,"facility_level_text":"Health Post","facility_level_code":"primary","lga_location_id":"nga-ba-5018","lga":"Toro","nhfr_code":"","ownership_text":"Unknown","ownership_code":"public","location_id":"0bb3edf8-d088-4de3-a18e-e42df881f52a","status":"active","state":"Bauchi","grid3_globalid":"0bb3edf8-d088-4de3-a18e-e42df881f52a","organization_id":"org-0bb3edf8-d088-4de3-a18e-e42df881f52a","country":"Nigeria","nhfr_uid":""},"id":143},{"type":"Feature","geometry":{"type":"Polygon","coordinates":[[[8.968092,10.106689],[8.968235,10.1036],[8.976611,10.104513],[8.981832,10.104664],[9.007001,10.104215],[9.018508,10.104278],[9.029998,10.104117],[9.029998,10.114166],[9.028333,10.114167],[9.028332,10.115833],[9.026666,10.115834],[9.026665,10.116666],[9.025833,10.116667],[9.025832,10.119999],[9.024999,10.12],[9.024998,10.121666],[9.022499,10.121667],[9.022498,10.122499],[9.021666,10.1225],[9.021665,10.124166],[9.018333,10.124167],[9.018332,10.124999],[9.017499,10.125],[9.017498,10.128333],[9.016666,10.128333],[9.016665,10.1275],[9.015833,10.127499],[9.015832,10.127345],[9.014502,10.127013],[9.01449,10.127012],[9.014424,10.126998],[9.014368,10.128846],[9.014217,10.132172],[9.014131,10.132145],[9.012221,10.131316],[9.012093,10.13128],[9.011666,10.131304],[9.011665,10.132499],[9.009166,10.1325],[9.009165,10.136666],[9.000833,10.136667],[9.000832,10.140833],[8.999999,10.140834],[8.999998,10.141666],[8.996666,10.141667],[8.996665,10.144999],[8.992499,10.145],[8.992498,10.149166],[8.989166,10.149167],[8.989165,10.152499],[8.988333,10.1525],[8.988332,10.153333],[8.984166,10.153334],[8.984165,10.157499],[8.975833,10.1575],[8.975833,10.158983],[8.976222,10.159633],[8.973557,10.1552],[8.971811,10.151259],[8.972168,10.14355],[8.974357,10.137859],[8.972702,10.131989],[8.972879,10.12814],[8.971224,10.122269],[8.969835,10.11063],[8.968092,10.106689]]]},"properties":{"Name":"Tudun Wadan Ribina Health Post","Site Location":[9.0138,10.113788],"Admin 0":["Nigeria"],"Admin 1":["Bauchi"],"Admin 2":["Toro"],"Admin 3":["Ribina West"],"Total population - WorldPop (2026)":2825,"Total population - WorldPop UN (2026)":2628,"Total population - Kontur (2023-10-31)":4087,"Total population - Meta (2023-04-21)":3781,"Total women - Meta (2023-04-21)":1891,"Total men - Meta (2023-04-21)":1891,"Children under 5 - Meta (2023-04-21)":540,"People 15 to 24 - Meta (2023-04-21)":540,"Women 15 to 49 - Meta (2023-04-21)":1080,"People 60 and older - Meta (2023-04-21)":0,"OpenStreetMap Buildings (2026-02-20)":1318,"Google Buildings 60+% Confidence (2023-05)":1456,"Google Buildings 70+% Confidence (2023-05)":1189,"Google Buildings 80+% Confidence (2023-05)":538,"Average Building Footprint (m²) (2023-05)":"31.48","Overture Buildings (2026-02-20)":1508,"lga":"Toro","lga_location_id":"nga-ba-5018","facility_level_text":"Health Post","location_id":"507ae7db-e532-45e9-bb3e-3f7d31348004","facility_level_code":"primary","grid3_globalid":"507ae7db-e532-45e9-bb3e-3f7d31348004","country":"Nigeria","organization_id":"org-507ae7db-e532-45e9-bb3e-3f7d31348004","ownership_code":"public","state":"Bauchi","ownership_text":"Local Government","nhfr_uid":"50078848","status":"active","nhfr_code":"05/18/1/1/1/0087"},"id":144},{"type":"Feature","geometry":{"type":"Polygon","coordinates":[[[8.988333,10.569999],[8.988333,10.565834],[8.996665,10.565833],[8.996665,10.563334],[8.994999,10.563333],[8.994999,10.561667],[8.995832,10.561666],[8.995833,10.560834],[8.996665,10.560833],[8.996665,10.559167],[8.995364,10.559166],[8.994487,10.558553],[8.994257,10.557552],[8.993737,10.556997],[8.993867,10.555834],[8.994998,10.555834],[8.994999,10.557499],[8.996665,10.557499],[8.996666,10.553334],[9.000832,10.553333],[9.000833,10.549167],[9.009165,10.549166],[9.009166,10.545],[9.009998,10.545],[9.009999,10.545833],[9.010832,10.545834],[9.010833,10.546666],[9.011665,10.546667],[9.011666,10.547499],[9.012498,10.547499],[9.012499,10.546667],[9.013332,10.546666],[9.013333,10.541667],[9.014165,10.541666],[9.014166,10.540834],[9.021665,10.540833],[9.021666,10.538334],[9.024165,10.538333],[9.024166,10.536667],[9.025832,10.536666],[9.025833,10.528334],[9.029998,10.528333],[9.029999,10.524167],[9.034165,10.524167],[9.034165,10.540833],[9.029999,10.540834],[9.029998,10.549999],[9.027499,10.55],[9.027498,10.553333],[9.026666,10.553334],[9.026665,10.554999],[9.025833,10.555],[9.025833,10.558333],[9.026665,10.558334],[9.026666,10.559166],[9.027499,10.559167],[9.027498,10.562499],[9.025833,10.5625],[9.025833,10.565833],[9.029998,10.565834],[9.029999,10.571666],[9.030832,10.571666],[9.030833,10.569167],[9.033086,10.569167],[9.033067,10.569359],[9.032622,10.570309],[9.031818,10.571379],[9.031168,10.571939],[9.030165,10.573451],[9.029114,10.573931],[9.028041,10.573841],[9.026941,10.57353],[9.024212,10.572645],[9.023176,10.57235],[9.022737,10.572333],[9.022318,10.571759],[9.021996,10.571749],[9.021731,10.571759],[9.021915,10.572029],[9.023265,10.573791],[9.024257,10.574498],[9.024445,10.575132],[9.024779,10.575817],[9.025159,10.576509],[9.025293,10.576826],[9.025356,10.577196],[9.025464,10.577643],[9.025707,10.578863],[9.026102,10.579589],[9.026217,10.579815],[9.026334,10.580177],[9.026361,10.580411],[9.025793,10.580434],[9.02478,10.580581],[9.024158,10.581245],[9.023659,10.582832],[9.022952,10.584166],[9.022499,10.584166],[9.022499,10.583334],[9.023332,10.583333],[9.023332,10.5825],[9.016667,10.5825],[9.016665,10.583333],[9.014166,10.583334],[9.014165,10.5825],[9.012499,10.582499],[9.012498,10.581667],[9.007499,10.581667],[9.007499,10.582499],[9.007467,10.5825],[9.007624,10.583364],[9.006209,10.583523],[9.005833,10.583702],[9.005833,10.584999],[9.006665,10.585],[9.006666,10.585833],[9.009165,10.585834],[9.009165,10.586666],[8.998334,10.586667],[8.998332,10.587499],[8.997499,10.587499],[8.997498,10.586667],[8.996666,10.586666],[8.996666,10.5825],[8.998332,10.582499],[8.998333,10.581667],[8.999998,10.581666],[8.999998,10.579167],[8.999748,10.579167],[8.998145,10.579917],[8.996385,10.580401],[8.9957,10.58038],[8.995034,10.579959],[8.994999,10.579963],[8.994998,10.58],[8.993333,10.579999],[8.993332,10.579167],[8.992499,10.579166],[8.992498,10.572842],[8.990384,10.573319],[8.989166,10.573382],[8.989166,10.571667],[8.992498,10.571666],[8.992498,10.57],[8.988333,10.569999]]]},"properties":{"Name":"Tulu Ecwa Health Clinic","Site Location":[9.023498535,10.5769043],"Admin 0":["Nigeria"],"Admin 1":["Bauchi"],"Admin 2":["Toro"],"Admin 3":["Tama #1"],"Total population - WorldPop (2026)":1725,"Total population - WorldPop UN (2026)":1381,"Total population - Kontur (2023-10-31)":2801,"Total population - Meta (2023-04-21)":2261,"Total women - Meta (2023-04-21)":1131,"Total men - Meta (2023-04-21)":1131,"Children under 5 - Meta (2023-04-21)":323,"People 15 to 24 - Meta (2023-04-21)":323,"Women 15 to 49 - Meta (2023-04-21)":646,"People 60 and older - Meta (2023-04-21)":0,"OpenStreetMap Buildings (2026-02-20)":389,"Google Buildings 60+% Confidence (2023-05)":1072,"Google Buildings 70+% Confidence (2023-05)":930,"Google Buildings 80+% Confidence (2023-05)":478,"Average Building Footprint (m²) (2023-05)":"44.19","Overture Buildings (2026-02-20)":942,"nhfr_uid":"","grid3_globalid":"a3182056-f905-48ce-a634-90f3ea962975","lga_location_id":"nga-ba-5018","facility_level_code":"primary","location_id":"a3182056-f905-48ce-a634-90f3ea962975","status":"active","ownership_text":"Unknown","state":"Bauchi","ownership_code":"private","nhfr_code":"","facility_level_text":"Primary Health Center","country":"Nigeria","lga":"Toro","organization_id":"org-a3182056-f905-48ce-a634-90f3ea962975"},"id":145},{"type":"Feature","geometry":{"type":"Polygon","coordinates":[[[9.021731,10.571759],[9.021996,10.571749],[9.022317,10.571759],[9.022737,10.572333],[9.023176,10.57235],[9.024212,10.572645],[9.026941,10.57353],[9.028041,10.573841],[9.029115,10.573931],[9.030166,10.573451],[9.031168,10.571939],[9.031818,10.571379],[9.032622,10.570309],[9.033067,10.56936],[9.033086,10.569168],[9.033085,10.569167],[9.030833,10.569167],[9.030832,10.571666],[9.029999,10.571666],[9.029998,10.565834],[9.025833,10.565833],[9.025833,10.5625],[9.027498,10.562499],[9.027499,10.559168],[9.026666,10.559166],[9.026665,10.558334],[9.025833,10.558333],[9.025833,10.555],[9.026665,10.554999],[9.026666,10.553334],[9.027498,10.553333],[9.027499,10.55],[9.029998,10.549999],[9.029999,10.540834],[9.034165,10.540833],[9.034166,10.52],[9.042498,10.519999],[9.042499,10.515834],[9.046665,10.515833],[9.046665,10.511667],[9.042499,10.511666],[9.042499,10.503334],[9.046665,10.503333],[9.046666,10.499167],[9.050832,10.499166],[9.050833,10.495],[9.060663,10.495],[9.069643,10.498843],[9.080482,10.505574],[9.087612,10.510004],[9.092346,10.513874],[9.095826,10.521389],[9.099529,10.528665],[9.104553,10.53984],[9.114062,10.542605],[9.122239,10.554646],[9.113332,10.564702],[9.109334,10.569214],[9.106586,10.576613],[9.105488,10.57783],[9.093334,10.582395],[9.088398,10.586208],[9.085409,10.597756],[9.083087,10.611666],[9.079166,10.611666],[9.079165,10.61],[9.076666,10.61],[9.076665,10.611666],[9.075833,10.611666],[9.075832,10.603334],[9.067499,10.603333],[9.067498,10.599167],[9.063333,10.599166],[9.063332,10.595],[9.054999,10.594999],[9.054998,10.590834],[9.047499,10.590833],[9.047499,10.59],[9.048332,10.589999],[9.048333,10.589167],[9.049165,10.589166],[9.049165,10.5875],[9.046666,10.587499],[9.046666,10.585834],[9.047498,10.585833],[9.047499,10.584168],[9.046666,10.584166],[9.046665,10.5825],[9.043333,10.582499],[9.043333,10.581667],[9.044653,10.581667],[9.044654,10.581665],[9.043517,10.58108],[9.042775,10.580995],[9.041074,10.580351],[9.04056,10.579982],[9.040282,10.579398],[9.040165,10.579195],[9.03784,10.579687],[9.035487,10.580482],[9.034511,10.580355],[9.033247,10.580042],[9.030062,10.57701],[9.029523,10.576726],[9.028655,10.576446],[9.028841,10.575845],[9.028878,10.574854],[9.028594,10.574739],[9.027311,10.575075],[9.026324,10.574892],[9.026174,10.574945],[9.025984,10.575386],[9.024468,10.574604],[9.024258,10.574498],[9.023265,10.573791],[9.021915,10.572029],[9.021731,10.571759]]]},"properties":{"Name":"Tulu Maternity","Site Location":[9.029543,10.576547],"Admin 0":["Nigeria"],"Admin 1":["Bauchi"],"Admin 2":["Toro"],"Admin 3":["Tama #1"],"Total population - WorldPop (2026)":6948,"Total population - WorldPop UN (2026)":7533,"Total population - Kontur (2023-10-31)":9501,"Total population - Meta (2023-04-21)":9449,"Total women - Meta (2023-04-21)":4724,"Total men - Meta (2023-04-21)":4724,"Children under 5 - Meta (2023-04-21)":1350,"People 15 to 24 - Meta (2023-04-21)":1350,"Women 15 to 49 - Meta (2023-04-21)":2700,"People 60 and older - Meta (2023-04-21)":0,"OpenStreetMap Buildings (2026-02-20)":571,"Google Buildings 60+% Confidence (2023-05)":6196,"Google Buildings 70+% Confidence (2023-05)":5352,"Google Buildings 80+% Confidence (2023-05)":2648,"Average Building Footprint (m²) (2023-05)":"35.01","Overture Buildings (2026-02-20)":5071,"status":"active","location_id":"be39c34f-2cc7-43f5-90ef-81610a8f76c8","country":"Nigeria","state":"Bauchi","lga_location_id":"nga-ba-5018","facility_level_text":"Primary Health Clinic","nhfr_uid":"","facility_level_code":"primary","organization_id":"org-be39c34f-2cc7-43f5-90ef-81610a8f76c8","ownership_code":"public","lga":"Toro","ownership_text":"Unknown","grid3_globalid":"be39c34f-2cc7-43f5-90ef-81610a8f76c8","nhfr_code":""},"id":146},{"type":"Feature","geometry":{"type":"Polygon","coordinates":[[[9.000833,10.594999],[9.000833,10.586667],[9.009165,10.586666],[9.009165,10.585834],[9.006666,10.585833],[9.006665,10.585],[9.005833,10.584999],[9.005833,10.583703],[9.006209,10.583523],[9.007624,10.583364],[9.007467,10.5825],[9.007499,10.582499],[9.007499,10.581667],[9.012498,10.581667],[9.012499,10.582499],[9.014165,10.5825],[9.014166,10.583334],[9.016665,10.583333],[9.016666,10.5825],[9.023332,10.5825],[9.023332,10.583333],[9.022499,10.583334],[9.022499,10.584166],[9.022952,10.584166],[9.023659,10.582832],[9.024158,10.581245],[9.02478,10.580581],[9.025793,10.580434],[9.026361,10.580411],[9.026334,10.580177],[9.026217,10.579815],[9.026102,10.579589],[9.025707,10.578863],[9.025464,10.577643],[9.025357,10.577197],[9.02558,10.577169],[9.02589,10.576795],[9.025928,10.576495],[9.026111,10.57611],[9.026297,10.576162],[9.026442,10.576194],[9.0264,10.576631],[9.026737,10.576836],[9.027006,10.576822],[9.027425,10.577022],[9.028662,10.577554],[9.028663,10.577553],[9.028655,10.576447],[9.029523,10.576726],[9.030061,10.577009],[9.033247,10.580043],[9.034511,10.580355],[9.035487,10.580482],[9.03784,10.579687],[9.040165,10.579195],[9.040282,10.579398],[9.040559,10.579982],[9.041074,10.580351],[9.042775,10.580995],[9.043517,10.58108],[9.044657,10.581666],[9.043333,10.581667],[9.043333,10.582499],[9.046665,10.5825],[9.046666,10.584166],[9.047499,10.584167],[9.047498,10.585833],[9.046666,10.585834],[9.046666,10.587499],[9.049165,10.5875],[9.049165,10.589166],[9.048333,10.589167],[9.048332,10.589999],[9.047499,10.59],[9.047499,10.590833],[9.054998,10.590834],[9.054999,10.594999],[9.063332,10.595],[9.063333,10.599166],[9.067498,10.599167],[9.067499,10.603333],[9.075832,10.603334],[9.075833,10.611666],[9.076665,10.611666],[9.076666,10.61],[9.079165,10.61],[9.079166,10.611666],[9.083087,10.611667],[9.081213,10.622886],[9.076323,10.640833],[9.071666,10.640833],[9.071665,10.636667],[9.065,10.636667],[9.064998,10.637499],[9.062499,10.637499],[9.062498,10.636667],[9.061666,10.636666],[9.061665,10.635],[9.059166,10.634999],[9.059165,10.633334],[9.058333,10.633333],[9.058332,10.6325],[9.046666,10.6325],[9.046665,10.636666],[9.042499,10.636666],[9.042498,10.633334],[9.041666,10.633333],[9.041665,10.6325],[9.034166,10.632499],[9.034165,10.63],[9.033333,10.629999],[9.033332,10.629167],[9.02651,10.629167],[9.026437,10.630091],[9.025868,10.630752],[9.025413,10.631666],[9.024166,10.631667],[9.024166,10.629167],[9.024998,10.629166],[9.024998,10.628334],[9.021666,10.628334],[9.021665,10.632499],[9.013333,10.632499],[9.013332,10.628334],[9.009166,10.628333],[9.009166,10.624167],[9.011665,10.624167],[9.011666,10.625833],[9.012498,10.625834],[9.012499,10.624167],[9.013332,10.624166],[9.013332,10.618334],[9.011666,10.618333],[9.011665,10.6175],[9.010833,10.617499],[9.010832,10.615834],[9.009166,10.615833],[9.009165,10.611667],[9.004999,10.611666],[9.004999,10.603334],[9.005832,10.603333],[9.005833,10.599167],[9.004999,10.599166],[9.004998,10.595],[9.000833,10.594999]]]},"properties":{"Name":"Tulu Primary Health Care Center","Site Location":[9.028930664,10.57928467],"Admin 0":["Nigeria"],"Admin 1":["Bauchi"],"Admin 2":["Toro"],"Admin 3":["Tama #1"],"Total population - WorldPop (2026)":4493,"Total population - WorldPop UN (2026)":3693,"Total population - Kontur (2023-10-31)":6324,"Total population - Meta (2023-04-21)":5248,"Total women - Meta (2023-04-21)":2624,"Total men - Meta (2023-04-21)":2624,"Children under 5 - Meta (2023-04-21)":750,"People 15 to 24 - Meta (2023-04-21)":750,"Women 15 to 49 - Meta (2023-04-21)":1499,"People 60 and older - Meta (2023-04-21)":0,"OpenStreetMap Buildings (2026-02-20)":297,"Google Buildings 60+% Confidence (2023-05)":3613,"Google Buildings 70+% Confidence (2023-05)":3107,"Google Buildings 80+% Confidence (2023-05)":1350,"Average Building Footprint (m²) (2023-05)":"34.73","Overture Buildings (2026-02-20)":2865,"location_id":"5f5f5654-092b-4c71-a0b3-71ca6e53e5f1","facility_level_code":"primary","ownership_text":"Local Government","status":"active","grid3_globalid":"5f5f5654-092b-4c71-a0b3-71ca6e53e5f1","country":"Nigeria","nhfr_uid":"84389160","state":"Bauchi","lga_location_id":"nga-ba-5018","organization_id":"org-5f5f5654-092b-4c71-a0b3-71ca6e53e5f1","nhfr_code":"05/18/1/1/1/0088","lga":"Toro","ownership_code":"public","facility_level_text":"Primary Health Center"},"id":147},{"type":"Feature","geometry":{"type":"Polygon","coordinates":[[[8.941876,10.045181],[8.942007,10.045239],[8.943369,10.04601],[8.944077,10.04646],[8.944615,10.047537],[8.944997,10.049137],[8.944999,10.049136],[8.944999,10.046667],[8.946665,10.046667],[8.946666,10.049166],[8.951665,10.049166],[8.951666,10.0475],[8.952834,10.0475],[8.952459,10.04854],[8.95246,10.048542],[8.952879,10.0475],[8.955832,10.0475],[8.955833,10.048333],[8.956665,10.048334],[8.956666,10.049166],[8.959165,10.049167],[8.959166,10.045],[8.962968,10.044999],[8.963333,10.044828],[8.964312,10.044405],[8.964292,10.044999],[8.967498,10.045],[8.967498,10.045637],[8.965064,10.047732],[8.965015,10.047843],[8.965798,10.048714],[8.966543,10.048957],[8.967498,10.048991],[8.9675,10.049167],[8.969165,10.049167],[8.969165,10.050833],[8.967499,10.050834],[8.967499,10.051666],[8.968332,10.051667],[8.968333,10.052499],[8.969165,10.052499],[8.969166,10.051667],[8.969998,10.051666],[8.969999,10.050834],[8.973332,10.050834],[8.973333,10.053333],[8.974677,10.053334],[8.973979,10.054223],[8.973979,10.054224],[8.974696,10.054729],[8.974946,10.054048],[8.975361,10.053732],[8.97593,10.053659],[8.976424,10.053988],[8.976951,10.053774],[8.977274,10.054282],[8.977376,10.054267],[8.977445,10.054362],[8.977546,10.054508],[8.977596,10.054653],[8.977428,10.055531],[8.977466,10.056008],[8.977252,10.056482],[8.977019,10.056594],[8.976888,10.057276],[8.976568,10.057729],[8.97619,10.05775],[8.976215,10.0575],[8.975833,10.0575],[8.975833,10.061666],[8.979998,10.061667],[8.979999,10.065833],[8.982498,10.065833],[8.982499,10.064167],[8.983332,10.064167],[8.983333,10.066666],[8.984166,10.066667],[8.984166,10.069999],[8.984256,10.07],[8.983698,10.071695],[8.984827,10.074287],[8.984404,10.07992],[8.985036,10.080833],[8.984999,10.080834],[8.984999,10.081666],[8.985616,10.081667],[8.986082,10.082338],[8.986262,10.082499],[8.984166,10.0825],[8.984165,10.089637],[8.982109,10.090181],[8.981431,10.090078],[8.981314,10.089167],[8.980834,10.089167],[8.980832,10.089999],[8.979999,10.09],[8.979999,10.091666],[8.980832,10.091667],[8.980833,10.092499],[8.982498,10.0925],[8.982498,10.094166],[8.981666,10.094167],[8.981666,10.097499],[8.984165,10.0975],[8.984165,10.100345],[8.982957,10.102752],[8.98272,10.103333],[8.979999,10.103334],[8.979998,10.104611],[8.976611,10.104513],[8.968235,10.103599],[8.968269,10.102839],[8.952093,10.093011],[8.941876,10.045181]]]},"properties":{"Name":"Tummu Health Post","Site Location":[8.96253264301,10.0682790416],"Admin 0":["Nigeria"],"Admin 1":["Bauchi"],"Admin 2":["Toro"],"Admin 3":["Tilde"],"Total population - WorldPop (2026)":4407,"Total population - WorldPop UN (2026)":6315,"Total population - Kontur (2023-10-31)":4782,"Total population - Meta (2023-04-21)":4450,"Total women - Meta (2023-04-21)":2225,"Total men - Meta (2023-04-21)":2225,"Children under 5 - Meta (2023-04-21)":672,"People 15 to 24 - Meta (2023-04-21)":672,"Women 15 to 49 - Meta (2023-04-21)":1090,"People 60 and older - Meta (2023-04-21)":0,"OpenStreetMap Buildings (2026-02-20)":1463,"Google Buildings 60+% Confidence (2023-05)":1807,"Google Buildings 70+% Confidence (2023-05)":1532,"Google Buildings 80+% Confidence (2023-05)":738,"Average Building Footprint (m²) (2023-05)":"32.80","Overture Buildings (2026-02-20)":1786,"state":"Bauchi","nhfr_uid":"44907520","lga":"Toro","organization_id":"org-abc4afb9-56cf-444b-8d6e-5afca015d8d1","status":"active","grid3_globalid":"abc4afb9-56cf-444b-8d6e-5afca015d8d1","facility_level_code":"primary","nhfr_code":"05/18/1/1/1/0089","country":"Nigeria","facility_level_text":"Health Post","ownership_text":"Local Government","lga_location_id":"nga-ba-5018","ownership_code":"public","location_id":"abc4afb9-56cf-444b-8d6e-5afca015d8d1"},"id":148},{"type":"Feature","geometry":{"type":"Polygon","coordinates":[[[9.313333,10.128333],[9.313333,10.124167],[9.321665,10.124166],[9.321666,10.116667],[9.324998,10.116666],[9.324999,10.115834],[9.327498,10.115833],[9.327499,10.115],[9.330832,10.115],[9.330833,10.115833],[9.336665,10.115834],[9.336666,10.116666],[9.339998,10.116667],[9.339998,10.119999],[9.338333,10.12],[9.338333,10.134166],[9.339166,10.134167],[9.339165,10.135833],[9.338333,10.135834],[9.338333,10.136666],[9.342498,10.136667],[9.342498,10.140833],[9.338333,10.140834],[9.338332,10.144999],[9.334166,10.144999],[9.334165,10.140834],[9.329999,10.140833],[9.329998,10.136667],[9.325833,10.136666],[9.325832,10.133334],[9.324166,10.133334],[9.324165,10.134166],[9.322499,10.134167],[9.322498,10.136666],[9.317499,10.136666],[9.317499,10.1325],[9.318332,10.132499],[9.318332,10.13],[9.317499,10.129999],[9.317498,10.129167],[9.314999,10.129166],[9.314998,10.128334],[9.313333,10.128333]]]},"properties":{"Name":"Wom Health Post","Site Location":[9.32691,10.13192],"Admin 0":["Nigeria"],"Admin 1":["Bauchi"],"Admin 2":["Toro"],"Admin 3":["Tulai"],"Total population - WorldPop (2026)":563,"Total population - WorldPop UN (2026)":480,"Total population - Kontur (2023-10-31)":525,"Total population - Meta (2023-04-21)":670,"Total women - Meta (2023-04-21)":335,"Total men - Meta (2023-04-21)":335,"Children under 5 - Meta (2023-04-21)":96,"People 15 to 24 - Meta (2023-04-21)":96,"Women 15 to 49 - Meta (2023-04-21)":191,"People 60 and older - Meta (2023-04-21)":0,"OpenStreetMap Buildings (2026-02-20)":221,"Google Buildings 60+% Confidence (2023-05)":347,"Google Buildings 70+% Confidence (2023-05)":261,"Google Buildings 80+% Confidence (2023-05)":95,"Average Building Footprint (m²) (2023-05)":"40.31","Overture Buildings (2026-02-20)":311,"facility_level_text":"Health Post","status":"active","ownership_text":"Local Government","facility_level_code":"primary","nhfr_uid":"82315206","state":"Bauchi","nhfr_code":"05/18/1/1/1/0090","lga":"Toro","country":"Nigeria","organization_id":"org-3df8818c-a4e2-44e6-89a1-982fbb2cc1b9","ownership_code":"public","lga_location_id":"nga-ba-5018","grid3_globalid":"3df8818c-a4e2-44e6-89a1-982fbb2cc1b9","location_id":"3df8818c-a4e2-44e6-89a1-982fbb2cc1b9"},"id":149},{"type":"Feature","geometry":{"type":"Polygon","coordinates":[[[9.504166,10.2075],[9.504998,10.207499],[9.504999,10.206667],[9.509165,10.206667],[9.509166,10.207499],[9.513332,10.207499],[9.513333,10.205],[9.514165,10.204999],[9.514166,10.203334],[9.518332,10.203334],[9.518333,10.205833],[9.521665,10.205833],[9.521666,10.205],[9.522498,10.205],[9.522499,10.205833],[9.525832,10.205834],[9.525833,10.207499],[9.534165,10.207499],[9.534166,10.203334],[9.543332,10.203333],[9.543333,10.2025],[9.545832,10.202499],[9.545833,10.201667],[9.546665,10.201666],[9.546666,10.200834],[9.549165,10.200834],[9.549166,10.201666],[9.550832,10.201667],[9.550833,10.203333],[9.552498,10.203333],[9.552499,10.2025],[9.554299,10.2025],[9.554746,10.204238],[9.55482,10.205833],[9.554999,10.205833],[9.554999,10.203334],[9.558332,10.203334],[9.558332,10.204166],[9.557499,10.204167],[9.557499,10.206666],[9.561665,10.206666],[9.561666,10.203334],[9.563332,10.203334],[9.563333,10.204999],[9.56404,10.205],[9.563336,10.205995],[9.564058,10.206246],[9.564998,10.206953],[9.564999,10.207499],[9.564166,10.2075],[9.564165,10.208333],[9.563333,10.208334],[9.563332,10.219999],[9.561666,10.22],[9.561666,10.220833],[9.562498,10.220834],[9.562499,10.224166],[9.564998,10.224167],[9.564999,10.224999],[9.564166,10.225],[9.564165,10.226666],[9.563333,10.226667],[9.563333,10.226737],[9.563535,10.227977],[9.56376,10.227908],[9.563656,10.228013],[9.563537,10.228321],[9.563046,10.230631],[9.563648,10.234999],[9.564165,10.235],[9.564165,10.236666],[9.563333,10.236667],[9.563332,10.237499],[9.562499,10.2375],[9.562498,10.238333],[9.561666,10.238334],[9.561666,10.240833],[9.563332,10.240834],[9.563332,10.247499],[9.562499,10.2475],[9.562498,10.249166],[9.560833,10.249167],[9.560832,10.251666],[9.559166,10.251667],[9.559165,10.253333],[9.554999,10.253334],[9.554999,10.257499],[9.555832,10.2575],[9.555833,10.258059],[9.555712,10.258115],[9.555364,10.258405],[9.554834,10.259356],[9.55487,10.259453],[9.55549,10.260129],[9.555826,10.260827],[9.557304,10.262164],[9.558332,10.263102],[9.558333,10.264166],[9.554999,10.264167],[9.554998,10.264999],[9.554166,10.265],[9.554166,10.267499],[9.554998,10.2675],[9.554998,10.269999],[9.552499,10.27],[9.552498,10.271115],[9.551168,10.270946],[9.550386,10.271107],[9.550132,10.271033],[9.549282,10.27128],[9.548616,10.271323],[9.547018,10.272343],[9.546827,10.272476],[9.546476,10.272771],[9.546393,10.272914],[9.54642,10.27308],[9.546271,10.273047],[9.545902,10.273544],[9.545855,10.273522],[9.545686,10.273436],[9.545395,10.27317],[9.544978,10.273591],[9.544166,10.273617],[9.544166,10.274999],[9.545832,10.275],[9.545832,10.275833],[9.543333,10.275834],[9.543332,10.278286],[9.541694,10.276103],[9.550365,10.254447],[9.552992,10.240343],[9.549854,10.237256],[9.545055,10.23434],[9.542148,10.230958],[9.54036,10.228609],[9.539172,10.226739],[9.538103,10.225043],[9.537864,10.223873],[9.535429,10.221476],[9.534661,10.220495],[9.534166,10.220007],[9.534165,10.22],[9.534158,10.219999],[9.533758,10.219606],[9.532997,10.218669],[9.532521,10.217874],[9.53238,10.21694],[9.532379,10.216004],[9.531904,10.215396],[9.529194,10.21563],[9.52715,10.21577],[9.525058,10.21591],[9.52059,10.216004],[9.516406,10.216144],[9.511749,10.216284],[9.508384,10.21617],[9.504999,10.214571],[9.504998,10.209167],[9.504166,10.209166],[9.504166,10.2075]]]},"properties":{"Name":"Wow Health Post","Site Location":[9.544858,10.21996],"Admin 0":["Nigeria"],"Admin 1":["Bauchi"],"Admin 2":["Toro"],"Admin 3":["Jama'a #1"],"Total population - WorldPop (2026)":2771,"Total population - WorldPop UN (2026)":2221,"Total population - Kontur (2023-10-31)":3320,"Total population - Meta (2023-04-21)":3074,"Total women - Meta (2023-04-21)":1537,"Total men - Meta (2023-04-21)":1537,"Children under 5 - Meta (2023-04-21)":439,"People 15 to 24 - Meta (2023-04-21)":439,"Women 15 to 49 - Meta (2023-04-21)":878,"People 60 and older - Meta (2023-04-21)":0,"OpenStreetMap Buildings (2026-02-20)":1010,"Google Buildings 60+% Confidence (2023-05)":1072,"Google Buildings 70+% Confidence (2023-05)":891,"Google Buildings 80+% Confidence (2023-05)":395,"Average Building Footprint (m²) (2023-05)":"31.35","Overture Buildings (2026-02-20)":1230,"grid3_globalid":"5eca11a0-ceb7-4935-97e7-17248fbc9861","nhfr_code":"","country":"Nigeria","ownership_text":"Unknown","facility_level_code":"primary","nhfr_uid":"","facility_level_text":"Health Post","state":"Bauchi","location_id":"5eca11a0-ceb7-4935-97e7-17248fbc9861","lga":"Toro","lga_location_id":"nga-ba-5018","status":"active","organization_id":"org-5eca11a0-ceb7-4935-97e7-17248fbc9861","ownership_code":"public"},"id":150},{"type":"Feature","geometry":{"type":"Polygon","coordinates":[[[8.860833,10.471666],[8.860833,10.467852],[8.861635,10.464521],[8.871189,10.464941],[8.890014,10.475037],[8.896245,10.474314],[8.900333,10.47464],[8.902824,10.475358],[8.90404,10.474573],[8.905693,10.473646],[8.906698,10.473029],[8.90812,10.472207],[8.908333,10.472081],[8.909165,10.47159],[8.909837,10.471178],[8.911281,10.470847],[8.913227,10.470724],[8.913353,10.467247],[8.918606,10.468048],[8.920699,10.46844],[8.920512,10.47235],[8.921665,10.472584],[8.921665,10.474166],[8.917499,10.474167],[8.917499,10.478333],[8.919998,10.478334],[8.919999,10.480833],[8.918333,10.480833],[8.918332,10.48],[8.917499,10.48],[8.917499,10.484999],[8.919165,10.485],[8.919166,10.485833],[8.917499,10.485834],[8.917499,10.490833],[8.919998,10.490834],[8.919998,10.491666],[8.919166,10.491667],[8.919166,10.493333],[8.920832,10.493334],[8.920833,10.494166],[8.921665,10.494167],[8.921665,10.494999],[8.917499,10.495],[8.917499,10.495833],[8.918332,10.495834],[8.918332,10.498333],[8.917499,10.498334],[8.917498,10.499166],[8.913333,10.499167],[8.913332,10.503333],[8.904999,10.503333],[8.904998,10.501729],[8.904198,10.501272],[8.904167,10.501268],[8.904166,10.501269],[8.904165,10.501666],[8.900833,10.501666],[8.900832,10.499167],[8.896666,10.499167],[8.896665,10.499999],[8.895833,10.5],[8.895832,10.500111],[8.895384,10.499626],[8.894625,10.499167],[8.893333,10.499167],[8.893332,10.499999],[8.891666,10.5],[8.891665,10.502528],[8.89046,10.502316],[8.889898,10.502036],[8.889898,10.501689],[8.890175,10.501498],[8.890256,10.501167],[8.889166,10.500663],[8.889166,10.5],[8.890832,10.499999],[8.890832,10.499167],[8.888333,10.499166],[8.888332,10.495],[8.884166,10.495],[8.884165,10.499166],[8.879999,10.499166],[8.879998,10.495],[8.879166,10.495],[8.879165,10.495833],[8.875833,10.495834],[8.875832,10.495],[8.871666,10.494999],[8.871665,10.4825],[8.868333,10.482499],[8.868333,10.481667],[8.869165,10.481666],[8.869165,10.48],[8.867499,10.479999],[8.867498,10.479167],[8.865833,10.479167],[8.865832,10.480833],[8.862499,10.480833],[8.862499,10.480411],[8.863927,10.479271],[8.864229,10.477868],[8.864493,10.477522],[8.864755,10.477437],[8.864604,10.477303],[8.864582,10.477183],[8.864588,10.47702],[8.86477,10.475083],[8.864877,10.474576],[8.865084,10.474167],[8.863333,10.474166],[8.863332,10.4725],[8.862499,10.472499],[8.862498,10.471667],[8.860833,10.471666]]]},"properties":{"Name":"Wundi Primary Health Clinic","Site Location":[8.897944,10.478429],"Admin 0":["Nigeria"],"Admin 1":["Bauchi"],"Admin 2":["Toro"],"Admin 3":["Rishi"],"Total population - WorldPop (2026)":4138,"Total population - WorldPop UN (2026)":3657,"Total population - Kontur (2023-10-31)":3997,"Total population - Meta (2023-04-21)":4156,"Total women - Meta (2023-04-21)":2078,"Total men - Meta (2023-04-21)":2078,"Children under 5 - Meta (2023-04-21)":594,"People 15 to 24 - Meta (2023-04-21)":594,"Women 15 to 49 - Meta (2023-04-21)":1187,"People 60 and older - Meta (2023-04-21)":0,"OpenStreetMap Buildings (2026-02-20)":933,"Google Buildings 60+% Confidence (2023-05)":2248,"Google Buildings 70+% Confidence (2023-05)":1964,"Google Buildings 80+% Confidence (2023-05)":911,"Average Building Footprint (m²) (2023-05)":"47.46","Overture Buildings (2026-02-20)":1802,"ownership_code":"public","nhfr_code":"05/18/1/1/1/0091","facility_level_code":"primary","nhfr_uid":"71282888","ownership_text":"Local Government","status":"active","country":"Nigeria","state":"Bauchi","lga":"Toro","organization_id":"org-bc304d33-b090-447c-b728-5d6d99b5ffec","facility_level_text":"Primary Health Clinic","location_id":"bc304d33-b090-447c-b728-5d6d99b5ffec","grid3_globalid":"bc304d33-b090-447c-b728-5d6d99b5ffec","lga_location_id":"nga-ba-5018"},"id":151},{"type":"Feature","geometry":{"type":"Polygon","coordinates":[[[8.788333,10.424166],[8.788333,10.416619],[8.793086,10.410717],[8.793906,10.408478],[8.793371,10.407882],[8.792731,10.4076],[8.793016,10.406794],[8.793337,10.406094],[8.79412,10.405742],[8.793551,10.405182],[8.793087,10.40476],[8.793016,10.404235],[8.793763,10.403814],[8.794227,10.403604],[8.794057,10.403435],[8.793622,10.403007],[8.793693,10.402412],[8.794498,10.402186],[8.795546,10.402201],[8.796366,10.402517],[8.796902,10.403042],[8.797685,10.402342],[8.798327,10.401709],[8.798113,10.401219],[8.797151,10.400903],[8.796651,10.400378],[8.796224,10.400237],[8.796118,10.40008],[8.795938,10.399816],[8.795547,10.399396],[8.796438,10.398904],[8.79736,10.398772],[8.797864,10.398904],[8.798221,10.398169],[8.799077,10.397501],[8.799362,10.396626],[8.799898,10.396228],[8.800253,10.395854],[8.801073,10.395643],[8.801678,10.394978],[8.802214,10.394452],[8.802855,10.39424],[8.803354,10.393329],[8.803747,10.392838],[8.804353,10.393048],[8.805101,10.392803],[8.805387,10.393188],[8.806206,10.393186],[8.806598,10.393223],[8.806991,10.392453],[8.807596,10.392067],[8.807419,10.391366],[8.807347,10.390875],[8.806884,10.390348],[8.806883,10.389788],[8.806742,10.389402],[8.8061,10.389296],[8.805671,10.388735],[8.805316,10.388069],[8.80585,10.387648],[8.806972,10.387366],[8.807597,10.387367],[8.808274,10.386807],[8.808893,10.386257],[8.809094,10.385438],[8.809051,10.384448],[8.809486,10.383475],[8.809986,10.382633],[8.810235,10.382003],[8.810307,10.381231],[8.810735,10.38074],[8.811932,10.380296],[8.81312,10.379782],[8.814497,10.380109],[8.815544,10.380436],[8.816922,10.380343],[8.818318,10.380445],[8.8193,10.379407],[8.819727,10.377677],[8.820631,10.375481],[8.823149,10.374218],[8.832228,10.371833],[8.838076,10.370376],[8.848652,10.366125],[8.851674,10.364382],[8.870193,10.357635],[8.88711,10.35792],[8.896665,10.358163],[8.896665,10.361666],[8.892499,10.361667],[8.892498,10.365833],[8.888333,10.365834],[8.888332,10.374166],[8.884166,10.374167],[8.884165,10.378333],[8.879999,10.378334],[8.879998,10.386666],[8.875833,10.386667],[8.875832,10.394999],[8.871666,10.395],[8.871665,10.399166],[8.863333,10.399167],[8.863332,10.404166],[8.861666,10.404167],[8.861665,10.405833],[8.860833,10.405834],[8.860832,10.409999],[8.859166,10.41],[8.859165,10.410833],[8.857497,10.410834],[8.858028,10.411344],[8.858254,10.411438],[8.858766,10.411731],[8.858893,10.411787],[8.859118,10.411866],[8.859099,10.411884],[8.858763,10.412125],[8.859317,10.413232],[8.859887,10.413907],[8.860469,10.41467],[8.859771,10.414809],[8.859545,10.414851],[8.858446,10.414841],[8.857089,10.413945],[8.856507,10.413334],[8.854999,10.413334],[8.854999,10.414999],[8.855832,10.415],[8.855833,10.415833],[8.854999,10.415834],[8.854999,10.417499],[8.855832,10.4175],[8.855832,10.417682],[8.855606,10.41768],[8.85538,10.417698],[8.854716,10.417845],[8.854682,10.417875],[8.854627,10.418005],[8.854223,10.418781],[8.854137,10.418975],[8.853956,10.419335],[8.853855,10.419504],[8.853852,10.419513],[8.853349,10.419994],[8.853775,10.420544],[8.853981,10.420907],[8.853776,10.422259],[8.853995,10.423145],[8.853924,10.424019],[8.853456,10.424605],[8.853223,10.424578],[8.853163,10.424562],[8.852952,10.424463],[8.852855,10.424406],[8.852801,10.424332],[8.852552,10.424233],[8.851317,10.424006],[8.850764,10.423937],[8.850599,10.42396],[8.850514,10.423974],[8.850511,10.423974],[8.8505,10.423977],[8.850401,10.423913],[8.850329,10.423874],[8.849884,10.4238],[8.849676,10.4238],[8.849622,10.423789],[8.849522,10.423754],[8.849164,10.423617],[8.849162,10.423618],[8.849041,10.424527],[8.849057,10.424601],[8.849043,10.42461],[8.849043,10.424616],[8.849155,10.424999],[8.849526,10.425712],[8.849707,10.42601],[8.849774,10.426051],[8.849814,10.426059],[8.849967,10.426134],[8.85011,10.426176],[8.850151,10.426185],[8.850141,10.42628],[8.85046,10.426436],[8.850359,10.426523],[8.850178,10.426699],[8.850143,10.426721],[8.850032,10.4268],[8.850013,10.426878],[8.849927,10.427087],[8.849939,10.427158],[8.849965,10.427218],[8.849978,10.427374],[8.850044,10.427748],[8.850052,10.42775],[8.850094,10.427939],[8.850091,10.427941],[8.850111,10.428017],[8.850266,10.4287],[8.850338,10.429031],[8.850374,10.429149],[8.850438,10.429524],[8.850491,10.429717],[8.850587,10.430101],[8.850605,10.430193],[8.850602,10.430237],[8.85056,10.430468],[8.850461,10.430701],[8.850359,10.431031],[8.850353,10.431134],[8.85038,10.431885],[8.850385,10.431963],[8.850473,10.432204],[8.850433,10.432246],[8.850366,10.432345],[8.850296,10.432373],[8.850286,10.432368],[8.850273,10.432383],[8.850209,10.432344],[8.849658,10.432174],[8.849428,10.432056],[8.848937,10.431446],[8.848401,10.430732],[8.848072,10.43015],[8.847243,10.429008],[8.847,10.428687],[8.846769,10.428454],[8.846603,10.428289],[8.846599,10.428874],[8.846442,10.431166],[8.846215,10.432108],[8.846548,10.43223],[8.846548,10.432236],[8.846558,10.432568],[8.847094,10.432826],[8.847165,10.433028],[8.847014,10.433054],[8.846682,10.433074],[8.846619,10.433091],[8.84657,10.43311],[8.846362,10.433221],[8.84629,10.433262],[8.84605,10.433342],[8.845866,10.433372],[8.845763,10.433408],[8.845734,10.433394],[8.845528,10.433245],[8.844999,10.432575],[8.844998,10.4325],[8.842499,10.4325],[8.842498,10.439166],[8.840833,10.439167],[8.840832,10.440833],[8.838333,10.440834],[8.838332,10.442499],[8.836666,10.4425],[8.836665,10.444999],[8.829999,10.445],[8.829999,10.447499],[8.830832,10.4475],[8.830833,10.450833],[8.832904,10.450834],[8.831815,10.451636],[8.831799,10.451653],[8.832541,10.451989],[8.833717,10.452363],[8.833122,10.45252],[8.832961,10.453157],[8.832907,10.453276],[8.832871,10.453419],[8.832368,10.453508],[8.831835,10.453894],[8.831612,10.454199],[8.831615,10.454222],[8.831601,10.454654],[8.831591,10.454683],[8.831544,10.454719],[8.831052,10.455168],[8.830812,10.455376],[8.830227,10.455569],[8.829926,10.45569],[8.829807,10.455795],[8.82971,10.455909],[8.829531,10.456182],[8.829356,10.456265],[8.82855,10.456499],[8.82832,10.456634],[8.828284,10.456674],[8.828155,10.456881],[8.827875,10.457418],[8.827575,10.45774],[8.82746,10.457812],[8.827434,10.458238],[8.827669,10.458424],[8.827439,10.459177],[8.826806,10.45874],[8.82658,10.458966],[8.826238,10.458962],[8.826232,10.459515],[8.826138,10.459694],[8.826129,10.459719],[8.82601,10.460288],[8.826013,10.460376],[8.826055,10.460876],[8.825642,10.461709],[8.824999,10.462344],[8.824998,10.461667],[8.823333,10.461666],[8.823332,10.460834],[8.821666,10.460834],[8.821665,10.461666],[8.817499,10.461666],[8.817499,10.460834],[8.819998,10.460833],[8.819999,10.459167],[8.820832,10.459166],[8.820832,10.456667],[8.819999,10.456666],[8.819998,10.455834],[8.819166,10.455833],[8.819165,10.455],[8.817499,10.454999],[8.817498,10.453334],[8.813333,10.453333],[8.813332,10.4525],[8.811727,10.452499],[8.811727,10.451056],[8.812071,10.451065],[8.812662,10.450493],[8.812711,10.450259],[8.812699,10.450206],[8.812623,10.450163],[8.812142,10.450086],[8.811431,10.449737],[8.811138,10.449576],[8.811104,10.449545],[8.810396,10.448817],[8.808385,10.447609],[8.808422,10.4475],[8.809165,10.447499],[8.809165,10.445],[8.804999,10.444999],[8.804998,10.439167],[8.800833,10.439166],[8.800832,10.4375],[8.799166,10.437499],[8.799165,10.436667],[8.796666,10.436666],[8.796665,10.424167],[8.788333,10.424166]]]},"properties":{"Name":"Wurno Health Post","Site Location":[8.82806646903,10.406182598],"Admin 0":["Nigeria"],"Admin 1":["Bauchi"],"Admin 2":["Toro"],"Admin 3":["Rahama #1"],"Total population - WorldPop (2026)":6092,"Total population - WorldPop UN (2026)":6446,"Total population - Kontur (2023-10-31)":8418,"Total population - Meta (2023-04-21)":8456,"Total women - Meta (2023-04-21)":4228,"Total men - Meta (2023-04-21)":4228,"Children under 5 - Meta (2023-04-21)":1208,"People 15 to 24 - Meta (2023-04-21)":1208,"Women 15 to 49 - Meta (2023-04-21)":2416,"People 60 and older - Meta (2023-04-21)":0,"OpenStreetMap Buildings (2026-02-20)":2611,"Google Buildings 60+% Confidence (2023-05)":4125,"Google Buildings 70+% Confidence (2023-05)":3623,"Google Buildings 80+% Confidence (2023-05)":1999,"Average Building Footprint (m²) (2023-05)":"42.05","Overture Buildings (2026-02-20)":3556,"country":"Nigeria","state":"Bauchi","facility_level_text":"Health Post","ownership_code":"public","ownership_text":"Local Government","nhfr_uid":"36694100","status":"active","facility_level_code":"primary","lga":"Toro","lga_location_id":"nga-ba-5018","organization_id":"org-2e08b7b4-099d-4424-863a-15d9b759f4b3","location_id":"2e08b7b4-099d-4424-863a-15d9b759f4b3","grid3_globalid":"2e08b7b4-099d-4424-863a-15d9b759f4b3","nhfr_code":"05/18/1/1/1/0092"},"id":152},{"type":"Feature","geometry":{"type":"Polygon","coordinates":[[[9.325833,10.103333],[9.325833,10.092458],[9.328009,10.092903],[9.333991,10.09033],[9.342197,10.089042],[9.346048,10.086445],[9.348116,10.083638],[9.351663,10.081652],[9.367702,10.078834],[9.369605,10.076705],[9.372458,10.076734],[9.37435,10.077596],[9.377391,10.080094],[9.377719,10.080737],[9.377376,10.081222],[9.376749,10.081393],[9.376421,10.081793],[9.375949,10.082536],[9.375507,10.083663],[9.375049,10.084249],[9.374051,10.084677],[9.373294,10.08502],[9.37293,10.085532],[9.372788,10.087218],[9.373357,10.090095],[9.372787,10.092833],[9.370933,10.093114],[9.368722,10.093045],[9.367225,10.094519],[9.365832,10.096614],[9.365515,10.099644],[9.366869,10.100134],[9.368152,10.099222],[9.369365,10.09852],[9.370831,10.099003],[9.373714,10.097959],[9.374221,10.099703],[9.37407,10.101048],[9.372502,10.104416],[9.371148,10.105961],[9.371789,10.107576],[9.372644,10.110242],[9.372929,10.111787],[9.371647,10.114524],[9.37129,10.116139],[9.371665,10.116394],[9.371665,10.118333],[9.3675,10.118334],[9.367498,10.118568],[9.365651,10.116837],[9.364021,10.116371],[9.363254,10.1155],[9.361961,10.117872],[9.361687,10.119587],[9.36167,10.119999],[9.359166,10.119999],[9.359165,10.119017],[9.358001,10.11868],[9.357578,10.118711],[9.357534,10.119069],[9.356811,10.118895],[9.356633,10.118636],[9.354999,10.117532],[9.354998,10.119999],[9.349166,10.12],[9.349165,10.122499],[9.346666,10.1225],[9.346665,10.124166],[9.338333,10.124166],[9.338333,10.12],[9.339998,10.119999],[9.339998,10.116667],[9.336666,10.116666],[9.336665,10.115834],[9.330833,10.115833],[9.330832,10.115],[9.329999,10.114999],[9.329998,10.103334],[9.325833,10.103333]]]},"properties":{"Name":"Yakanaji Health Post","Site Location":[9.348585,10.10546],"Admin 0":["Nigeria"],"Admin 1":["Bauchi"],"Admin 2":["Toro"],"Admin 3":["Tulai"],"Total population - WorldPop (2026)":2534,"Total population - WorldPop UN (2026)":1963,"Total population - Kontur (2023-10-31)":1971,"Total population - Meta (2023-04-21)":1744,"Total women - Meta (2023-04-21)":872,"Total men - Meta (2023-04-21)":872,"Children under 5 - Meta (2023-04-21)":249,"People 15 to 24 - Meta (2023-04-21)":249,"Women 15 to 49 - Meta (2023-04-21)":498,"People 60 and older - Meta (2023-04-21)":0,"OpenStreetMap Buildings (2026-02-20)":938,"Google Buildings 60+% Confidence (2023-05)":888,"Google Buildings 70+% Confidence (2023-05)":633,"Google Buildings 80+% Confidence (2023-05)":196,"Average Building Footprint (m²) (2023-05)":"31.59","Overture Buildings (2026-02-20)":1081,"state":"Bauchi","facility_level_text":"Health Post","nhfr_uid":"47606375","organization_id":"org-e81f4fba-ad8f-459c-a800-c2b9b4dec120","status":"active","country":"Nigeria","lga":"Toro","facility_level_code":"primary","grid3_globalid":"e81f4fba-ad8f-459c-a800-c2b9b4dec120","location_id":"e81f4fba-ad8f-459c-a800-c2b9b4dec120","ownership_code":"public","ownership_text":"Local Government","nhfr_code":"05/18/1/1/1/0093","lga_location_id":"nga-ba-5018"},"id":153},{"type":"Feature","geometry":{"type":"Polygon","coordinates":[[[8.975833,10.019999],[8.975833,10.015834],[8.979998,10.015833],[8.979999,10.011667],[8.984165,10.011667],[8.984166,10.019999],[8.987498,10.02],[8.987499,10.023333],[8.988332,10.023334],[8.988333,10.025186],[8.989664,10.025197],[8.990811,10.025468],[8.991873,10.024633],[8.992193,10.024167],[8.992498,10.024167],[8.992499,10.026666],[8.993332,10.026667],[8.993333,10.027499],[8.995832,10.027499],[8.995833,10.026667],[8.996665,10.026667],[8.996666,10.028333],[8.998332,10.028334],[8.998333,10.026667],[8.999165,10.026666],[8.999166,10.025834],[8.999998,10.025833],[8.999999,10.025],[9.001665,10.025],[9.001665,10.027499],[9.000833,10.0275],[9.000833,10.028333],[9.004503,10.028334],[9.004834,10.029147],[9.003978,10.029803],[9.003551,10.030973],[9.003883,10.031768],[9.004597,10.031395],[9.005453,10.031535],[9.006213,10.031723],[9.00693,10.032499],[9.004999,10.0325],[9.004998,10.036666],[8.999117,10.036667],[8.998623,10.036978],[8.997818,10.037106],[8.99769,10.037167],[8.997647,10.037173],[8.997582,10.037215],[8.997234,10.037262],[8.996962,10.03718],[8.996665,10.037436],[8.996167,10.03784],[8.993758,10.039979],[8.993742,10.039995],[8.993424,10.03985],[8.992417,10.039566],[8.992208,10.040131],[8.992319,10.040754],[8.992459,10.04105],[8.9924,10.041058],[8.992052,10.041166],[8.992018,10.041179],[8.991987,10.04115],[8.991566,10.040409],[8.991504,10.040355],[8.9912,10.040481],[8.991506,10.041094],[8.991494,10.041089],[8.990974,10.040934],[8.990753,10.041234],[8.990624,10.04119],[8.990335,10.041013],[8.990073,10.040912],[8.990157,10.040543],[8.990109,10.040539],[8.989654,10.040491],[8.989662,10.040453],[8.989611,10.040427],[8.988885,10.040333],[8.988785,10.040306],[8.988767,10.040311],[8.988741,10.040306],[8.988343,10.039957],[8.987701,10.03916],[8.987706,10.039117],[8.987923,10.03828],[8.987962,10.038297],[8.988135,10.03795],[8.988177,10.037737],[8.988332,10.037757],[8.988332,10.034223],[8.988081,10.033976],[8.987476,10.033512],[8.986784,10.0325],[8.981899,10.032499],[8.980953,10.032166],[8.980945,10.032178],[8.98026,10.031956],[8.980151,10.031914],[8.979965,10.031527],[8.979617,10.031203],[8.979616,10.030929],[8.979364,10.030273],[8.97936,10.03],[8.979606,10.02934],[8.979666,10.029143],[8.979666,10.027364],[8.979998,10.026747],[8.979998,10.024644],[8.978887,10.024167],[8.975833,10.024166],[8.975833,10.021667],[8.976665,10.021667],[8.976666,10.022499],[8.979998,10.022499],[8.979998,10.02],[8.975833,10.019999]]]},"properties":{"Name":"Yerima Nursing Home","Site Location":[8.991516113,10.0388794],"Admin 0":["Nigeria"],"Admin 1":["Bauchi"],"Admin 2":["Toro"],"Admin 3":["Tilde"],"Total population - WorldPop (2026)":4270,"Total population - WorldPop UN (2026)":4099,"Total population - Kontur (2023-10-31)":4920,"Total population - Meta (2023-04-21)":4267,"Total women - Meta (2023-04-21)":2133,"Total men - Meta (2023-04-21)":2133,"Children under 5 - Meta (2023-04-21)":610,"People 15 to 24 - Meta (2023-04-21)":610,"Women 15 to 49 - Meta (2023-04-21)":1219,"People 60 and older - Meta (2023-04-21)":0,"OpenStreetMap Buildings (2026-02-20)":1523,"Google Buildings 60+% Confidence (2023-05)":1414,"Google Buildings 70+% Confidence (2023-05)":1241,"Google Buildings 80+% Confidence (2023-05)":785,"Average Building Footprint (m²) (2023-05)":"71.43","Overture Buildings (2026-02-20)":1626,"country":"Nigeria","nhfr_uid":"24159250","nhfr_code":"05/18/1/1/2/0019","state":"Bauchi","ownership_text":"For Profit","organization_id":"org-ad0fe16f-7bae-420e-aa98-71c12f900d9c","facility_level_text":"Primary Health Clinic","status":"active","location_id":"ad0fe16f-7bae-420e-aa98-71c12f900d9c","grid3_globalid":"ad0fe16f-7bae-420e-aa98-71c12f900d9c","facility_level_code":"primary","ownership_code":"private","lga":"Toro","lga_location_id":"nga-ba-5018"},"id":154},{"type":"Feature","geometry":{"type":"Polygon","coordinates":[[[9.322973,10.602135],[9.325693,10.595111],[9.324008,10.545],[9.325832,10.544999],[9.325833,10.540834],[9.329998,10.540833],[9.329999,10.536667],[9.334165,10.536666],[9.334166,10.5325],[9.338332,10.532499],[9.338333,10.528334],[9.350832,10.528333],[9.350833,10.524167],[9.354998,10.524167],[9.354999,10.528333],[9.359165,10.528333],[9.359166,10.524167],[9.371665,10.524166],[9.371666,10.52],[9.375832,10.519999],[9.375833,10.511667],[9.379998,10.511666],[9.379999,10.5075],[9.388332,10.507499],[9.388333,10.503334],[9.396665,10.503333],[9.396666,10.499167],[9.409165,10.499166],[9.409166,10.495],[9.413332,10.494999],[9.413333,10.490834],[9.417498,10.490833],[9.417499,10.486667],[9.421665,10.486666],[9.421666,10.4825],[9.429998,10.482499],[9.429999,10.478334],[9.434998,10.478333],[9.434999,10.476667],[9.435193,10.476667],[9.435194,10.476665],[9.434319,10.47473],[9.434218,10.474167],[9.446665,10.474167],[9.446666,10.473334],[9.449165,10.473334],[9.449166,10.474166],[9.450832,10.474166],[9.450833,10.47],[9.452498,10.469999],[9.452499,10.468334],[9.453332,10.468334],[9.453333,10.469999],[9.454998,10.469999],[9.454998,10.4675],[9.453333,10.467499],[9.453332,10.465834],[9.452499,10.465833],[9.452499,10.464167],[9.453332,10.464166],[9.453333,10.463334],[9.454998,10.463334],[9.454999,10.464166],[9.45707,10.464167],[9.457729,10.464574],[9.458234,10.464765],[9.458422,10.464822],[9.458269,10.469527],[9.458212,10.470004],[9.457901,10.471152],[9.45775,10.472043],[9.459721,10.471781],[9.460145,10.47157],[9.461207,10.470624],[9.461878,10.469444],[9.462163,10.469528],[9.46322,10.470287],[9.463707,10.470281],[9.464099,10.469919],[9.464518,10.469813],[9.465547,10.469962],[9.469465,10.471941],[9.470006,10.472428],[9.470015,10.472427],[9.470832,10.47307],[9.470833,10.47],[9.474165,10.469999],[9.474166,10.469103],[9.474806,10.468046],[9.475263,10.468916],[9.476056,10.469723],[9.476529,10.470809],[9.477831,10.469228],[9.477759,10.469167],[9.478332,10.469167],[9.478333,10.469999],[9.484165,10.47],[9.484166,10.474166],[9.484998,10.474166],[9.484999,10.473334],[9.486665,10.473333],[9.486666,10.4725],[9.487498,10.4725],[9.487499,10.474166],[9.489998,10.474167],[9.489999,10.475833],[9.492498,10.475834],[9.492499,10.477499],[9.495832,10.477499],[9.495833,10.475],[9.492499,10.474999],[9.492499,10.474167],[9.499998,10.474166],[9.499999,10.4725],[9.503332,10.472499],[9.503333,10.470834],[9.506665,10.470834],[9.506665,10.473333],[9.504999,10.473334],[9.504999,10.474166],[9.508332,10.474167],[9.508333,10.477499],[9.510832,10.4775],[9.510833,10.476667],[9.514165,10.476666],[9.514166,10.475834],[9.514999,10.475833],[9.514998,10.475],[9.514166,10.474999],[9.514166,10.474167],[9.524165,10.474166],[9.524165,10.473334],[9.523333,10.473333],[9.523333,10.470834],[9.524165,10.470833],[9.524166,10.47],[9.524998,10.47],[9.524999,10.470833],[9.526665,10.470834],[9.526665,10.472555],[9.513035,10.486252],[9.508164,10.489071],[9.505345,10.490784],[9.503667,10.49471],[9.504417,10.498209],[9.506487,10.499922],[9.509675,10.501812],[9.512791,10.505841],[9.51392,10.507872],[9.514015,10.509714],[9.511564,10.524496],[9.507618,10.536017],[9.490489,10.553334],[9.480903,10.563021],[9.463978,10.570519],[9.438332,10.581875],[9.400832,10.598475],[9.361603,10.615833],[9.330636,10.62953],[9.322973,10.602135]]]},"properties":{"Name":"Yuga Health Post","Site Location":[9.46046022691,10.518179619],"Admin 0":["Nigeria"],"Admin 1":["Bauchi"],"Admin 2":["Toro"],"Admin 3":["Zaranda"],"Total population - WorldPop (2026)":3918,"Total population - WorldPop UN (2026)":2418,"Total population - Kontur (2023-10-31)":1814,"Total population - Meta (2023-04-21)":1703,"Total women - Meta (2023-04-21)":851,"Total men - Meta (2023-04-21)":851,"Children under 5 - Meta (2023-04-21)":243,"People 15 to 24 - Meta (2023-04-21)":243,"Women 15 to 49 - Meta (2023-04-21)":486,"People 60 and older - Meta (2023-04-21)":0,"OpenStreetMap Buildings (2026-02-20)":251,"Google Buildings 60+% Confidence (2023-05)":2138,"Google Buildings 70+% Confidence (2023-05)":1591,"Google Buildings 80+% Confidence (2023-05)":413,"Average Building Footprint (m²) (2023-05)":"22.89","Overture Buildings (2026-02-20)":1843,"organization_id":"org-00bc2050-2ef5-40db-a8cd-c67c37426f08","nhfr_code":"","nhfr_uid":"","grid3_globalid":"00bc2050-2ef5-40db-a8cd-c67c37426f08","facility_level_code":"primary","location_id":"00bc2050-2ef5-40db-a8cd-c67c37426f08","status":"active","country":"Nigeria","ownership_code":"public","lga":"Toro","lga_location_id":"nga-ba-5018","facility_level_text":"Health Post","ownership_text":"Unknown","state":"Bauchi"},"id":155},{"type":"Feature","geometry":{"type":"Polygon","coordinates":[[[9.246666,10.308019],[9.246666,10.3075],[9.250832,10.307499],[9.250833,10.299167],[9.254998,10.299167],[9.254998,10.299999],[9.253333,10.3],[9.253333,10.301666],[9.254165,10.301667],[9.254166,10.302499],[9.254998,10.3025],[9.254999,10.303333],[9.275832,10.303334],[9.275833,10.307499],[9.279998,10.3075],[9.279999,10.308333],[9.280832,10.308334],[9.280833,10.309166],[9.283332,10.309167],[9.283332,10.310833],[9.282499,10.310834],[9.282499,10.311666],[9.284165,10.311666],[9.284166,10.309167],[9.284557,10.309166],[9.284831,10.308491],[9.285823,10.307709],[9.286156,10.308026],[9.288331,10.311319],[9.288333,10.311318],[9.288333,10.3075],[9.293332,10.3075],[9.293333,10.309999],[9.294998,10.31],[9.294999,10.309167],[9.296665,10.309166],[9.296666,10.3075],[9.299165,10.3075],[9.299166,10.311666],[9.304998,10.311667],[9.304999,10.315833],[9.314667,10.315834],[9.309919,10.317602],[9.309918,10.317603],[9.317499,10.321069],[9.322965,10.323566],[9.338367,10.333457],[9.346353,10.338929],[9.356762,10.346294],[9.340832,10.374763],[9.337646,10.380453],[9.336392,10.38011],[9.332849,10.379931],[9.322437,10.382501],[9.295212,10.389215],[9.287716,10.362386],[9.282484,10.343286],[9.27038,10.337902],[9.266923,10.330844],[9.266827,10.330333],[9.261386,10.321854],[9.260095,10.318704],[9.252157,10.312005],[9.246666,10.308019]]]},"properties":{"Name":"Yuga Primary Health Clinic","Site Location":[9.27691,10.31104],"Admin 0":["Nigeria"],"Admin 1":["Bauchi"],"Admin 2":["Toro"],"Admin 3":["Mara"],"Total population - WorldPop (2026)":1827,"Total population - WorldPop UN (2026)":1260,"Total population - Kontur (2023-10-31)":352,"Total population - Meta (2023-04-21)":308,"Total women - Meta (2023-04-21)":154,"Total men - Meta (2023-04-21)":154,"Children under 5 - Meta (2023-04-21)":44,"People 15 to 24 - Meta (2023-04-21)":44,"Women 15 to 49 - Meta (2023-04-21)":88,"People 60 and older - Meta (2023-04-21)":0,"OpenStreetMap Buildings (2026-02-20)":438,"Google Buildings 60+% Confidence (2023-05)":1491,"Google Buildings 70+% Confidence (2023-05)":1162,"Google Buildings 80+% Confidence (2023-05)":175,"Average Building Footprint (m²) (2023-05)":"19.39","Overture Buildings (2026-02-20)":1429,"lga_location_id":"nga-ba-5018","country":"Nigeria","ownership_text":"Local Government","organization_id":"org-226d52ae-fed8-4be4-ac91-031c5fbeadcc","facility_level_code":"primary","facility_level_text":"Primary Health Clinic","lga":"Toro","location_id":"226d52ae-fed8-4be4-ac91-031c5fbeadcc","ownership_code":"public","nhfr_uid":"39428725","status":"active","state":"Bauchi","nhfr_code":"05/18/1/1/1/0095","grid3_globalid":"226d52ae-fed8-4be4-ac91-031c5fbeadcc"},"id":156},{"type":"Feature","geometry":{"type":"Polygon","coordinates":[[[9.069942,10.057122],[9.070218,10.057017],[9.071589,10.056283],[9.071843,10.056261],[9.073719,10.056391],[9.074343,10.055273],[9.074403,10.055251],[9.077194,10.056082],[9.077788,10.056471],[9.080049,10.058824],[9.080938,10.059349],[9.08196,10.059388],[9.085692,10.058299],[9.085095,10.060148],[9.083079,10.060558],[9.0796,10.061386],[9.07545,10.062538],[9.073625,10.063014],[9.071729,10.063534],[9.070605,10.063814],[9.07014,10.058948],[9.06998,10.057654],[9.069965,10.057287],[9.069994,10.057252],[9.069942,10.057122]]]},"properties":{"Name":"Zabolo Primary Health Center","Site Location":[9.08432365477,10.0601320261],"Admin 0":["Nigeria"],"Admin 1":["Bauchi"],"Admin 2":["Toro"],"Admin 3":["Toro"],"Total population - WorldPop (2026)":1775,"Total population - WorldPop UN (2026)":1673,"Total population - Kontur (2023-10-31)":2655,"Total population - Meta (2023-04-21)":1837,"Total women - Meta (2023-04-21)":918,"Total men - Meta (2023-04-21)":918,"Children under 5 - Meta (2023-04-21)":262,"People 15 to 24 - Meta (2023-04-21)":262,"Women 15 to 49 - Meta (2023-04-21)":525,"People 60 and older - Meta (2023-04-21)":0,"OpenStreetMap Buildings (2026-02-20)":235,"Google Buildings 60+% Confidence (2023-05)":321,"Google Buildings 70+% Confidence (2023-05)":295,"Google Buildings 80+% Confidence (2023-05)":190,"Average Building Footprint (m²) (2023-05)":"104.51","Overture Buildings (2026-02-20)":334,"state":"Bauchi","facility_level_text":"Primary Health Center","ownership_code":"public","location_id":"cd22a06e-4e90-4615-91e8-b119e74436d6","nhfr_code":"","organization_id":"org-cd22a06e-4e90-4615-91e8-b119e74436d6","ownership_text":"Unknown","status":"active","country":"Nigeria","grid3_globalid":"cd22a06e-4e90-4615-91e8-b119e74436d6","facility_level_code":"primary","lga_location_id":"nga-ba-5018","nhfr_uid":"","lga":"Toro"},"id":157},{"type":"Feature","geometry":{"type":"Polygon","coordinates":[[[9.321666,9.914166],[9.321666,9.911667],[9.325832,9.911666],[9.325833,9.903354],[9.331066,9.906222],[9.337744,9.903365],[9.349004,9.902076],[9.355009,9.906224],[9.369451,9.911302],[9.370946,9.91425],[9.374355,9.942425],[9.371759,9.944649],[9.371778,9.947944],[9.368747,9.961863],[9.361263,9.971764],[9.359245,9.978964],[9.358768,9.979971],[9.358484,9.981351],[9.358864,9.982008],[9.359196,9.982804],[9.358982,9.983389],[9.358674,9.983974],[9.358646,9.984166],[9.358333,9.984167],[9.358332,9.985833],[9.357499,9.985833],[9.357498,9.984167],[9.354166,9.984166],[9.354165,9.981667],[9.353641,9.981666],[9.353618,9.980896],[9.353227,9.980066],[9.35232,9.979041],[9.35172,9.978376],[9.35164,9.978302],[9.34944,9.977848],[9.349166,9.977886],[9.349166,9.975834],[9.349998,9.975833],[9.349999,9.975],[9.350832,9.974999],[9.350833,9.974167],[9.353332,9.974166],[9.353332,9.973334],[9.351666,9.973333],[9.351666,9.971667],[9.352498,9.971666],[9.352499,9.970834],[9.353332,9.970833],[9.353332,9.97],[9.350833,9.969999],[9.350832,9.965834],[9.346666,9.965833],[9.346665,9.961667],[9.342499,9.961666],[9.342498,9.959167],[9.341666,9.959166],[9.341666,9.956667],[9.342498,9.956666],[9.342498,9.953334],[9.339999,9.953333],[9.339998,9.95],[9.338333,9.949999],[9.338332,9.9475],[9.334999,9.947499],[9.334998,9.946667],[9.334166,9.946666],[9.334165,9.945],[9.333333,9.944999],[9.333332,9.941667],[9.331666,9.941666],[9.331666,9.940834],[9.334165,9.940833],[9.334166,9.936667],[9.334998,9.936666],[9.334999,9.935834],[9.335832,9.935833],[9.335832,9.934417],[9.335728,9.934453],[9.335503,9.934506],[9.334506,9.934632],[9.333915,9.934723],[9.333373,9.93514],[9.333174,9.935235],[9.332268,9.935721],[9.33208,9.935853],[9.331689,9.936265],[9.331292,9.936497],[9.331173,9.936196],[9.330735,9.935552],[9.3306,9.935435],[9.330369,9.93507],[9.329999,9.934641],[9.329998,9.9325],[9.325833,9.932499],[9.325832,9.924167],[9.321666,9.924166],[9.321666,9.916667],[9.323332,9.916666],[9.323333,9.914168],[9.321666,9.914166]]]},"properties":{"Name":"Zakshi Primary Health Care Center","Site Location":[9.34628258,9.94121625],"Admin 0":["Nigeria"],"Admin 1":["Bauchi"],"Admin 2":["Toro"],"Admin 3":["Palama"],"Total population - WorldPop (2026)":2594,"Total population - WorldPop UN (2026)":2769,"Total population - Kontur (2023-10-31)":3624,"Total population - Meta (2023-04-21)":3736,"Total women - Meta (2023-04-21)":1818,"Total men - Meta (2023-04-21)":1917,"Children under 5 - Meta (2023-04-21)":575,"People 15 to 24 - Meta (2023-04-21)":575,"Women 15 to 49 - Meta (2023-04-21)":956,"People 60 and older - Meta (2023-04-21)":0,"OpenStreetMap Buildings (2026-02-20)":1199,"Google Buildings 60+% Confidence (2023-05)":1322,"Google Buildings 70+% Confidence (2023-05)":1084,"Google Buildings 80+% Confidence (2023-05)":457,"Average Building Footprint (m²) (2023-05)":"33.45","Overture Buildings (2026-02-20)":1385,"grid3_globalid":"f962411d-0f64-4de1-a074-217faeaef8ed","location_id":"f962411d-0f64-4de1-a074-217faeaef8ed","ownership_code":"public","country":"Nigeria","state":"Bauchi","facility_level_code":"primary","nhfr_code":"05/18/1/1/1/0096","lga":"Toro","lga_location_id":"nga-ba-5018","nhfr_uid":"37153488","facility_level_text":"Primary Health Center","status":"active","organization_id":"org-f962411d-0f64-4de1-a074-217faeaef8ed","ownership_text":"Local Government"},"id":158},{"type":"Feature","geometry":{"type":"Polygon","coordinates":[[[8.984166,10.373334],[8.986665,10.373334],[8.986666,10.374166],[8.988332,10.374166],[8.988333,10.37],[8.992498,10.369999],[8.992499,10.365834],[8.999998,10.365833],[8.999999,10.365],[9.000832,10.364999],[9.000833,10.361667],[9.004998,10.361667],[9.004999,10.364999],[9.005832,10.364999],[9.005833,10.363334],[9.007498,10.363334],[9.007499,10.364999],[9.009165,10.365],[9.009166,10.364167],[9.011665,10.364166],[9.011666,10.361667],[9.014998,10.361666],[9.014999,10.360834],[9.016665,10.360834],[9.016665,10.363333],[9.015833,10.363334],[9.015833,10.365833],[9.016665,10.365833],[9.016666,10.365],[9.017498,10.364999],[9.017499,10.364167],[9.020832,10.364167],[9.020833,10.365833],[9.025832,10.365834],[9.025834,10.366667],[9.027825,10.366666],[9.027817,10.365993],[9.028368,10.364778],[9.02853,10.363334],[9.029165,10.363334],[9.029166,10.365833],[9.029998,10.365833],[9.029999,10.365],[9.033332,10.365],[9.033333,10.365833],[9.034165,10.365833],[9.034166,10.361667],[9.036665,10.361667],[9.036666,10.362499],[9.038333,10.3625],[9.038332,10.363333],[9.036666,10.363334],[9.036666,10.366666],[9.038332,10.366667],[9.038333,10.367499],[9.039998,10.3675],[9.04,10.368334],[9.042498,10.368333],[9.042499,10.3675],[9.043332,10.367499],[9.043332,10.364167],[9.042499,10.364166],[9.042499,10.3625],[9.043332,10.3625],[9.043333,10.363333],[9.044998,10.363333],[9.044999,10.361667],[9.046665,10.361667],[9.046666,10.365833],[9.054998,10.365834],[9.055,10.37],[9.059165,10.369999],[9.059166,10.365834],[9.063332,10.365834],[9.063333,10.369999],[9.067498,10.37],[9.067499,10.374166],[9.070864,10.374167],[9.074302,10.379867],[9.07452,10.381372],[9.091002,10.394888],[9.099179,10.419999],[9.088333,10.42],[9.088333,10.421666],[9.089998,10.421667],[9.089998,10.424166],[9.075833,10.424166],[9.075832,10.42],[9.071666,10.419999],[9.071665,10.416667],[9.069166,10.416666],[9.069165,10.415834],[9.067499,10.415833],[9.067498,10.411667],[9.063333,10.411666],[9.063332,10.4075],[9.060833,10.407499],[9.060832,10.405834],[9.058333,10.405834],[9.058332,10.406666],[9.056666,10.406667],[9.056665,10.407499],[9.054166,10.4075],[9.054165,10.408333],[9.051666,10.408334],[9.051665,10.409166],[9.049999,10.409167],[9.049998,10.410833],[9.047499,10.410833],[9.047498,10.408334],[9.046666,10.408334],[9.046665,10.411666],[9.041666,10.411667],[9.041665,10.413333],[9.039999,10.413333],[9.039998,10.4125],[9.039166,10.412499],[9.039165,10.411667],[9.034166,10.411667],[9.034165,10.415833],[9.029999,10.415833],[9.029998,10.411667],[9.028333,10.411666],[9.028332,10.410834],[9.026666,10.410834],[9.026665,10.411666],[9.025833,10.411666],[9.025832,10.4075],[9.021666,10.407499],[9.021665,10.4025],[9.019166,10.4025],[9.019165,10.403333],[9.017499,10.403333],[9.017498,10.39647],[9.01513,10.397614],[9.015247,10.396613],[9.014733,10.395236],[9.013907,10.393969],[9.013503,10.393621],[9.012405,10.393815],[9.012194,10.393763],[9.011481,10.395144],[9.011309,10.39559],[9.010778,10.395895],[9.010114,10.396311],[9.009781,10.396073],[9.009166,10.395725],[9.009165,10.395],[9.002499,10.394999],[9.002498,10.3925],[9.000833,10.392499],[9.000832,10.386667],[8.996666,10.386666],[8.996665,10.383334],[8.994166,10.383333],[8.994165,10.3825],[8.992499,10.382499],[8.992498,10.38],[8.991666,10.379999],[8.991665,10.378334],[8.988333,10.378334],[8.988332,10.379166],[8.986666,10.379167],[8.986665,10.378334],[8.984166,10.378333],[8.984166,10.373334]]]},"properties":{"Name":"Zalau Primary Health Care Center","Site Location":[9.01510999954,10.3935470001],"Admin 0":["Nigeria"],"Admin 1":["Bauchi"],"Admin 2":["Toro"],"Admin 3":["Zalau"],"Total population - WorldPop (2026)":6017,"Total population - WorldPop UN (2026)":5024,"Total population - Kontur (2023-10-31)":7119,"Total population - Meta (2023-04-21)":7021,"Total women - Meta (2023-04-21)":3510,"Total men - Meta (2023-04-21)":3510,"Children under 5 - Meta (2023-04-21)":1003,"People 15 to 24 - Meta (2023-04-21)":1003,"Women 15 to 49 - Meta (2023-04-21)":2006,"People 60 and older - Meta (2023-04-21)":0,"OpenStreetMap Buildings (2026-02-20)":1087,"Google Buildings 60+% Confidence (2023-05)":3435,"Google Buildings 70+% Confidence (2023-05)":2945,"Google Buildings 80+% Confidence (2023-05)":1412,"Average Building Footprint (m²) (2023-05)":"40.92","Overture Buildings (2026-02-20)":2838,"lga":"Toro","lga_location_id":"nga-ba-5018","nhfr_uid":"40603506","nhfr_code":"05/18/1/1/1/0097","status":"active","organization_id":"org-8a35c2ba-4526-4758-a9e9-722361a57a5b","ownership_code":"public","facility_level_code":"primary","ownership_text":"Local Government","country":"Nigeria","facility_level_text":"Primary Health Center","grid3_globalid":"8a35c2ba-4526-4758-a9e9-722361a57a5b","state":"Bauchi","location_id":"8a35c2ba-4526-4758-a9e9-722361a57a5b"},"id":159},{"type":"Feature","geometry":{"type":"Polygon","coordinates":[[[9.484166,10.240833],[9.484166,10.236667],[9.488333,10.236666],[9.488332,10.228334],[9.484999,10.228333],[9.484999,10.226667],[9.485832,10.226667],[9.485833,10.227499],[9.488332,10.227499],[9.488333,10.226667],[9.489165,10.226666],[9.489166,10.225364],[9.490241,10.225666],[9.492618,10.226274],[9.494852,10.226929],[9.496752,10.227396],[9.498917,10.211879],[9.49969,10.212546],[9.500473,10.212708],[9.50096,10.212593],[9.502744,10.213587],[9.504051,10.214125],[9.508383,10.21617],[9.509165,10.216197],[9.509166,10.219166],[9.509998,10.219167],[9.509999,10.221666],[9.511625,10.221667],[9.512173,10.223322],[9.51208,10.223871],[9.51207,10.224006],[9.512031,10.224073],[9.511728,10.22426],[9.511156,10.224235],[9.511107,10.224244],[9.510394,10.224171],[9.509632,10.224393],[9.508785,10.224413],[9.508852,10.224624],[9.508852,10.225958],[9.509003,10.226189],[9.50896,10.227131],[9.509153,10.228553],[9.50904,10.230203],[9.509907,10.230999],[9.510905,10.231802],[9.511691,10.232155],[9.512381,10.232369],[9.51287,10.232526],[9.514083,10.232804],[9.514013,10.233129],[9.514089,10.233599],[9.514218,10.233921],[9.515398,10.23388],[9.515375,10.23449],[9.515575,10.234549],[9.515377,10.234874],[9.515495,10.234856],[9.515764,10.234947],[9.515688,10.235229],[9.515458,10.235825],[9.516461,10.235721],[9.516493,10.235674],[9.516471,10.236709],[9.516479,10.236764],[9.51636,10.236994],[9.516435,10.238313],[9.517306,10.239999],[9.517499,10.24],[9.517499,10.248333],[9.516666,10.248334],[9.516666,10.249999],[9.517498,10.25],[9.517499,10.253333],[9.521665,10.253334],[9.521665,10.265833],[9.519166,10.265834],[9.519165,10.268333],[9.517499,10.268334],[9.517498,10.274166],[9.513333,10.274166],[9.513332,10.27],[9.510834,10.27],[9.510832,10.272499],[9.509999,10.2725],[9.509998,10.273333],[9.509166,10.273334],[9.509165,10.274166],[9.500833,10.274166],[9.500832,10.265834],[9.499999,10.265834],[9.499998,10.267499],[9.497499,10.267499],[9.497498,10.265],[9.496666,10.264999],[9.496665,10.264167],[9.494999,10.264166],[9.494998,10.261667],[9.492499,10.261667],[9.492498,10.264166],[9.490833,10.264166],[9.490832,10.263334],[9.489999,10.263333],[9.489998,10.261667],[9.488333,10.261666],[9.488332,10.249167],[9.484166,10.249166],[9.484166,10.245],[9.488332,10.244999],[9.488332,10.240834],[9.484166,10.240833]]]},"properties":{"Name":"Zaranda Health Post","Site Location":[9.51194283,10.23254905],"Admin 0":["Nigeria"],"Admin 1":["Bauchi"],"Admin 2":["Toro"],"Admin 3":["Zaranda"],"Total population - WorldPop (2026)":2661,"Total population - WorldPop UN (2026)":1934,"Total population - Kontur (2023-10-31)":3213,"Total population - Meta (2023-04-21)":2958,"Total women - Meta (2023-04-21)":1479,"Total men - Meta (2023-04-21)":1479,"Children under 5 - Meta (2023-04-21)":423,"People 15 to 24 - Meta (2023-04-21)":423,"Women 15 to 49 - Meta (2023-04-21)":845,"People 60 and older - Meta (2023-04-21)":0,"OpenStreetMap Buildings (2026-02-20)":926,"Google Buildings 60+% Confidence (2023-05)":1060,"Google Buildings 70+% Confidence (2023-05)":870,"Google Buildings 80+% Confidence (2023-05)":416,"Average Building Footprint (m²) (2023-05)":"40.92","Overture Buildings (2026-02-20)":1165,"nhfr_uid":"","lga":"Toro","lga_location_id":"nga-ba-5018","location_id":"2d86b397-00a4-47f4-a444-e651c83207f0","status":"active","nhfr_code":"","ownership_text":"Unknown","facility_level_text":"Health Post","country":"Nigeria","grid3_globalid":"2d86b397-00a4-47f4-a444-e651c83207f0","state":"Bauchi","ownership_code":"public","organization_id":"org-2d86b397-00a4-47f4-a444-e651c83207f0","facility_level_code":"primary"},"id":160},{"type":"Feature","geometry":{"type":"Polygon","coordinates":[[[9.508785,10.224413],[9.509632,10.224393],[9.510394,10.224171],[9.511107,10.224244],[9.511156,10.224235],[9.511729,10.22426],[9.512031,10.224074],[9.51207,10.224006],[9.51208,10.223871],[9.512173,10.223322],[9.511625,10.221667],[9.509999,10.221666],[9.509998,10.219167],[9.509166,10.219166],[9.509166,10.216197],[9.511749,10.216284],[9.516407,10.216143],[9.52059,10.216004],[9.525058,10.21591],[9.527151,10.215769],[9.529194,10.21563],[9.531903,10.215396],[9.532379,10.216004],[9.53238,10.21694],[9.532521,10.217874],[9.532998,10.21867],[9.533758,10.219606],[9.534661,10.220495],[9.535429,10.221476],[9.537864,10.223873],[9.538103,10.225042],[9.538332,10.225408],[9.538332,10.225833],[9.535311,10.225834],[9.535437,10.226153],[9.535612,10.227618],[9.535761,10.227905],[9.535761,10.227961],[9.535854,10.228588],[9.535949,10.229166],[9.534166,10.229167],[9.534165,10.232499],[9.529999,10.2325],[9.529998,10.240833],[9.525833,10.240834],[9.525832,10.251666],[9.524999,10.251667],[9.524998,10.252499],[9.524166,10.2525],[9.524165,10.253333],[9.517499,10.253333],[9.517498,10.25],[9.516666,10.249999],[9.516666,10.248334],[9.517499,10.248333],[9.517499,10.240001],[9.517306,10.239999],[9.516435,10.238313],[9.51636,10.236994],[9.516479,10.236764],[9.516471,10.236709],[9.516493,10.235676],[9.516492,10.235676],[9.516461,10.235721],[9.515458,10.235825],[9.515688,10.235229],[9.515764,10.234947],[9.515495,10.234856],[9.515376,10.234874],[9.515575,10.234549],[9.515375,10.23449],[9.515398,10.23388],[9.514219,10.233921],[9.514089,10.233599],[9.514013,10.233129],[9.514083,10.232803],[9.51287,10.232526],[9.51238,10.232368],[9.511691,10.232155],[9.510905,10.231802],[9.509907,10.230999],[9.50904,10.230203],[9.509153,10.228553],[9.50896,10.227131],[9.509003,10.226189],[9.508852,10.225958],[9.508852,10.224624],[9.508785,10.224413]]]},"properties":{"Name":"Zaranda Primary Health Clinic","Site Location":[9.513000175,10.23195228],"Admin 0":["Nigeria"],"Admin 1":["Bauchi"],"Admin 2":["Toro"],"Admin 3":["Zaranda"],"Total population - WorldPop (2026)":2360,"Total population - WorldPop UN (2026)":1831,"Total population - Kontur (2023-10-31)":2843,"Total population - Meta (2023-04-21)":2765,"Total women - Meta (2023-04-21)":1383,"Total men - Meta (2023-04-21)":1383,"Children under 5 - Meta (2023-04-21)":395,"People 15 to 24 - Meta (2023-04-21)":395,"Women 15 to 49 - Meta (2023-04-21)":790,"People 60 and older - Meta (2023-04-21)":0,"OpenStreetMap Buildings (2026-02-20)":1341,"Google Buildings 60+% Confidence (2023-05)":1586,"Google Buildings 70+% Confidence (2023-05)":1344,"Google Buildings 80+% Confidence (2023-05)":634,"Average Building Footprint (m²) (2023-05)":"45.24","Overture Buildings (2026-02-20)":1519,"facility_level_code":"primary","facility_level_text":"Primary Health Center","lga_location_id":"nga-ba-5018","status":"active","ownership_text":"Local Government","nhfr_uid":"84824076","ownership_code":"public","country":"Nigeria","grid3_globalid":"df6925ad-0f02-49bd-9219-c60bced943be","nhfr_code":"05/18/1/1/1/0099","lga":"Toro","organization_id":"org-df6925ad-0f02-49bd-9219-c60bced943be","location_id":"df6925ad-0f02-49bd-9219-c60bced943be","state":"Bauchi"},"id":161},{"type":"Feature","geometry":{"type":"Polygon","coordinates":[[[9.259166,9.934166],[9.259166,9.924167],[9.263332,9.924166],[9.263332,9.919167],[9.261666,9.919166],[9.261666,9.917903],[9.262805,9.918357],[9.264553,9.918452],[9.264613,9.91775],[9.265498,9.917723],[9.266441,9.917497],[9.26656,9.917432],[9.266753,9.917395],[9.266999,9.917375],[9.26796,9.917835],[9.268775,9.91839],[9.269531,9.919341],[9.268333,9.920925],[9.268333,9.921666],[9.270832,9.921667],[9.270833,9.923333],[9.271665,9.923334],[9.271666,9.924166],[9.275832,9.924166],[9.275832,9.923624],[9.275685,9.923673],[9.275756,9.923334],[9.275832,9.923334],[9.275833,9.923621],[9.275834,9.923622],[9.276656,9.923257],[9.277477,9.923558],[9.27806,9.923895],[9.278346,9.924144],[9.278436,9.924167],[9.279998,9.924167],[9.279999,9.923334],[9.282498,9.923334],[9.282499,9.924166],[9.283332,9.924167],[9.283333,9.924999],[9.285832,9.925],[9.285833,9.927499],[9.287498,9.9275],[9.287499,9.928333],[9.288332,9.928333],[9.288333,9.926181],[9.288604,9.926938],[9.289101,9.927471],[9.289936,9.927955],[9.290091,9.928489],[9.290154,9.928857],[9.289932,9.931639],[9.289873,9.932042],[9.290184,9.93197],[9.290425,9.93197],[9.290748,9.932075],[9.29175,9.932534],[9.292464,9.933153],[9.292239,9.934315],[9.291912,9.934617],[9.291858,9.935115],[9.29283,9.936554],[9.293356,9.938618],[9.29392,9.93944],[9.294332,9.940114],[9.295039,9.940824],[9.295204,9.940954],[9.29538,9.941167],[9.295587,9.941273],[9.296423,9.941595],[9.296539,9.941645],[9.297378,9.942142],[9.298124,9.942218],[9.300734,9.942995],[9.301001,9.943459],[9.302043,9.94427],[9.302487,9.944612],[9.302722,9.944709],[9.303242,9.944999],[9.300833,9.945],[9.300833,9.947499],[9.301665,9.9475],[9.301666,9.949166],[9.302498,9.949166],[9.302499,9.948334],[9.304165,9.948333],[9.304166,9.9475],[9.304716,9.9475],[9.304717,9.947587],[9.304754,9.947726],[9.304939,9.948078],[9.305024,9.948508],[9.305067,9.948858],[9.304968,9.949645],[9.305092,9.950714],[9.304362,9.952208],[9.304292,9.952691],[9.304037,9.952914],[9.304014,9.952929],[9.30397,9.952968],[9.30321,9.953844],[9.303022,9.954224],[9.303019,9.954224],[9.302943,9.954335],[9.302641,9.954762],[9.302429,9.955056],[9.301783,9.955833],[9.300833,9.955834],[9.300833,9.957499],[9.301665,9.9575],[9.301665,9.961587],[9.300976,9.961514],[9.300746,9.961513],[9.300502,9.961443],[9.299734,9.961256],[9.29935,9.961138],[9.299294,9.961108],[9.298327,9.960703],[9.298103,9.961194],[9.29799,9.962134],[9.298038,9.963465],[9.298188,9.96381],[9.298146,9.964929],[9.298091,9.965394],[9.297781,9.965357],[9.297395,9.964809],[9.297169,9.964819],[9.296916,9.965178],[9.29609,9.965627],[9.295833,9.965619],[9.295832,9.965833],[9.294999,9.965834],[9.294998,9.966666],[9.292499,9.966667],[9.292498,9.967499],[9.290833,9.9675],[9.290832,9.968333],[9.288333,9.968333],[9.288332,9.9675],[9.285833,9.9675],[9.285832,9.968333],[9.284166,9.968334],[9.284165,9.969999],[9.282373,9.97],[9.282304,9.970225],[9.281887,9.971297],[9.281191,9.972342],[9.279999,9.973203],[9.279998,9.97],[9.275833,9.969999],[9.275832,9.965834],[9.274999,9.965833],[9.274998,9.963334],[9.271666,9.963333],[9.271665,9.956667],[9.268333,9.956666],[9.268333,9.9525],[9.269998,9.952499],[9.269998,9.950356],[9.268234,9.951138],[9.267499,9.951343],[9.267498,9.951666],[9.266991,9.951667],[9.266394,9.952133],[9.265833,9.95326],[9.265832,9.953333],[9.263333,9.953333],[9.263333,9.949167],[9.264165,9.949166],[9.264166,9.946667],[9.263333,9.946666],[9.263332,9.945834],[9.262585,9.945833],[9.262928,9.944788],[9.263517,9.944317],[9.263233,9.943672],[9.26303,9.942532],[9.263332,9.942553],[9.263333,9.941667],[9.265832,9.941666],[9.265833,9.94],[9.264999,9.939999],[9.264998,9.939167],[9.263333,9.939166],[9.263333,9.9375],[9.264998,9.937499],[9.264998,9.935834],[9.263333,9.935833],[9.263332,9.935],[9.261666,9.934999],[9.261665,9.934167],[9.259166,9.934166]]]},"properties":{"Name":"Zari Maku Health Post","Site Location":[9.290031,9.932314],"Admin 0":["Nigeria"],"Admin 1":["Bauchi"],"Admin 2":["Toro"],"Admin 3":["Palama"],"Total population - WorldPop (2026)":1551,"Total population - WorldPop UN (2026)":1430,"Total population - Kontur (2023-10-31)":2075,"Total population - Meta (2023-04-21)":1867,"Total women - Meta (2023-04-21)":933,"Total men - Meta (2023-04-21)":933,"Children under 5 - Meta (2023-04-21)":267,"People 15 to 24 - Meta (2023-04-21)":267,"Women 15 to 49 - Meta (2023-04-21)":533,"People 60 and older - Meta (2023-04-21)":0,"OpenStreetMap Buildings (2026-02-20)":541,"Google Buildings 60+% Confidence (2023-05)":659,"Google Buildings 70+% Confidence (2023-05)":528,"Google Buildings 80+% Confidence (2023-05)":216,"Average Building Footprint (m²) (2023-05)":"32.96","Overture Buildings (2026-02-20)":871,"location_id":"db89c7ac-0524-4a99-a72e-d14f41c0364d","state":"Bauchi","lga":"Toro","lga_location_id":"nga-ba-5018","grid3_globalid":"db89c7ac-0524-4a99-a72e-d14f41c0364d","facility_level_code":"primary","nhfr_code":"05/18/1/1/1/0100","facility_level_text":"Health Post","country":"Nigeria","nhfr_uid":"36421978","status":"active","organization_id":"org-db89c7ac-0524-4a99-a72e-d14f41c0364d","ownership_text":"Local Government","ownership_code":"public"},"id":162},{"type":"Feature","geometry":{"type":"Polygon","coordinates":[[[8.832537,10.5964],[8.834389,10.592232],[8.835067,10.590703],[8.836417,10.589043],[8.836036,10.587077],[8.835574,10.584731],[8.835658,10.582741],[8.835659,10.580833],[8.837261,10.579173],[8.839203,10.575193],[8.840721,10.574529],[8.841649,10.572207],[8.842662,10.57063],[8.843083,10.568805],[8.84224,10.566566],[8.842915,10.564326],[8.843842,10.558853],[8.842797,10.556667],[8.843332,10.556666],[8.843333,10.553334],[8.845832,10.553333],[8.845832,10.5525],[8.844999,10.552499],[8.844999,10.550834],[8.846665,10.550833],[8.846666,10.549167],[8.850832,10.549166],[8.850833,10.543334],[8.854165,10.543334],[8.854166,10.544166],[8.8555,10.544167],[8.856841,10.543692],[8.857463,10.543113],[8.857368,10.542664],[8.857512,10.542078],[8.855521,10.541751],[8.854187,10.541731],[8.85329,10.542268],[8.851874,10.542521],[8.850833,10.54295],[8.850833,10.540834],[8.852498,10.540833],[8.852499,10.54],[8.854998,10.539999],[8.854999,10.536667],[8.859165,10.536666],[8.859166,10.5325],[8.860832,10.532499],[8.860833,10.531667],[8.861665,10.531667],[8.861666,10.532499],[8.863332,10.532499],[8.863332,10.530834],[8.862499,10.530833],[8.862499,10.53],[8.863333,10.529999],[8.863333,10.511667],[8.867498,10.511666],[8.867499,10.509819],[8.867812,10.510613],[8.868487,10.511061],[8.868974,10.511624],[8.868976,10.511624],[8.86999,10.50865],[8.870602,10.5075],[8.870832,10.507499],[8.870832,10.505],[8.869999,10.504999],[8.869999,10.5025],[8.870832,10.502499],[8.870833,10.500834],[8.871665,10.500833],[8.871666,10.5],[8.871732,10.5],[8.871822,10.500151],[8.871885,10.500365],[8.871938,10.50061],[8.871986,10.50072],[8.872285,10.501113],[8.872488,10.50131],[8.872756,10.50186],[8.87324,10.502078],[8.87324,10.502088],[8.87326,10.502092],[8.873261,10.502089],[8.87332,10.502115],[8.87359,10.502084],[8.874205,10.501926],[8.875049,10.501589],[8.876485,10.501746],[8.876665,10.501638],[8.876665,10.500834],[8.874999,10.500833],[8.874998,10.5],[8.874166,10.499999],[8.874166,10.499167],[8.875832,10.499166],[8.875833,10.495834],[8.879165,10.495833],[8.879166,10.495],[8.879998,10.495],[8.879999,10.499167],[8.884165,10.499166],[8.884166,10.495],[8.888332,10.495],[8.888333,10.499166],[8.890832,10.499167],[8.890832,10.499999],[8.889166,10.5],[8.889166,10.500663],[8.890256,10.501167],[8.890175,10.501498],[8.889898,10.501689],[8.889898,10.502037],[8.890461,10.502317],[8.891664,10.502528],[8.891666,10.502527],[8.891666,10.5],[8.893332,10.499999],[8.893333,10.499167],[8.894624,10.499167],[8.895384,10.499626],[8.895831,10.50011],[8.895833,10.500109],[8.895833,10.5],[8.896665,10.499999],[8.896666,10.499167],[8.900832,10.499167],[8.900833,10.501666],[8.904165,10.501666],[8.904166,10.501268],[8.904198,10.501272],[8.904998,10.501729],[8.904999,10.503333],[8.913332,10.503333],[8.913333,10.499167],[8.918332,10.499166],[8.918333,10.498334],[8.919492,10.498334],[8.919658,10.499336],[8.919052,10.50037],[8.918704,10.50182],[8.918844,10.502085],[8.919106,10.50247],[8.919037,10.502843],[8.919021,10.503039],[8.919288,10.503239],[8.919481,10.503428],[8.919792,10.503597],[8.919996,10.503771],[8.920212,10.504084],[8.920388,10.504536],[8.919402,10.504548],[8.919557,10.50478],[8.920313,10.505808],[8.920153,10.507106],[8.92027,10.507838],[8.920409,10.508333],[8.919166,10.508334],[8.919165,10.509166],[8.917499,10.509167],[8.917499,10.511666],[8.924165,10.511667],[8.924166,10.513333],[8.925832,10.513334],[8.925833,10.518333],[8.926665,10.518334],[8.926666,10.519999],[8.929998,10.52],[8.929999,10.532499],[8.934165,10.5325],[8.934166,10.536666],[8.938332,10.536667],[8.938333,10.540833],[8.942498,10.540834],[8.942499,10.541666],[8.943332,10.541667],[8.943333,10.543333],[8.944998,10.543334],[8.944998,10.544166],[8.943333,10.544167],[8.943332,10.544999],[8.942499,10.545],[8.942499,10.549166],[8.948543,10.549167],[8.94836,10.549433],[8.948373,10.549831],[8.949303,10.556616],[8.952126,10.576271],[8.95191,10.576572],[8.943332,10.589643],[8.942618,10.590729],[8.931756,10.600283],[8.900291,10.587469],[8.886031,10.584814],[8.881896,10.585146],[8.877425,10.586223],[8.873037,10.58863],[8.867046,10.590952],[8.858777,10.594849],[8.840071,10.596521],[8.832537,10.5964]]]},"properties":{"Name":"Zukku Health Post","Site Location":[8.890434,10.520512],"Admin 0":["Nigeria"],"Admin 1":["Bauchi"],"Admin 2":["Toro"],"Admin 3":["Rishi"],"Total population - WorldPop (2026)":6726,"Total population - WorldPop UN (2026)":5864,"Total population - Kontur (2023-10-31)":6871,"Total population - Meta (2023-04-21)":7067,"Total women - Meta (2023-04-21)":3533,"Total men - Meta (2023-04-21)":3533,"Children under 5 - Meta (2023-04-21)":1010,"People 15 to 24 - Meta (2023-04-21)":1010,"Women 15 to 49 - Meta (2023-04-21)":2019,"People 60 and older - Meta (2023-04-21)":0,"OpenStreetMap Buildings (2026-02-20)":28,"Google Buildings 60+% Confidence (2023-05)":4840,"Google Buildings 70+% Confidence (2023-05)":4230,"Google Buildings 80+% Confidence (2023-05)":1657,"Average Building Footprint (m²) (2023-05)":"35.46","Overture Buildings (2026-02-20)":3901,"state":"Bauchi","status":"active","organization_id":"org-f5455abc-e811-4816-ab20-4fcb4b144a33","facility_level_text":"Health Post","nhfr_uid":"78274834","lga":"Toro","grid3_globalid":"f5455abc-e811-4816-ab20-4fcb4b144a33","ownership_code":"public","lga_location_id":"nga-ba-5018","facility_level_code":"primary","ownership_text":"Local Government","country":"Nigeria","location_id":"f5455abc-e811-4816-ab20-4fcb4b144a33","nhfr_code":"05/18/1/1/1/0114"},"id":163}]}